time,temperature_2m,windspeed_10m,windgusts_10m,precipitation,cloudcover,airport
2026-06-01T00:00,14.0,6.7,16.6,0.0,21,LFPG
2026-06-01T01:00,13.2,4.7,11.9,0.0,88,LFPG
2026-06-01T02:00,12.8,4.8,9.0,0.0,93,LFPG
2026-06-01T03:00,12.4,4.7,9.4,0.0,100,LFPG
2026-06-01T04:00,12.1,4.4,9.0,0.0,96,LFPG
2026-06-01T05:00,12.9,5.8,10.1,0.0,87,LFPG
2026-06-01T06:00,14.4,5.2,12.6,0.0,89,LFPG
2026-06-01T07:00,16.1,4.8,14.8,0.0,78,LFPG
2026-06-01T08:00,17.7,3.3,15.1,0.0,85,LFPG
2026-06-01T09:00,19.1,4.1,15.5,0.0,91,LFPG
2026-06-01T10:00,20.3,6.2,19.4,0.0,65,LFPG
2026-06-01T11:00,21.6,6.8,20.9,0.0,63,LFPG
2026-06-01T12:00,22.9,8.0,21.6,0.0,98,LFPG
2026-06-01T13:00,23.7,7.1,19.8,0.0,89,LFPG
2026-06-01T14:00,24.4,8.0,20.5,0.0,76,LFPG
2026-06-01T15:00,24.6,8.5,20.5,0.0,88,LFPG
2026-06-01T16:00,24.6,9.7,21.6,0.0,97,LFPG
2026-06-01T17:00,24.0,9.9,22.3,0.0,98,LFPG
2026-06-01T18:00,24.4,8.4,22.0,0.0,98,LFPG
2026-06-01T19:00,22.8,4.2,15.8,0.0,100,LFPG
2026-06-01T20:00,21.4,4.7,7.9,0.0,100,LFPG
2026-06-01T21:00,20.6,5.6,10.4,0.0,99,LFPG
2026-06-01T22:00,19.8,7.0,13.0,0.0,98,LFPG
2026-06-01T23:00,19.4,7.9,15.5,0.0,100,LFPG
2026-06-02T00:00,19.4,6.6,14.8,0.0,100,LFPG
2026-06-02T01:00,18.9,7.1,13.3,0.0,94,LFPG
2026-06-02T02:00,18.5,7.0,13.3,0.0,93,LFPG
2026-06-02T03:00,18.0,8.6,20.5,0.2,76,LFPG
2026-06-02T04:00,17.4,12.4,22.3,0.0,86,LFPG
2026-06-02T05:00,17.3,14.4,29.5,0.0,98,LFPG
2026-06-02T06:00,18.1,12.6,31.3,0.0,95,LFPG
2026-06-02T07:00,18.0,17.0,36.0,0.1,100,LFPG
2026-06-02T08:00,17.0,19.1,38.9,0.8,100,LFPG
2026-06-02T09:00,15.9,16.6,37.8,2.2,100,LFPG
2026-06-02T10:00,16.8,16.5,33.1,0.3,100,LFPG
2026-06-02T11:00,18.5,19.9,43.9,0.2,100,LFPG
2026-06-02T12:00,16.1,20.0,45.0,0.3,97,LFPG
2026-06-02T13:00,18.9,15.1,39.6,0.3,63,LFPG
2026-06-02T14:00,16.8,22.4,46.1,2.1,84,LFPG
2026-06-02T15:00,16.2,14.9,47.9,1.0,62,LFPG
2026-06-02T16:00,16.7,18.7,42.5,0.5,57,LFPG
2026-06-02T17:00,15.5,16.0,41.0,0.8,35,LFPG
2026-06-02T18:00,15.4,7.9,33.5,0.4,80,LFPG
2026-06-02T19:00,14.2,16.5,29.9,0.5,46,LFPG
2026-06-02T20:00,13.5,11.6,29.5,0.0,55,LFPG
2026-06-02T21:00,13.2,11.9,21.6,0.2,75,LFPG
2026-06-02T22:00,13.2,13.7,24.5,0.2,65,LFPG
2026-06-02T23:00,12.7,14.8,27.4,0.2,44,LFPG
2026-06-03T00:00,13.4,16.2,28.1,0.2,27,LFPG
2026-06-03T01:00,13.1,16.9,32.8,0.0,19,LFPG
2026-06-03T02:00,12.7,15.8,32.4,0.0,20,LFPG
2026-06-03T03:00,12.4,14.7,30.6,0.0,37,LFPG
2026-06-03T04:00,12.2,14.1,28.1,0.0,85,LFPG
2026-06-03T05:00,12.7,13.2,27.0,0.0,98,LFPG
2026-06-03T06:00,13.9,13.8,26.6,0.0,62,LFPG
2026-06-03T07:00,14.9,18.2,38.5,0.1,83,LFPG
2026-06-03T08:00,15.8,18.1,38.2,0.1,98,LFPG
2026-06-03T09:00,16.2,18.3,38.9,0.0,94,LFPG
2026-06-03T10:00,17.4,17.3,42.1,0.1,99,LFPG
2026-06-03T11:00,18.1,22.8,46.8,0.1,81,LFPG
2026-06-03T12:00,18.7,21.7,50.0,0.0,100,LFPG
2026-06-03T13:00,18.5,24.0,52.6,0.0,100,LFPG
2026-06-03T14:00,18.1,22.0,49.3,0.0,99,LFPG
2026-06-03T15:00,19.0,25.2,54.4,0.1,100,LFPG
2026-06-03T16:00,18.6,22.2,53.3,0.2,100,LFPG
2026-06-03T17:00,18.4,24.3,49.3,0.1,100,LFPG
2026-06-03T18:00,18.2,25.3,53.6,0.0,100,LFPG
2026-06-03T19:00,17.6,25.2,50.0,0.4,100,LFPG
2026-06-03T20:00,17.4,25.4,50.8,0.2,100,LFPG
2026-06-03T21:00,16.9,23.4,52.6,0.2,92,LFPG
2026-06-03T22:00,16.4,22.3,45.4,0.1,90,LFPG
2026-06-03T23:00,16.1,22.1,43.2,0.0,84,LFPG
2026-06-04T00:00,15.1,19.1,43.2,0.0,100,LFPG
2026-06-04T01:00,14.7,18.1,36.4,0.0,100,LFPG
2026-06-04T02:00,14.6,18.9,37.1,0.0,100,LFPG
2026-06-04T03:00,14.4,17.3,36.7,0.0,100,LFPG
2026-06-04T04:00,14.2,20.2,39.6,0.2,100,LFPG
2026-06-04T05:00,14.5,20.7,40.0,0.2,100,LFPG
2026-06-04T06:00,15.0,19.8,40.7,0.1,100,LFPG
2026-06-04T07:00,14.9,20.6,45.0,0.8,100,LFPG
2026-06-04T08:00,14.9,20.8,45.4,0.6,100,LFPG
2026-06-04T09:00,14.6,20.9,41.8,0.7,100,LFPG
2026-06-04T10:00,16.3,21.1,50.4,0.2,95,LFPG
2026-06-04T11:00,17.6,26.1,57.6,0.2,100,LFPG
2026-06-04T12:00,15.5,13.2,55.4,0.7,15,LFPG
2026-06-04T13:00,18.5,22.4,53.6,0.2,84,LFPG
2026-06-04T14:00,16.3,24.4,53.6,1.0,43,LFPG
2026-06-04T15:00,17.5,17.5,50.8,0.7,84,LFPG
2026-06-04T16:00,16.3,12.6,46.8,0.9,29,LFPG
2026-06-04T17:00,15.6,15.5,40.0,1.2,3,LFPG
2026-06-04T18:00,16.4,16.4,31.3,0.1,56,LFPG
2026-06-04T19:00,15.1,14.8,34.9,0.1,22,LFPG
2026-06-04T20:00,14.1,13.3,28.4,0.0,99,LFPG
2026-06-04T21:00,14.4,15.9,31.7,0.0,100,LFPG
2026-06-04T22:00,14.0,15.6,30.6,0.0,36,LFPG
2026-06-04T23:00,13.2,14.7,30.2,0.0,9,LFPG
2026-06-05T00:00,12.7,15.0,28.1,0.0,9,LFPG
2026-06-05T01:00,12.0,15.1,30.6,0.0,14,LFPG
2026-06-05T02:00,11.4,13.7,29.5,0.0,28,LFPG
2026-06-05T03:00,11.3,13.8,27.0,0.0,53,LFPG
2026-06-05T04:00,11.3,12.6,26.6,0.0,27,LFPG
2026-06-05T05:00,11.5,12.2,25.2,0.0,100,LFPG
2026-06-05T06:00,12.3,11.4,25.2,0.0,82,LFPG
2026-06-05T07:00,13.0,13.7,29.5,0.0,80,LFPG
2026-06-05T08:00,13.9,13.3,30.2,0.0,100,LFPG
2026-06-05T09:00,14.4,11.9,29.5,0.0,42,LFPG
2026-06-05T10:00,15.8,12.6,29.9,0.1,49,LFPG
2026-06-05T11:00,16.4,12.7,30.2,0.0,73,LFPG
2026-06-05T12:00,16.7,13.9,30.6,0.0,81,LFPG
2026-06-05T13:00,16.3,11.6,30.2,0.1,72,LFPG
2026-06-05T14:00,16.8,13.3,29.5,0.1,61,LFPG
2026-06-05T15:00,17.2,13.4,31.3,0.1,65,LFPG
2026-06-05T16:00,17.5,10.3,29.9,0.0,77,LFPG
2026-06-05T17:00,17.7,9.6,23.0,0.0,52,LFPG
2026-06-05T18:00,17.2,8.2,21.6,0.0,91,LFPG
2026-06-05T19:00,16.2,8.5,15.8,0.0,52,LFPG
2026-06-05T20:00,14.7,6.0,15.8,0.0,99,LFPG
2026-06-05T21:00,13.6,6.0,10.8,0.0,94,LFPG
2026-06-05T22:00,13.1,6.7,11.9,0.0,99,LFPG
2026-06-05T23:00,12.9,7.9,14.4,0.0,99,LFPG
2026-06-06T00:00,12.6,8.6,15.1,0.0,100,LFPG
2026-06-06T01:00,12.6,9.7,16.9,0.3,98,LFPG
2026-06-06T02:00,12.1,11.0,19.4,0.3,70,LFPG
2026-06-06T03:00,12.1,10.5,19.8,0.0,54,LFPG
2026-06-06T04:00,11.7,11.8,20.9,0.0,56,LFPG
2026-06-06T05:00,12.3,12.9,23.4,0.0,100,LFPG
2026-06-06T06:00,13.9,14.6,28.4,0.0,100,LFPG
2026-06-06T07:00,14.7,15.3,31.0,0.0,100,LFPG
2026-06-06T08:00,15.3,16.0,32.4,0.0,73,LFPG
2026-06-06T09:00,17.0,18.3,37.8,0.0,79,LFPG
2026-06-06T10:00,17.7,20.3,42.5,0.1,61,LFPG
2026-06-06T11:00,18.2,20.0,44.3,0.1,100,LFPG
2026-06-06T12:00,16.6,19.9,44.6,0.1,100,LFPG
2026-06-06T13:00,18.1,21.8,54.7,0.2,40,LFPG
2026-06-06T14:00,19.1,21.1,54.7,0.1,41,LFPG
2026-06-06T15:00,19.5,23.5,48.6,0.1,21,LFPG
2026-06-06T16:00,19.5,23.7,51.8,0.0,19,LFPG
2026-06-06T17:00,19.1,21.7,52.9,0.0,73,LFPG
2026-06-06T18:00,18.3,19.2,43.6,0.0,87,LFPG
2026-06-06T19:00,17.8,17.7,37.4,0.0,100,LFPG
2026-06-06T20:00,17.4,15.4,34.2,0.0,63,LFPG
2026-06-06T21:00,16.4,17.1,33.1,0.0,30,LFPG
2026-06-06T22:00,15.5,15.9,33.5,0.0,24,LFPG
2026-06-06T23:00,14.5,12.5,31.0,0.0,59,LFPG
2026-06-07T00:00,13.9,13.5,24.1,0.0,55,LFPG
2026-06-07T01:00,13.2,11.9,26.3,0.0,47,LFPG
2026-06-07T02:00,12.3,11.0,23.0,0.0,32,LFPG
2026-06-07T03:00,11.5,9.4,20.9,0.0,9,LFPG
2026-06-07T04:00,10.8,7.6,17.6,0.0,0,LFPG
2026-06-07T05:00,11.3,8.2,15.1,0.0,13,LFPG
2026-06-07T06:00,13.0,8.5,19.4,0.0,18,LFPG
2026-06-07T07:00,14.0,11.1,25.2,0.0,23,LFPG
2026-06-07T08:00,15.0,11.4,27.4,0.0,55,LFPG
2026-06-07T09:00,15.5,11.0,27.4,0.0,78,LFPG
2026-06-07T10:00,16.3,10.1,25.9,0.0,98,LFPG
2026-06-07T11:00,17.8,8.1,25.2,0.0,92,LFPG
2026-06-07T12:00,19.1,5.2,22.3,0.0,23,LFPG
2026-06-07T13:00,20.4,5.0,17.6,0.0,49,LFPG
2026-06-07T14:00,21.5,5.7,17.6,0.0,66,LFPG
2026-06-07T15:00,21.5,5.2,18.0,0.0,97,LFPG
2026-06-07T16:00,21.3,3.8,15.8,0.0,97,LFPG
2026-06-07T17:00,21.2,1.9,12.6,0.0,78,LFPG
2026-06-07T18:00,20.6,7.7,7.2,0.0,98,LFPG
2026-06-07T19:00,19.1,9.7,18.0,0.0,100,LFPG
2026-06-07T20:00,17.9,8.7,18.7,0.0,100,LFPG
2026-06-07T21:00,16.9,4.8,15.8,0.0,100,LFPG
2026-06-07T22:00,16.3,6.1,10.4,0.0,100,LFPG
2026-06-07T23:00,15.9,6.9,12.6,0.0,97,LFPG
2026-06-08T00:00,14.9,5.7,12.6,0.0,94,LFPG
2026-06-08T01:00,14.6,6.8,12.2,0.0,94,LFPG
2026-06-08T02:00,14.0,7.0,13.3,0.0,74,LFPG
2026-06-08T03:00,13.6,6.3,12.6,0.0,98,LFPG
2026-06-08T04:00,13.7,6.9,12.2,0.0,100,LFPG
2026-06-08T05:00,14.2,6.9,13.7,0.0,100,LFPG
2026-06-08T06:00,14.6,8.2,13.0,0.0,100,LFPG
2026-06-08T07:00,15.8,5.2,14.8,0.0,100,LFPG
2026-06-08T08:00,17.0,6.4,14.8,0.0,100,LFPG
2026-06-08T09:00,17.9,7.2,16.6,0.0,100,LFPG
2026-06-08T10:00,19.6,8.9,21.2,0.0,100,LFPG
2026-06-08T11:00,21.0,11.6,26.6,0.0,99,LFPG
2026-06-08T12:00,21.0,14.3,38.9,0.1,63,LFPG
2026-06-08T13:00,21.8,16.7,37.4,0.0,56,LFPG
2026-06-08T14:00,21.2,19.3,41.8,0.0,52,LFPG
2026-06-08T15:00,21.2,20.4,43.9,0.2,22,LFPG
2026-06-08T16:00,20.6,21.4,44.3,0.1,80,LFPG
2026-06-08T17:00,16.6,19.8,47.5,0.3,97,LFPG
2026-06-08T18:00,15.7,13.4,39.6,0.0,100,LFPG
2026-06-08T19:00,13.8,10.7,29.2,0.8,100,LFPG
2026-06-08T20:00,13.4,7.7,20.2,1.5,100,LFPG
2026-06-08T21:00,13.2,10.5,18.7,0.1,100,LFPG
2026-06-08T22:00,13.0,11.0,19.8,0.0,98,LFPG
2026-06-08T23:00,12.3,10.8,20.2,0.0,100,LFPG
2026-06-09T00:00,12.0,11.2,20.5,0.0,97,LFPG
2026-06-09T01:00,11.5,11.4,21.2,0.0,78,LFPG
2026-06-09T02:00,10.8,13.1,24.5,0.0,61,LFPG
2026-06-09T03:00,10.2,13.0,24.8,0.0,55,LFPG
2026-06-09T04:00,9.7,12.6,24.5,0.0,31,LFPG
2026-06-09T05:00,9.8,12.5,24.1,0.0,1,LFPG
2026-06-09T06:00,11.3,11.4,24.5,0.0,5,LFPG
2026-06-09T07:00,12.4,13.9,30.2,0.0,12,LFPG
2026-06-09T08:00,13.6,14.6,32.8,0.0,16,LFPG
2026-06-09T09:00,14.9,15.9,35.6,0.1,34,LFPG
2026-06-09T10:00,15.8,16.4,37.1,0.1,44,LFPG
2026-06-09T11:00,16.5,17.3,38.5,0.1,47,LFPG
2026-06-09T12:00,17.1,16.5,39.6,0.1,41,LFPG
2026-06-09T13:00,17.5,18.1,40.0,0.1,78,LFPG
2026-06-09T14:00,17.9,18.4,40.7,0.2,21,LFPG
2026-06-09T15:00,18.2,18.3,42.8,0.1,80,LFPG
2026-06-09T16:00,17.9,18.6,40.0,0.1,71,LFPG
2026-06-09T17:00,17.6,17.5,39.6,0.0,56,LFPG
2026-06-09T18:00,16.1,13.1,36.7,0.0,41,LFPG
2026-06-09T19:00,14.9,8.4,25.9,0.0,94,LFPG
2026-06-09T20:00,13.8,5.4,15.8,0.0,98,LFPG
2026-06-09T21:00,13.6,6.2,11.5,0.0,100,LFPG
2026-06-09T22:00,13.3,5.6,11.5,0.0,100,LFPG
2026-06-09T23:00,12.9,6.0,10.4,0.0,100,LFPG
2026-06-10T00:00,12.1,10.1,18.4,0.4,99,LFPG
2026-06-10T01:00,11.1,8.5,25.2,0.9,100,LFPG
2026-06-10T02:00,11.6,2.4,14.0,0.2,89,LFPG
2026-06-10T03:00,11.0,2.5,4.3,0.0,100,LFPG
2026-06-10T04:00,10.8,4.1,7.9,0.4,100,LFPG
2026-06-10T05:00,11.3,5.7,10.4,0.0,100,LFPG
2026-06-10T06:00,12.1,9.8,15.1,0.0,75,LFPG
2026-06-10T07:00,12.8,11.2,24.1,0.0,73,LFPG
2026-06-10T08:00,13.9,10.8,25.6,0.1,21,LFPG
2026-06-10T09:00,15.0,12.1,28.4,0.0,20,LFPG
2026-06-10T10:00,15.7,14.4,32.8,0.0,43,LFPG
2026-06-10T11:00,16.1,14.6,33.5,0.1,50,LFPG
2026-06-10T12:00,15.2,16.0,34.6,0.2,78,LFPG
2026-06-10T13:00,16.7,11.7,34.9,0.2,90,LFPG
2026-06-10T14:00,15.1,16.3,36.7,0.4,93,LFPG
2026-06-10T15:00,16.2,13.5,35.3,0.1,79,LFPG
2026-06-10T16:00,17.2,14.3,34.6,0.0,83,LFPG
2026-06-10T17:00,14.5,11.6,36.7,0.7,80,LFPG
2026-06-10T18:00,14.6,10.8,24.5,0.0,51,LFPG
2026-06-10T19:00,13.6,10.5,30.2,0.1,82,LFPG
2026-06-10T20:00,12.9,9.7,18.4,0.0,38,LFPG
2026-06-10T21:00,12.2,9.5,17.6,0.0,35,LFPG
2026-06-10T22:00,11.4,9.5,18.0,0.0,22,LFPG
2026-06-10T23:00,10.8,9.7,18.0,0.0,19,LFPG
2026-06-11T00:00,10.5,11.9,19.1,0.0,11,LFPG
2026-06-11T01:00,10.1,11.2,22.3,0.0,9,LFPG
2026-06-11T02:00,9.6,10.4,20.9,0.0,3,LFPG
2026-06-11T03:00,9.2,10.7,19.8,0.0,86,LFPG
2026-06-11T04:00,9.0,10.1,19.8,0.0,56,LFPG
2026-06-11T05:00,9.6,10.7,20.2,0.0,86,LFPG
2026-06-11T06:00,11.1,8.8,21.2,0.0,34,LFPG
2026-06-11T07:00,12.7,10.5,24.1,0.0,92,LFPG
2026-06-11T08:00,14.1,11.5,27.7,0.1,73,LFPG
2026-06-11T09:00,15.2,13.3,31.0,0.0,95,LFPG
2026-06-11T10:00,15.8,14.4,32.4,0.0,98,LFPG
2026-06-11T11:00,16.6,15.9,35.3,0.0,98,LFPG
2026-06-11T12:00,17.8,16.2,37.4,0.0,100,LFPG
2026-06-11T13:00,17.6,16.2,34.9,0.0,100,LFPG
2026-06-11T14:00,16.8,16.3,34.9,0.0,100,LFPG
2026-06-11T15:00,16.2,19.0,39.2,0.0,100,LFPG
2026-06-11T16:00,16.4,18.6,41.0,0.0,100,LFPG
2026-06-11T17:00,16.3,18.4,41.4,0.0,100,LFPG
2026-06-11T18:00,16.3,14.4,37.1,0.0,100,LFPG
2026-06-11T19:00,16.1,13.9,28.4,0.0,100,LFPG
2026-06-11T20:00,16.2,15.3,29.5,0.0,100,LFPG
2026-06-11T21:00,16.4,15.7,30.6,0.0,99,LFPG
2026-06-11T22:00,16.5,17.4,33.1,0.0,100,LFPG
2026-06-11T23:00,16.6,18.6,36.4,0.0,98,LFPG
2026-06-12T00:00,16.3,18.6,36.7,0.0,100,LFPG
2026-06-12T01:00,16.0,17.1,36.7,0.0,100,LFPG
2026-06-12T02:00,15.9,16.4,33.5,0.0,100,LFPG
2026-06-12T03:00,15.8,16.7,32.8,0.0,100,LFPG
2026-06-12T04:00,15.7,16.4,32.8,0.0,100,LFPG
2026-06-12T05:00,15.6,16.0,32.4,0.1,100,LFPG
2026-06-12T06:00,16.2,16.8,31.3,0.0,100,LFPG
2026-06-12T07:00,16.4,17.3,36.0,0.0,100,LFPG
2026-06-12T08:00,17.4,21.5,45.7,0.0,100,LFPG
2026-06-12T09:00,17.8,20.7,43.9,0.0,100,LFPG
2026-06-12T10:00,18.2,20.4,42.8,0.1,100,LFPG
2026-06-12T11:00,18.7,20.0,42.1,0.1,100,LFPG
2026-06-12T12:00,19.9,17.7,41.4,0.1,99,LFPG
2026-06-12T13:00,21.1,19.3,41.0,0.1,100,LFPG
2026-06-12T14:00,22.0,19.1,40.0,0.0,38,LFPG
2026-06-12T15:00,22.9,19.3,43.2,0.0,100,LFPG
2026-06-12T16:00,23.3,18.9,40.3,0.0,80,LFPG
2026-06-12T17:00,23.5,18.4,40.0,0.0,24,LFPG
2026-06-12T18:00,23.3,13.7,36.7,0.0,23,LFPG
2026-06-12T19:00,22.0,12.0,26.3,0.0,61,LFPG
2026-06-12T20:00,20.0,11.4,23.4,0.0,77,LFPG
2026-06-12T21:00,18.6,10.1,21.6,0.0,21,LFPG
2026-06-12T22:00,17.9,12.7,23.8,0.0,3,LFPG
2026-06-12T23:00,16.9,14.9,28.8,0.0,4,LFPG
2026-06-13T00:00,16.1,14.0,31.7,0.0,100,LFPG
2026-06-13T01:00,16.3,13.5,27.4,0.0,100,LFPG
2026-06-13T02:00,16.3,13.6,28.1,0.0,100,LFPG
2026-06-13T03:00,16.0,13.2,27.4,0.0,100,LFPG
2026-06-13T04:00,15.5,13.3,27.0,0.0,100,LFPG
2026-06-13T05:00,14.9,13.9,29.9,0.0,100,LFPG
2026-06-13T06:00,15.5,13.0,28.8,0.0,98,LFPG
2026-06-13T07:00,16.6,12.0,27.7,0.0,35,LFPG
2026-06-13T08:00,17.9,10.1,27.0,0.0,5,LFPG
2026-06-13T09:00,19.4,10.1,25.9,0.0,8,LFPG
2026-06-13T10:00,20.9,10.9,28.1,0.0,9,LFPG
2026-06-13T11:00,22.4,12.3,30.2,0.0,6,LFPG
2026-06-13T12:00,24.2,13.2,32.8,0.0,11,LFPG
2026-06-13T13:00,25.3,14.5,33.8,0.0,18,LFPG
2026-06-13T14:00,25.6,15.6,36.0,0.0,8,LFPG
2026-06-13T15:00,25.5,16.7,37.4,0.0,9,LFPG
2026-06-13T16:00,24.9,16.8,37.4,0.0,14,LFPG
2026-06-13T17:00,24.1,16.5,36.7,0.0,13,LFPG
2026-06-13T18:00,23.5,16.3,34.9,0.0,5,LFPG
2026-06-13T19:00,21.7,13.2,32.4,0.0,0,LFPG
2026-06-13T20:00,19.9,12.6,26.3,0.0,0,LFPG
2026-06-13T21:00,18.5,11.4,24.1,0.0,1,LFPG
2026-06-13T22:00,17.2,9.0,21.6,0.0,19,LFPG
2026-06-13T23:00,15.8,7.7,17.3,0.0,14,LFPG
2026-06-14T00:00,14.4,8.5,14.8,0.0,0,LFPG
2026-06-14T01:00,13.3,6.8,15.5,0.0,0,LFPG
2026-06-14T02:00,12.5,6.4,13.0,0.0,0,LFPG
2026-06-14T03:00,11.9,6.4,12.2,0.0,2,LFPG
2026-06-14T04:00,11.5,6.8,13.0,0.0,0,LFPG
2026-06-14T05:00,12.3,7.5,14.4,0.0,0,LFPG
2026-06-14T06:00,14.0,6.9,15.5,0.0,1,LFPG
2026-06-14T07:00,15.6,7.7,19.8,0.0,1,LFPG
2026-06-14T08:00,17.1,6.8,20.5,0.0,7,LFPG
2026-06-14T09:00,18.4,5.6,19.8,0.0,4,LFPG
2026-06-14T10:00,19.8,5.6,19.4,0.0,0,LFPG
2026-06-14T11:00,21.1,6.4,20.9,0.0,0,LFPG
2026-06-14T12:00,22.2,6.8,22.0,0.0,34,LFPG
2026-06-14T13:00,23.0,6.0,20.9,0.0,38,LFPG
2026-06-14T14:00,23.7,7.1,21.2,0.0,63,LFPG
2026-06-14T15:00,23.9,8.6,22.7,0.0,80,LFPG
2026-06-14T16:00,23.8,9.5,23.4,0.0,94,LFPG
2026-06-14T17:00,23.3,10.5,24.1,0.0,95,LFPG
2026-06-14T18:00,22.7,8.8,24.1,0.0,66,LFPG
2026-06-14T19:00,21.4,6.7,18.7,0.0,86,LFPG
2026-06-14T20:00,19.3,6.2,14.0,0.0,27,LFPG
2026-06-14T21:00,17.7,8.5,15.5,0.0,10,LFPG
2026-06-14T22:00,16.4,9.0,18.0,0.0,2,LFPG
2026-06-14T23:00,15.4,9.4,17.3,0.0,9,LFPG
2026-06-15T00:00,13.9,10.6,19.1,0.0,22,LFPG
2026-06-15T01:00,13.3,9.4,19.4,0.0,30,LFPG
2026-06-15T02:00,12.8,8.7,18.4,0.0,100,LFPG
2026-06-15T03:00,13.2,8.0,16.2,0.0,60,LFPG
2026-06-15T04:00,12.7,8.3,15.5,0.0,56,LFPG
2026-06-15T05:00,13.1,7.6,15.8,0.0,58,LFPG
2026-06-15T06:00,14.5,6.8,15.8,0.0,20,LFPG
2026-06-15T07:00,16.5,7.6,19.4,0.0,52,LFPG
2026-06-15T08:00,18.2,8.7,22.7,0.0,64,LFPG
2026-06-15T09:00,19.6,8.2,23.0,0.0,34,LFPG
2026-06-15T10:00,21.0,8.9,24.5,0.0,95,LFPG
2026-06-15T11:00,22.0,8.9,25.2,0.0,71,LFPG
2026-06-15T12:00,23.1,7.8,26.3,0.0,53,LFPG
2026-06-15T13:00,24.5,8.8,23.8,0.0,53,LFPG
2026-06-15T14:00,25.5,9.3,25.2,0.0,48,LFPG
2026-06-15T15:00,25.8,10.6,24.8,0.0,73,LFPG
2026-06-15T16:00,26.2,12.2,27.0,0.0,74,LFPG
2026-06-15T17:00,26.1,13.3,29.5,0.0,98,LFPG
2026-06-15T18:00,25.8,12.7,28.8,0.0,96,LFPG
2026-06-15T19:00,24.1,14.4,28.1,0.1,98,LFPG
2026-06-15T20:00,23.1,11.2,28.8,0.0,100,LFPG
2026-06-15T21:00,21.3,7.1,23.8,0.3,98,LFPG
2026-06-15T22:00,19.3,9.9,18.7,3.0,99,LFPG
2026-06-15T23:00,18.7,8.7,26.3,0.8,100,LFPG
2026-06-16T00:00,22.8,15.5,18.7,0.3,100,LFPG
2026-06-16T01:00,21.6,14.5,31.3,0.0,100,LFPG
2026-06-16T02:00,20.2,7.9,26.3,0.0,100,LFPG
2026-06-16T03:00,19.7,6.9,14.4,0.0,100,LFPG
2026-06-16T04:00,18.9,7.7,13.0,0.0,100,LFPG
2026-06-16T05:00,19.5,5.3,15.8,0.0,91,LFPG
2026-06-16T06:00,20.8,6.0,10.4,0.5,97,LFPG
2026-06-16T07:00,21.1,4.2,11.5,0.0,83,LFPG
2026-06-16T08:00,22.9,5.7,14.0,0.0,84,LFPG
2026-06-16T09:00,23.8,11.9,28.1,0.0,90,LFPG
2026-06-16T10:00,24.4,10.8,28.4,0.0,85,LFPG
2026-06-16T11:00,25.3,13.5,32.4,0.0,77,LFPG
2026-06-16T12:00,25.5,14.0,33.8,0.0,66,LFPG
2026-06-16T13:00,25.0,14.1,33.5,0.0,73,LFPG
2026-06-16T14:00,24.6,12.3,32.4,0.0,65,LFPG
2026-06-16T15:00,24.9,12.7,29.5,0.0,29,LFPG
2026-06-16T16:00,24.8,12.1,29.2,0.0,3,LFPG
2026-06-16T17:00,24.6,11.5,27.7,0.0,0,LFPG
2026-06-16T18:00,24.4,10.3,25.2,0.0,7,LFPG
2026-06-16T19:00,23.1,6.6,19.4,0.0,14,LFPG
2026-06-16T20:00,21.2,7.8,13.7,0.0,0,LFPG
2026-06-16T21:00,19.7,9.2,17.3,0.0,0,LFPG
2026-06-16T22:00,18.3,7.5,17.3,0.0,0,LFPG
2026-06-16T23:00,17.2,5.0,14.0,0.0,4,LFPG
2026-06-17T00:00,16.3,4.0,9.7,0.0,13,LFPG
2026-06-17T01:00,15.7,2.1,6.1,0.0,6,LFPG
2026-06-17T02:00,15.1,3.5,6.1,0.0,23,LFPG
2026-06-17T03:00,14.7,4.1,6.8,0.0,55,LFPG
2026-06-17T04:00,14.5,4.1,6.8,0.0,68,LFPG
2026-06-17T05:00,15.7,5.6,10.1,0.0,63,LFPG
2026-06-17T06:00,17.6,3.9,10.8,0.0,59,LFPG
2026-06-17T07:00,20.2,4.6,15.1,0.1,23,LFPG
2026-06-17T08:00,22.3,4.4,15.1,0.0,13,LFPG
2026-06-17T09:00,24.0,2.6,14.4,0.0,13,LFPG
2026-06-17T10:00,25.3,2.5,13.3,0.0,3,LFPG
2026-06-17T11:00,26.6,2.6,14.0,0.0,3,LFPG
2026-06-17T12:00,27.5,3.5,16.2,0.0,41,LFPG
2026-06-17T13:00,28.7,3.9,15.1,0.0,30,LFPG
2026-06-17T14:00,29.3,3.6,15.5,0.0,5,LFPG
2026-06-17T15:00,30.5,2.4,13.7,0.0,32,LFPG
2026-06-17T16:00,30.4,4.0,13.3,0.1,36,LFPG
2026-06-17T17:00,30.1,2.1,12.2,0.0,22,LFPG
2026-06-17T18:00,29.5,5.4,13.3,0.0,21,LFPG
2026-06-17T19:00,27.2,4.6,12.2,0.0,31,LFPG
2026-06-17T20:00,24.9,7.6,13.3,0.0,67,LFPG
2026-06-17T21:00,23.5,4.6,15.5,0.0,37,LFPG
2026-06-17T22:00,22.2,11.2,18.7,0.0,43,LFPG
2026-06-17T23:00,20.4,13.6,29.2,0.0,18,LFPG
2026-06-18T00:00,18.6,11.5,25.2,0.0,7,LFPG
2026-06-18T01:00,17.7,9.9,21.6,0.0,6,LFPG
2026-06-18T02:00,17.3,8.1,18.4,0.0,1,LFPG
2026-06-18T03:00,16.8,7.2,14.8,0.0,0,LFPG
2026-06-18T04:00,16.2,7.6,14.0,0.0,0,LFPG
2026-06-18T05:00,16.9,7.6,14.4,0.0,6,LFPG
2026-06-18T06:00,18.9,4.5,13.7,0.0,0,LFPG
2026-06-18T07:00,21.6,2.9,12.2,0.0,0,LFPG
2026-06-18T08:00,24.3,2.2,11.9,0.0,0,LFPG
2026-06-18T09:00,27.1,2.9,13.0,0.0,0,LFPG
2026-06-18T10:00,29.3,4.3,15.5,0.0,0,LFPG
2026-06-18T11:00,31.3,6.1,18.0,0.0,1,LFPG
2026-06-18T12:00,32.9,7.1,22.3,0.0,16,LFPG
2026-06-18T13:00,33.7,8.8,23.0,0.0,38,LFPG
2026-06-18T14:00,33.9,10.6,25.2,0.0,64,LFPG
2026-06-18T15:00,34.1,10.9,26.6,0.0,73,LFPG
2026-06-18T16:00,34.4,10.6,27.0,0.1,100,LFPG
2026-06-18T17:00,22.4,12.6,47.5,8.4,100,LFPG
2026-06-18T18:00,23.7,11.1,21.6,0.1,74,LFPG
2026-06-18T19:00,23.5,11.0,22.3,0.0,98,LFPG
2026-06-18T20:00,23.3,11.0,19.8,0.0,100,LFPG
2026-06-18T21:00,23.2,11.9,25.2,0.0,78,LFPG
2026-06-18T22:00,22.2,8.1,20.9,0.0,48,LFPG
2026-06-18T23:00,21.5,6.5,14.0,0.0,2,LFPG
2026-06-19T00:00,19.9,11.5,11.5,0.0,9,LFPG
2026-06-19T01:00,20.2,11.2,20.2,0.0,34,LFPG
2026-06-19T02:00,20.1,10.2,20.2,0.0,7,LFPG
2026-06-19T03:00,19.8,9.4,18.0,0.0,18,LFPG
2026-06-19T04:00,19.6,8.5,16.6,0.0,74,LFPG
2026-06-19T05:00,20.2,10.5,18.4,0.0,9,LFPG
2026-06-19T06:00,22.3,11.8,18.7,0.0,39,LFPG
2026-06-19T07:00,24.3,10.1,22.0,0.0,2,LFPG
2026-06-19T08:00,26.7,9.8,23.4,0.0,1,LFPG
2026-06-19T09:00,28.6,9.0,23.4,0.0,14,LFPG
2026-06-19T10:00,30.4,8.4,22.3,0.0,4,LFPG
2026-06-19T11:00,31.9,9.2,23.0,0.0,1,LFPG
2026-06-19T12:00,27.9,13.8,27.4,0.0,100,LFPG
2026-06-19T13:00,30.9,6.9,24.8,0.0,13,LFPG
2026-06-19T14:00,31.0,6.2,28.1,0.5,96,LFPG
2026-06-19T15:00,31.1,5.8,16.2,0.0,67,LFPG
2026-06-19T16:00,31.8,5.2,16.9,0.0,2,LFPG
2026-06-19T17:00,32.2,2.5,13.0,0.0,59,LFPG
2026-06-19T18:00,30.1,26.5,9.4,0.0,48,LFPG
2026-06-19T19:00,26.0,11.1,54.0,0.0,13,LFPG
2026-06-19T20:00,24.2,8.1,22.7,0.0,9,LFPG
2026-06-19T21:00,23.3,7.6,15.1,0.0,34,LFPG
2026-06-19T22:00,21.9,10.4,21.2,0.0,95,LFPG
2026-06-19T23:00,21.1,5.0,19.1,0.0,92,LFPG
2026-06-20T00:00,20.6,12.3,15.5,0.0,98,LFPG
2026-06-20T01:00,19.3,12.2,22.0,1.1,90,LFPG
2026-06-20T02:00,17.9,9.9,34.9,0.2,8,LFPG
2026-06-20T03:00,17.8,2.1,17.3,0.0,0,LFPG
2026-06-20T04:00,17.1,7.8,15.5,0.0,0,LFPG
2026-06-20T05:00,17.5,7.2,13.7,0.0,0,LFPG
2026-06-20T06:00,18.8,5.0,13.3,0.0,0,LFPG
2026-06-20T07:00,20.7,2.3,13.0,0.0,0,LFPG
2026-06-20T08:00,23.2,5.0,16.2,0.0,0,LFPG
2026-06-20T09:00,25.8,4.8,19.1,0.0,0,LFPG
2026-06-20T10:00,28.0,3.9,16.9,0.0,0,LFPG
2026-06-20T11:00,29.9,2.8,16.2,0.0,0,LFPG
2026-06-20T12:00,30.2,4.9,14.4,0.0,33,LFPG
2026-06-20T13:00,30.0,11.6,29.2,0.4,93,LFPG
2026-06-20T14:00,28.9,11.2,29.5,0.2,95,LFPG
2026-06-20T15:00,29.6,2.5,24.1,0.0,90,LFPG
2026-06-20T16:00,29.6,3.4,15.5,0.0,84,LFPG
2026-06-20T17:00,27.0,7.4,27.0,0.0,77,LFPG
2026-06-20T18:00,27.6,10.8,16.6,0.0,100,LFPG
2026-06-20T19:00,26.6,5.7,20.5,0.2,58,LFPG
2026-06-20T20:00,24.4,3.1,12.2,0.0,5,LFPG
2026-06-20T21:00,23.3,4.4,9.0,0.0,3,LFPG
2026-06-20T22:00,22.3,5.4,11.5,0.0,9,LFPG
2026-06-20T23:00,21.4,5.4,9.7,0.0,10,LFPG
2026-06-21T00:00,21.1,2.6,13.7,0.0,77,LFPG
2026-06-21T01:00,20.8,2.7,21.2,1.8,90,LFPG
2026-06-21T02:00,20.0,6.3,24.5,0.0,20,LFPG
2026-06-21T03:00,19.5,7.0,11.5,0.0,6,LFPG
2026-06-21T04:00,19.0,8.6,14.8,0.0,0,LFPG
2026-06-21T05:00,19.5,9.0,18.0,0.0,2,LFPG
2026-06-21T06:00,20.9,1.8,15.1,0.0,7,LFPG
2026-06-21T07:00,22.9,5.2,15.1,0.0,0,LFPG
2026-06-21T08:00,24.9,5.8,17.3,0.0,0,LFPG
2026-06-21T09:00,26.8,4.6,18.0,0.0,0,LFPG
2026-06-21T10:00,28.6,3.7,16.2,0.0,0,LFPG
2026-06-21T11:00,30.2,3.5,15.5,0.0,0,LFPG
2026-06-21T12:00,32.0,3.1,15.1,0.0,48,LFPG
2026-06-21T13:00,32.6,5.9,18.0,0.0,26,LFPG
2026-06-21T14:00,32.9,6.3,18.4,0.0,75,LFPG
2026-06-21T15:00,33.0,8.5,20.2,0.0,57,LFPG
2026-06-21T16:00,32.6,10.5,23.0,0.0,21,LFPG
2026-06-21T17:00,31.9,9.0,23.0,0.0,66,LFPG
2026-06-21T18:00,31.0,9.0,18.7,0.0,59,LFPG
2026-06-21T19:00,29.5,8.3,16.6,0.0,55,LFPG
2026-06-21T20:00,27.7,14.7,27.0,0.0,7,LFPG
2026-06-21T21:00,26.2,14.9,28.4,0.0,1,LFPG
2026-06-21T22:00,25.3,13.9,27.7,0.0,16,LFPG
2026-06-21T23:00,24.8,13.1,25.6,0.0,3,LFPG
2026-06-22T00:00,23.9,10.0,24.1,0.0,5,LFPG
2026-06-22T01:00,23.4,11.1,20.2,0.0,6,LFPG
2026-06-22T02:00,22.7,10.2,20.2,0.0,5,LFPG
2026-06-22T03:00,22.2,8.9,18.7,0.0,1,LFPG
2026-06-22T04:00,21.6,7.1,16.2,0.0,0,LFPG
2026-06-22T05:00,22.2,9.2,16.6,0.0,0,LFPG
2026-06-22T06:00,24.1,8.5,18.0,0.0,0,LFPG
2026-06-22T07:00,26.1,8.0,19.1,0.0,1,LFPG
2026-06-22T08:00,28.1,7.8,20.2,0.0,0,LFPG
2026-06-22T09:00,29.9,8.0,20.9,0.0,0,LFPG
2026-06-22T10:00,31.5,9.0,23.0,0.0,2,LFPG
2026-06-22T11:00,32.5,9.3,23.4,0.0,0,LFPG
2026-06-22T12:00,33.5,8.7,23.8,0.0,16,LFPG
2026-06-22T13:00,32.0,12.8,27.7,0.0,98,LFPG
2026-06-22T14:00,30.2,11.0,37.1,0.1,74,LFPG
2026-06-22T15:00,31.6,9.7,24.1,0.0,66,LFPG
2026-06-22T16:00,31.9,10.6,24.5,0.0,57,LFPG
2026-06-22T17:00,31.3,11.1,23.8,0.0,77,LFPG
2026-06-22T18:00,30.8,9.9,23.8,0.0,92,LFPG
2026-06-22T19:00,29.9,9.0,19.1,0.0,70,LFPG
2026-06-22T20:00,27.9,9.3,17.6,0.0,27,LFPG
2026-06-22T21:00,26.8,11.6,20.9,0.0,14,LFPG
2026-06-22T22:00,26.2,12.1,22.7,0.0,21,LFPG
2026-06-22T23:00,25.3,12.5,23.0,0.0,3,LFPG
2026-06-23T00:00,23.9,10.6,23.4,0.0,34,LFPG
2026-06-23T01:00,23.4,10.0,19.4,0.0,19,LFPG
2026-06-23T02:00,22.6,8.3,18.0,0.0,2,LFPG
2026-06-23T03:00,21.9,8.5,15.5,0.0,1,LFPG
2026-06-23T04:00,21.3,10.2,18.7,0.0,2,LFPG
2026-06-23T05:00,21.9,9.9,19.1,0.0,18,LFPG
2026-06-23T06:00,23.8,8.5,18.0,0.0,75,LFPG
2026-06-23T07:00,26.0,1.7,16.2,0.0,59,LFPG
2026-06-23T08:00,28.2,8.2,18.7,0.0,80,LFPG
2026-06-23T09:00,28.8,17.1,46.1,0.0,81,LFPG
2026-06-23T10:00,29.6,14.2,36.4,0.1,99,LFPG
2026-06-23T11:00,31.2,9.7,32.0,0.0,93,LFPG
2026-06-23T12:00,30.1,8.9,27.0,0.0,23,LFPG
2026-06-23T13:00,31.2,9.1,24.1,0.0,23,LFPG
2026-06-23T14:00,31.9,10.7,25.6,0.0,22,LFPG
2026-06-23T15:00,32.0,11.4,26.6,0.0,10,LFPG
2026-06-23T16:00,31.9,11.5,26.3,0.0,0,LFPG
2026-06-23T17:00,31.5,10.6,25.6,0.0,2,LFPG
2026-06-23T18:00,31.1,3.7,22.7,0.0,92,LFPG
2026-06-23T19:00,30.4,4.8,11.9,0.0,91,LFPG
2026-06-23T20:00,28.5,5.9,9.7,0.0,89,LFPG
2026-06-23T21:00,27.6,8.6,14.8,0.0,60,LFPG
2026-06-23T22:00,27.0,12.0,21.6,0.0,20,LFPG
2026-06-23T23:00,26.2,9.5,21.6,0.0,7,LFPG
2026-06-24T00:00,24.3,9.1,16.9,0.0,2,LFPG
2026-06-24T01:00,24.0,8.8,17.3,0.0,5,LFPG
2026-06-24T02:00,23.6,6.6,15.8,0.0,5,LFPG
2026-06-24T03:00,23.3,5.9,11.9,0.0,10,LFPG
2026-06-24T04:00,23.2,6.7,11.9,0.0,13,LFPG
2026-06-24T05:00,23.8,6.2,11.9,0.0,17,LFPG
2026-06-24T06:00,25.8,10.1,13.0,0.0,14,LFPG
2026-06-24T07:00,27.8,4.2,16.2,0.0,9,LFPG
2026-06-24T08:00,30.2,3.1,11.5,0.0,18,LFPG
2026-06-24T09:00,32.4,3.4,12.6,0.0,9,LFPG
2026-06-24T10:00,34.0,4.0,14.0,0.0,7,LFPG
2026-06-24T11:00,35.4,5.1,16.2,0.0,5,LFPG
2026-06-24T12:00,37.1,3.8,16.6,0.0,6,LFPG
2026-06-24T13:00,37.6,4.2,14.8,0.0,24,LFPG
2026-06-24T14:00,37.8,4.6,15.1,0.0,45,LFPG
2026-06-24T15:00,37.8,7.5,18.4,0.0,83,LFPG
2026-06-24T16:00,36.4,13.4,29.5,0.0,90,LFPG
2026-06-24T17:00,35.0,14.5,33.5,0.0,82,LFPG
2026-06-24T18:00,34.3,9.4,29.9,0.0,82,LFPG
2026-06-24T19:00,32.4,10.1,18.4,0.0,91,LFPG
2026-06-24T20:00,31.5,12.2,22.7,0.0,45,LFPG
2026-06-24T21:00,29.8,8.3,22.3,0.0,78,LFPG
2026-06-24T22:00,28.5,7.0,15.5,0.0,64,LFPG
2026-06-24T23:00,27.9,7.7,14.0,0.0,61,LFPG
2026-06-25T00:00,26.8,10.1,14.4,0.0,22,LFPG
2026-06-25T01:00,26.1,7.8,18.0,0.0,18,LFPG
2026-06-25T02:00,25.1,7.1,14.4,0.0,45,LFPG
2026-06-25T03:00,24.4,8.0,14.8,0.0,52,LFPG
2026-06-25T04:00,23.9,8.9,16.2,0.0,7,LFPG
2026-06-25T05:00,24.6,9.4,17.3,0.0,1,LFPG
2026-06-25T06:00,26.8,7.7,17.6,0.0,3,LFPG
2026-06-25T07:00,29.1,5.6,14.0,0.0,9,LFPG
2026-06-25T08:00,31.7,6.8,16.9,0.0,49,LFPG
2026-06-25T09:00,33.9,10.0,23.0,0.0,100,LFPG
2026-06-25T10:00,35.2,13.5,29.9,0.0,96,LFPG
2026-06-25T11:00,36.0,17.2,39.6,0.0,45,LFPG
2026-06-25T12:00,37.5,17.8,40.3,0.0,49,LFPG
2026-06-25T13:00,37.7,15.4,38.9,0.0,98,LFPG
2026-06-25T14:00,37.0,16.9,36.4,0.0,96,LFPG
2026-06-25T15:00,37.4,15.9,37.4,0.0,92,LFPG
2026-06-25T16:00,37.1,15.1,33.8,0.0,96,LFPG
2026-06-25T17:00,36.3,10.8,32.8,0.0,62,LFPG
2026-06-25T18:00,35.4,10.2,23.0,0.0,73,LFPG
2026-06-25T19:00,32.2,10.9,21.6,0.0,34,LFPG
2026-06-25T20:00,31.3,15.1,28.4,0.0,55,LFPG
2026-06-25T21:00,30.4,11.4,28.4,0.0,52,LFPG
2026-06-25T22:00,29.5,12.1,22.3,0.0,48,LFPG
2026-06-25T23:00,28.6,12.4,22.7,0.0,59,LFPG
2026-06-26T00:00,27.4,10.6,24.1,0.0,66,LFPG
2026-06-26T01:00,26.6,8.3,19.1,0.0,66,LFPG
2026-06-26T02:00,25.8,9.1,16.2,0.0,88,LFPG
2026-06-26T03:00,25.1,2.6,16.9,0.0,47,LFPG
2026-06-26T04:00,24.7,7.2,12.2,0.0,19,LFPG
2026-06-26T05:00,25.0,6.9,15.8,0.0,2,LFPG
2026-06-26T06:00,26.1,10.5,13.0,0.0,98,LFPG
2026-06-26T07:00,27.2,8.4,18.7,0.0,70,LFPG
2026-06-26T08:00,29.7,9.5,22.0,0.0,59,LFPG
2026-06-26T09:00,32.1,7.2,22.7,0.0,5,LFPG
2026-06-26T10:00,34.2,6.4,18.7,0.0,12,LFPG
2026-06-26T11:00,35.6,8.4,22.0,0.0,3,LFPG
2026-06-26T12:00,32.2,14.9,28.1,0.1,86,LFPG
2026-06-26T13:00,32.0,13.3,31.0,0.7,20,LFPG
2026-06-26T14:00,32.8,16.0,35.6,0.0,24,LFPG
2026-06-26T15:00,33.3,10.2,34.6,0.0,20,LFPG
2026-06-26T16:00,33.5,8.8,24.1,0.0,29,LFPG
2026-06-26T17:00,33.2,9.7,21.6,0.0,22,LFPG
2026-06-26T18:00,32.9,12.0,21.6,0.0,37,LFPG
2026-06-26T19:00,29.2,18.2,38.5,0.0,26,LFPG
2026-06-26T20:00,27.2,15.6,36.7,0.0,56,LFPG
2026-06-26T21:00,25.7,11.9,29.9,0.0,22,LFPG
2026-06-26T22:00,24.4,12.9,25.9,0.0,23,LFPG
2026-06-26T23:00,23.4,9.9,24.8,0.0,40,LFPG
2026-06-27T00:00,21.9,12.3,20.2,0.0,17,LFPG
2026-06-27T01:00,21.4,13.4,25.2,0.0,33,LFPG
2026-06-27T02:00,20.8,11.6,27.0,0.0,9,LFPG
2026-06-27T03:00,20.3,8.9,22.0,0.0,5,LFPG
2026-06-27T04:00,20.0,14.6,27.7,0.0,23,LFPG
2026-06-27T05:00,20.4,11.1,28.4,0.0,55,LFPG
2026-06-27T06:00,21.8,11.9,20.2,0.0,1,LFPG
2026-06-27T07:00,24.0,12.7,27.7,0.0,2,LFPG
2026-06-27T08:00,25.8,11.7,28.1,0.0,0,LFPG
2026-06-27T09:00,27.3,15.2,34.6,0.0,0,LFPG
2026-06-27T10:00,28.3,11.7,35.3,0.0,0,LFPG
2026-06-27T11:00,30.0,4.4,28.4,0.0,19,LFPG
2026-06-27T12:00,32.4,3.8,16.9,0.0,4,LFPG
2026-06-27T13:00,33.9,1.8,15.1,0.0,82,LFPG
2026-06-27T14:00,34.6,1.8,13.0,0.0,100,LFPG
2026-06-27T15:00,34.1,4.8,14.4,0.0,98,LFPG
2026-06-27T16:00,33.1,10.1,21.6,0.0,99,LFPG
2026-06-27T17:00,30.2,12.7,30.6,0.7,59,LFPG
2026-06-27T18:00,33.2,11.7,26.3,0.0,79,LFPG
2026-06-27T19:00,31.3,4.4,22.3,0.1,99,LFPG
2026-06-27T20:00,29.6,5.8,9.0,0.0,99,LFPG
2026-06-27T21:00,23.3,6.3,38.9,7.6,45,LFPG
2026-06-27T22:00,23.0,8.5,20.2,0.1,20,LFPG
2026-06-27T23:00,22.7,7.8,13.7,0.0,5,LFPG
2026-06-28T00:00,20.4,5.1,19.1,0.0,0,LFPG
2026-06-28T01:00,20.4,4.7,9.0,0.0,1,LFPG
2026-06-28T02:00,19.7,4.6,9.0,0.0,0,LFPG
2026-06-28T03:00,19.4,3.1,8.6,0.0,0,LFPG
2026-06-28T04:00,19.5,4.3,7.9,0.0,0,LFPG
2026-06-28T05:00,20.4,9.3,16.6,0.0,0,LFPG
2026-06-28T06:00,21.9,8.4,18.0,0.0,12,LFPG
2026-06-28T07:00,23.6,9.8,22.7,0.0,100,LFPG
2026-06-28T08:00,24.8,9.9,24.5,0.0,100,LFPG
2026-06-28T09:00,25.3,9.6,24.5,0.0,100,LFPG
2026-06-28T10:00,23.6,5.8,24.1,1.0,100,LFPG
2026-06-28T11:00,24.0,7.5,18.0,0.4,39,LFPG
2026-06-28T12:00,26.6,8.7,24.1,0.0,41,LFPG
2026-06-28T13:00,27.5,8.7,31.3,0.0,72,LFPG
2026-06-28T14:00,28.0,7.3,30.2,0.0,15,LFPG
2026-06-28T15:00,28.4,6.0,25.2,0.0,55,LFPG
2026-06-28T16:00,27.3,7.9,20.5,0.0,91,LFPG
2026-06-28T17:00,25.6,5.5,20.2,1.0,73,LFPG
2026-06-28T18:00,26.7,6.5,12.6,0.1,42,LFPG
2026-06-28T19:00,23.3,17.6,33.8,0.5,33,LFPG
2026-06-28T20:00,21.1,13.8,34.9,0.0,41,LFPG
2026-06-28T21:00,20.5,12.6,25.9,0.0,55,LFPG
2026-06-28T22:00,19.9,11.5,24.5,0.0,52,LFPG
2026-06-28T23:00,19.3,13.0,24.8,0.1,37,LFPG
2026-06-29T00:00,18.2,14.7,24.8,2.8,38,LFPG
2026-06-29T01:00,17.5,13.7,27.4,0.0,34,LFPG
2026-06-29T02:00,16.7,12.4,25.2,0.0,38,LFPG
2026-06-29T03:00,15.8,11.6,23.4,0.0,99,LFPG
2026-06-29T04:00,15.3,8.9,21.2,0.0,80,LFPG
2026-06-29T05:00,15.4,9.1,18.0,0.0,91,LFPG
2026-06-29T06:00,16.4,10.9,21.6,0.0,99,LFPG
2026-06-29T07:00,17.4,9.4,23.8,0.0,96,LFPG
2026-06-29T08:00,18.7,7.9,22.7,0.0,98,LFPG
2026-06-29T09:00,20.1,6.6,21.2,0.0,84,LFPG
2026-06-29T10:00,21.7,3.9,19.8,0.0,63,LFPG
2026-06-29T11:00,23.6,3.9,17.3,0.0,77,LFPG
2026-06-29T12:00,24.4,5.7,19.1,0.0,100,LFPG
2026-06-29T13:00,24.9,7.0,20.2,0.0,99,LFPG
2026-06-29T14:00,25.4,8.9,23.0,0.0,96,LFPG
2026-06-29T15:00,25.3,8.5,24.1,0.0,33,LFPG
2026-06-29T16:00,25.7,4.6,21.2,0.0,6,LFPG
2026-06-29T17:00,25.8,3.1,14.4,0.0,55,LFPG
2026-06-29T18:00,25.6,5.6,17.6,0.0,11,LFPG
2026-06-29T19:00,23.8,10.0,19.1,0.0,27,LFPG
2026-06-29T20:00,21.8,14.9,27.0,0.0,2,LFPG
2026-06-29T21:00,19.5,15.0,32.0,0.0,0,LFPG
2026-06-29T22:00,18.1,12.8,28.1,0.0,1,LFPG
2026-06-29T23:00,17.1,11.5,23.8,0.0,7,LFPG
2026-06-30T00:00,15.5,11.7,21.2,0.0,41,LFPG
2026-06-30T01:00,15.1,11.4,22.0,0.0,16,LFPG
2026-06-30T02:00,14.7,10.6,21.2,0.0,25,LFPG
2026-06-30T03:00,14.2,10.1,19.8,0.0,6,LFPG
2026-06-30T04:00,13.9,10.9,20.2,0.0,8,LFPG
2026-06-30T05:00,14.4,9.5,20.5,0.0,65,LFPG
2026-06-30T06:00,16.1,6.9,17.3,0.0,91,LFPG
2026-06-30T07:00,18.2,6.1,16.9,0.0,30,LFPG
2026-06-30T08:00,20.3,5.2,16.9,0.1,70,LFPG
2026-06-30T09:00,21.8,6.4,19.1,0.0,85,LFPG
2026-06-30T10:00,23.1,8.3,23.0,0.0,66,LFPG
2026-06-30T11:00,24.2,8.2,24.8,0.0,97,LFPG
2026-06-30T12:00,24.8,8.3,23.0,0.0,45,LFPG
2026-06-30T13:00,26.0,2.9,22.7,0.0,84,LFPG
2026-06-30T14:00,26.0,4.2,16.2,0.2,59,LFPG
2026-06-30T15:00,25.7,8.4,21.2,0.0,84,LFPG
2026-06-30T16:00,23.7,15.3,32.0,0.1,50,LFPG
2026-06-30T17:00,22.9,15.0,37.1,0.0,24,LFPG
2026-06-30T18:00,22.8,14.9,33.8,0.0,44,LFPG
2026-06-30T19:00,22.1,10.6,29.9,0.0,80,LFPG
2026-06-30T20:00,20.8,10.5,22.3,0.0,91,LFPG
2026-06-30T21:00,19.9,10.6,22.0,0.0,69,LFPG
2026-06-30T22:00,19.0,13.2,24.5,0.0,28,LFPG
2026-06-30T23:00,17.9,12.3,25.9,0.0,44,LFPG
2026-07-01T00:00,16.5,11.3,23.4,0.0,4,LFPG
2026-07-01T01:00,15.7,10.2,20.9,0.0,2,LFPG
2026-07-01T02:00,14.9,7.9,19.1,0.0,5,LFPG
2026-07-01T03:00,14.2,5.5,14.8,0.0,10,LFPG
2026-07-01T04:00,13.8,5.9,11.2,0.0,11,LFPG
2026-07-01T05:00,14.3,8.6,14.8,0.0,5,LFPG
2026-07-01T06:00,16.0,10.0,17.3,0.0,1,LFPG
2026-07-01T07:00,17.6,12.1,27.0,0.0,33,LFPG
2026-07-01T08:00,19.2,12.4,30.2,0.0,96,LFPG
2026-07-01T09:00,19.9,12.0,29.5,0.0,100,LFPG
2026-07-01T10:00,20.8,11.3,28.8,0.0,100,LFPG
2026-07-01T11:00,21.8,11.8,28.8,0.0,100,LFPG
2026-07-01T12:00,22.4,12.6,29.5,0.0,100,LFPG
2026-07-01T13:00,22.2,12.0,28.8,0.0,100,LFPG
2026-07-01T14:00,23.2,12.0,28.8,0.0,100,LFPG
2026-07-01T15:00,23.5,12.4,28.4,0.0,59,LFPG
2026-07-01T16:00,23.7,14.0,31.3,0.0,39,LFPG
2026-07-01T17:00,23.2,14.9,32.0,0.0,97,LFPG
2026-07-01T18:00,22.7,12.0,32.4,0.0,22,LFPG
2026-07-01T19:00,21.9,9.6,26.3,0.0,7,LFPG
2026-07-01T20:00,20.0,8.9,19.1,0.0,2,LFPG
2026-07-01T21:00,18.6,8.4,16.6,0.0,5,LFPG
2026-07-01T22:00,17.8,9.7,17.6,0.0,2,LFPG
2026-07-01T23:00,17.0,9.4,20.2,0.0,0,LFPG
2026-07-02T00:00,15.3,6.7,17.3,0.0,0,LFPG
2026-07-02T01:00,14.8,6.1,12.2,0.0,0,LFPG
2026-07-02T02:00,14.5,8.3,15.5,0.0,0,LFPG
2026-07-02T03:00,14.1,7.7,15.8,0.0,0,LFPG
2026-07-02T04:00,13.8,7.9,15.5,0.0,0,LFPG
2026-07-02T05:00,14.5,9.6,18.4,0.0,1,LFPG
2026-07-02T06:00,15.9,10.8,24.1,0.0,9,LFPG
2026-07-02T07:00,17.2,10.5,24.8,0.0,5,LFPG
2026-07-02T08:00,18.7,12.1,29.2,0.0,34,LFPG
2026-07-02T09:00,20.4,14.6,33.8,0.0,100,LFPG
2026-07-02T10:00,20.8,14.2,34.2,0.0,100,LFPG
2026-07-02T11:00,20.4,14.6,33.5,0.0,100,LFPG
2026-07-02T12:00,21.8,16.2,35.6,0.0,100,LFPG
2026-07-02T13:00,22.1,17.4,38.5,0.0,100,LFPG
2026-07-02T14:00,22.3,15.7,36.4,0.0,80,LFPG
2026-07-02T15:00,23.5,17.6,38.2,0.0,68,LFPG
2026-07-02T16:00,23.9,21.0,44.3,0.0,90,LFPG
2026-07-02T17:00,23.2,18.7,45.4,0.0,31,LFPG
2026-07-02T18:00,22.4,16.3,39.2,0.0,31,LFPG
2026-07-02T19:00,21.5,13.2,35.6,0.0,6,LFPG
2026-07-02T20:00,19.9,9.3,25.9,0.0,3,LFPG
2026-07-02T21:00,18.5,9.3,17.3,0.0,5,LFPG
2026-07-02T22:00,17.5,9.0,16.9,0.0,2,LFPG
2026-07-02T23:00,16.7,8.1,16.9,0.0,18,LFPG
2026-07-03T00:00,15.4,6.3,15.1,0.0,2,LFPG
2026-07-03T01:00,14.8,5.0,11.2,0.0,9,LFPG
2026-07-03T02:00,14.2,3.8,9.4,0.0,13,LFPG
2026-07-03T03:00,13.7,2.3,6.5,0.0,59,LFPG
2026-07-03T04:00,13.2,3.7,6.8,0.0,73,LFPG
2026-07-03T05:00,14.0,4.6,8.6,0.0,85,LFPG
2026-07-03T06:00,16.0,2.7,10.8,0.0,88,LFPG
2026-07-03T07:00,18.3,1.8,10.8,0.0,63,LFPG
2026-07-03T08:00,20.2,1.0,11.5,0.0,84,LFPG
2026-07-03T09:00,21.8,1.5,13.0,0.0,78,LFPG
2026-07-03T10:00,23.3,2.9,15.5,0.0,67,LFPG
2026-07-03T11:00,24.5,4.0,17.6,0.0,23,LFPG
2026-07-03T12:00,25.5,5.8,19.4,0.0,3,LFPG
2026-07-03T13:00,26.4,6.6,21.2,0.0,9,LFPG
2026-07-03T14:00,26.9,7.7,22.3,0.0,19,LFPG
2026-07-03T15:00,27.0,9.6,24.8,0.0,13,LFPG
2026-07-03T16:00,26.7,10.3,25.2,0.0,5,LFPG
2026-07-03T17:00,26.3,10.4,25.2,0.0,2,LFPG
2026-07-03T18:00,25.9,11.2,24.5,0.0,1,LFPG
2026-07-03T19:00,24.4,11.3,23.4,0.0,0,LFPG
2026-07-03T20:00,22.3,11.5,23.0,0.0,0,LFPG
2026-07-03T21:00,20.6,9.7,22.0,0.0,0,LFPG
2026-07-03T22:00,19.2,10.0,18.7,0.0,0,LFPG
2026-07-03T23:00,17.8,8.6,19.4,0.0,0,LFPG
2026-07-04T00:00,15.6,7.1,15.8,0.0,0,LFPG
2026-07-04T01:00,14.6,5.3,13.0,0.0,0,LFPG
2026-07-04T02:00,13.8,4.6,9.7,0.0,0,LFPG
2026-07-04T03:00,13.1,4.9,9.0,0.0,0,LFPG
2026-07-04T04:00,12.5,5.5,10.4,0.0,0,LFPG
2026-07-04T05:00,13.2,7.5,13.3,0.0,0,LFPG
2026-07-04T06:00,15.1,3.6,13.0,0.0,0,LFPG
2026-07-04T07:00,18.1,2.2,10.8,0.0,0,LFPG
2026-07-04T08:00,20.5,4.7,15.8,0.0,0,LFPG
2026-07-04T09:00,22.5,7.3,20.9,0.0,0,LFPG
2026-07-04T10:00,24.2,8.3,23.4,0.0,0,LFPG
2026-07-04T11:00,25.7,10.1,26.6,0.0,0,LFPG
2026-07-04T12:00,27.2,10.9,29.5,0.0,0,LFPG
2026-07-04T13:00,28.0,12.0,29.9,0.0,0,LFPG
2026-07-04T14:00,28.4,13.9,33.1,0.0,0,LFPG
2026-07-04T15:00,28.5,15.2,34.9,0.0,0,LFPG
2026-07-04T16:00,28.2,16.0,35.6,0.0,0,LFPG
2026-07-04T17:00,27.4,16.3,36.0,0.0,0,LFPG
2026-07-04T18:00,26.8,16.0,35.3,0.0,0,LFPG
2026-07-04T19:00,25.3,14.8,33.1,0.0,0,LFPG
2026-07-04T20:00,23.6,13.5,29.9,0.0,0,LFPG
2026-07-04T21:00,22.1,13.2,26.3,0.0,0,LFPG
2026-07-04T22:00,20.7,12.6,25.6,0.0,0,LFPG
2026-07-04T23:00,19.3,12.1,24.5,0.0,0,LFPG
2026-07-05T00:00,17.9,9.5,23.4,0.0,0,LFPG
2026-07-05T01:00,17.1,7.9,17.6,0.0,0,LFPG
2026-07-05T02:00,16.6,8.2,15.8,0.0,0,LFPG
2026-07-05T03:00,16.1,8.9,16.9,0.0,0,LFPG
2026-07-05T04:00,15.6,8.4,16.9,0.0,2,LFPG
2026-07-05T05:00,16.3,10.2,20.2,0.0,19,LFPG
2026-07-05T06:00,17.7,9.2,22.7,0.0,9,LFPG
2026-07-05T07:00,19.6,10.2,25.2,0.0,38,LFPG
2026-07-05T08:00,21.4,8.5,24.8,0.0,51,LFPG
2026-07-05T09:00,22.9,9.8,25.6,0.0,32,LFPG
2026-07-05T10:00,24.2,10.4,27.7,0.0,32,LFPG
2026-07-05T11:00,25.3,10.6,28.4,0.0,52,LFPG
2026-07-05T12:00,27.1,11.1,28.8,0.0,62,LFPG
2026-07-05T13:00,27.7,11.1,28.8,0.0,79,LFPG
2026-07-05T14:00,28.1,11.7,29.5,0.0,30,LFPG
2026-07-05T15:00,28.2,12.4,30.6,0.0,17,LFPG
2026-07-05T16:00,28.1,12.6,30.6,0.0,25,LFPG
2026-07-05T17:00,27.8,12.9,29.9,0.0,38,LFPG
2026-07-05T18:00,26.7,11.2,29.2,0.0,74,LFPG
2026-07-05T19:00,25.4,9.3,23.4,0.0,98,LFPG
2026-07-05T20:00,23.7,8.3,18.7,0.0,100,LFPG
2026-07-05T21:00,22.3,8.4,16.2,0.0,100,LFPG
2026-07-05T22:00,21.2,7.8,15.8,0.0,98,LFPG
2026-07-05T23:00,20.2,5.4,14.8,0.0,100,LFPG
2026-07-06T00:00,18.5,4.6,10.4,0.0,98,LFPG
2026-07-06T01:00,17.6,4.3,8.3,0.0,35,LFPG
2026-07-06T02:00,16.7,4.5,8.3,0.0,46,LFPG
2026-07-06T03:00,16.0,4.4,8.3,0.0,84,LFPG
2026-07-06T04:00,15.5,4.3,8.3,0.0,84,LFPG
2026-07-06T05:00,16.3,5.0,7.9,0.0,50,LFPG
2026-07-06T06:00,17.8,4.1,11.5,0.0,74,LFPG
2026-07-06T07:00,20.3,4.7,15.1,0.0,64,LFPG
2026-07-06T08:00,22.5,5.3,17.3,0.0,58,LFPG
2026-07-06T09:00,24.6,6.9,20.5,0.0,38,LFPG
2026-07-06T10:00,26.6,7.8,23.0,0.0,66,LFPG
2026-07-06T11:00,28.4,8.4,23.8,0.0,80,LFPG
2026-07-06T12:00,30.3,9.4,24.8,0.0,72,LFPG
2026-07-06T13:00,31.4,10.2,26.3,0.0,85,LFPG
2026-07-06T14:00,32.0,11.1,27.4,0.0,91,LFPG
2026-07-06T15:00,32.2,12.3,28.4,0.0,92,LFPG
2026-07-06T16:00,32.0,12.4,28.8,0.0,63,LFPG
2026-07-06T17:00,31.6,12.1,27.7,0.0,14,LFPG
2026-07-06T18:00,31.3,11.2,26.6,0.0,21,LFPG
2026-07-06T19:00,29.2,6.8,21.2,0.0,20,LFPG
2026-07-06T20:00,27.0,7.0,13.7,0.0,34,LFPG
2026-07-06T21:00,25.6,6.4,13.0,0.0,9,LFPG
2026-07-06T22:00,24.6,7.4,13.7,0.0,30,LFPG
2026-07-06T23:00,23.0,5.3,13.7,0.0,5,LFPG
2026-07-07T00:00,20.9,1.5,8.3,0.0,68,LFPG
2026-07-07T01:00,20.2,0.4,2.2,0.0,83,LFPG
2026-07-07T02:00,19.4,1.5,2.9,0.0,66,LFPG
2026-07-07T03:00,18.8,3.9,6.1,0.0,89,LFPG
2026-07-07T04:00,18.6,5.2,7.6,0.0,62,LFPG
2026-07-07T05:00,19.7,5.5,9.7,0.0,70,LFPG
2026-07-07T06:00,21.3,6.6,13.3,0.0,81,LFPG
2026-07-07T07:00,23.8,5.1,13.7,0.0,95,LFPG
2026-07-07T08:00,26.3,6.7,17.3,0.0,99,LFPG
2026-07-07T09:00,28.4,9.8,23.8,0.0,99,LFPG
2026-07-07T10:00,29.8,12.2,28.8,0.0,100,LFPG
2026-07-07T11:00,30.7,13.9,32.0,0.0,99,LFPG
2026-07-07T12:00,31.4,15.9,34.2,0.0,98,LFPG
2026-07-07T13:00,31.5,16.4,36.4,0.0,98,LFPG
2026-07-07T14:00,31.9,17.8,39.2,0.0,89,LFPG
2026-07-07T15:00,31.8,18.6,41.0,0.0,94,LFPG
2026-07-07T16:00,31.2,16.8,40.7,0.0,98,LFPG
2026-07-07T17:00,30.2,14.7,36.0,0.0,99,LFPG
2026-07-07T18:00,29.6,13.4,31.3,0.0,12,LFPG
2026-07-07T19:00,27.7,9.0,26.3,0.0,25,LFPG
2026-07-07T20:00,25.4,8.2,18.0,0.0,40,LFPG
2026-07-07T21:00,23.9,8.9,16.6,0.0,38,LFPG
2026-07-07T22:00,22.7,8.3,16.6,0.0,77,LFPG
2026-07-07T23:00,21.5,7.7,15.5,0.0,52,LFPG
2026-07-08T00:00,19.5,7.2,14.0,0.0,48,LFPG
2026-07-08T01:00,18.5,6.4,13.0,0.0,41,LFPG
2026-07-08T02:00,17.8,5.5,12.2,0.0,13,LFPG
2026-07-08T03:00,17.2,5.2,10.1,0.0,2,LFPG
2026-07-08T04:00,16.7,4.6,9.4,0.0,4,LFPG
2026-07-08T05:00,17.4,4.0,8.3,0.0,23,LFPG
2026-07-08T06:00,19.6,3.5,9.4,0.0,3,LFPG
2026-07-08T07:00,22.3,2.6,11.2,0.0,1,LFPG
2026-07-08T08:00,24.7,1.8,11.5,0.0,8,LFPG
2026-07-08T09:00,26.7,1.9,12.6,0.0,0,LFPG
2026-07-08T10:00,28.5,2.2,14.0,0.0,0,LFPG
2026-07-08T11:00,29.9,3.1,15.5,0.0,0,LFPG
2026-07-08T12:00,31.1,6.4,17.6,0.0,0,LFPG
2026-07-08T13:00,31.7,8.5,24.1,0.0,4,LFPG
2026-07-08T14:00,32.1,10.8,27.7,0.0,6,LFPG
2026-07-08T15:00,32.2,12.0,31.0,0.0,15,LFPG
2026-07-08T16:00,32.0,9.1,29.2,0.0,74,LFPG
2026-07-08T17:00,31.7,14.0,29.5,0.0,88,LFPG
2026-07-08T18:00,30.7,14.6,33.1,0.0,9,LFPG
2026-07-08T19:00,29.5,9.7,30.2,0.0,3,LFPG
2026-07-08T20:00,27.6,7.7,18.7,0.0,1,LFPG
2026-07-08T21:00,26.4,10.5,20.9,0.0,0,LFPG
2026-07-08T22:00,25.0,8.2,19.4,0.0,0,LFPG
2026-07-08T23:00,24.1,10.2,18.7,0.0,0,LFPG
2026-07-09T00:00,22.5,12.1,21.2,0.0,0,LFPG
2026-07-09T01:00,21.8,9.4,22.3,0.0,0,LFPG
2026-07-09T02:00,21.0,7.8,17.6,0.0,0,LFPG
2026-07-09T03:00,20.2,6.2,14.4,0.0,0,LFPG
2026-07-09T04:00,19.4,5.7,11.5,0.0,0,LFPG
2026-07-09T05:00,19.6,8.0,13.7,0.0,0,LFPG
2026-07-09T06:00,21.3,7.9,19.1,0.0,0,LFPG
2026-07-09T07:00,23.4,8.9,21.6,0.0,0,LFPG
2026-07-09T08:00,25.0,10.4,25.9,0.0,0,LFPG
2026-07-09T09:00,26.4,10.9,27.7,0.0,0,LFPG
2026-07-09T10:00,27.6,10.8,28.4,0.0,0,LFPG
2026-07-09T11:00,28.7,11.0,29.2,0.0,0,LFPG
2026-07-09T12:00,30.0,11.2,29.9,0.0,0,LFPG
2026-07-09T13:00,30.6,11.7,30.2,0.0,0,LFPG
2026-07-09T14:00,31.0,12.6,31.3,0.0,0,LFPG
2026-07-09T15:00,31.2,13.6,32.4,0.0,0,LFPG
2026-07-09T16:00,30.9,14.1,32.4,0.0,0,LFPG
2026-07-09T17:00,30.2,14.8,32.4,0.0,1,LFPG
2026-07-09T18:00,29.8,14.2,32.4,0.0,1,LFPG
2026-07-09T19:00,28.5,12.0,29.2,0.0,1,LFPG
2026-07-09T20:00,26.8,11.3,23.4,0.0,0,LFPG
2026-07-09T21:00,25.8,13.2,24.8,0.0,0,LFPG
2026-07-09T22:00,24.9,13.9,27.0,0.0,0,LFPG
2026-07-09T23:00,23.9,12.5,26.6,0.0,0,LFPG
2026-07-10T00:00,22.3,13.0,23.8,0.0,1,LFPG
2026-07-10T01:00,21.6,12.0,24.5,0.0,15,LFPG
2026-07-10T02:00,20.9,10.8,22.7,0.0,38,LFPG
2026-07-10T03:00,20.3,10.1,20.2,0.0,80,LFPG
2026-07-10T04:00,19.9,9.8,18.7,0.0,91,LFPG
2026-07-10T05:00,20.4,10.1,19.4,0.0,80,LFPG
2026-07-10T06:00,22.1,7.8,18.0,0.0,63,LFPG
2026-07-10T07:00,24.3,7.8,19.1,0.0,87,LFPG
2026-07-10T08:00,26.3,8.8,22.3,0.0,96,LFPG
2026-07-10T09:00,28.2,10.2,25.6,0.0,82,LFPG
2026-07-10T10:00,29.5,12.5,30.2,0.0,90,LFPG
2026-07-10T11:00,30.5,14.3,34.2,0.0,83,LFPG
2026-07-10T12:00,32.0,14.4,35.3,0.0,16,LFPG
2026-07-10T13:00,32.2,14.1,34.2,0.0,42,LFPG
2026-07-10T14:00,32.5,13.7,33.1,0.0,63,LFPG
2026-07-10T15:00,32.5,15.4,34.9,0.0,37,LFPG
2026-07-10T16:00,32.4,15.6,34.9,0.0,1,LFPG
2026-07-10T17:00,32.2,15.5,34.6,0.0,5,LFPG
2026-07-10T18:00,32.2,14.8,33.1,0.0,1,LFPG
2026-07-10T19:00,30.2,17.7,34.6,0.0,10,LFPG
2026-07-10T20:00,28.0,17.4,37.8,0.0,84,LFPG
2026-07-10T21:00,26.9,17.0,35.3,0.0,84,LFPG
2026-07-10T22:00,26.0,15.5,33.1,0.0,98,LFPG
2026-07-10T23:00,25.1,15.0,29.5,0.0,83,LFPG
2026-07-11T00:00,23.8,14.7,29.9,0.0,94,LFPG
2026-07-11T01:00,23.1,13.3,27.4,0.0,30,LFPG
2026-07-11T02:00,22.4,12.7,24.8,0.0,10,LFPG
2026-07-11T03:00,21.7,11.8,23.8,0.0,13,LFPG
2026-07-11T04:00,21.1,12.5,23.4,0.0,14,LFPG
2026-07-11T05:00,21.2,12.9,24.5,0.0,30,LFPG
2026-07-11T06:00,22.4,10.7,25.2,0.0,38,LFPG
2026-07-11T07:00,24.3,10.7,23.8,0.0,30,LFPG
2026-07-11T08:00,26.3,11.8,27.4,0.0,16,LFPG
2026-07-11T09:00,28.3,12.7,30.2,0.0,0,LFPG
2026-07-11T10:00,30.3,12.4,30.6,0.0,0,LFPG
2026-07-11T11:00,31.5,12.5,31.3,0.0,0,LFPG
2026-07-11T12:00,32.9,13.8,30.6,0.0,0,LFPG
2026-07-11T13:00,33.3,13.6,33.1,0.0,0,LFPG
2026-07-11T14:00,33.6,13.8,33.1,0.0,0,LFPG
2026-07-11T15:00,33.6,14.3,33.1,0.0,1,LFPG
2026-07-11T16:00,33.1,15.4,34.6,0.0,1,LFPG
2026-07-11T17:00,32.4,15.7,34.6,0.0,0,LFPG
2026-07-11T18:00,32.1,16.2,34.2,0.0,0,LFPG
2026-07-11T19:00,30.6,15.4,33.1,0.0,0,LFPG
2026-07-11T20:00,28.7,16.2,31.7,0.0,0,LFPG
2026-07-11T21:00,27.6,16.3,31.7,0.0,0,LFPG
2026-07-11T22:00,26.6,16.2,31.7,0.0,67,LFPG
2026-07-11T23:00,25.6,15.8,31.0,0.0,48,LFPG
2026-07-12T00:00,23.7,14.9,30.2,0.0,14,LFPG
2026-07-12T01:00,22.8,14.2,28.1,0.0,59,LFPG
2026-07-12T02:00,22.1,13.8,26.6,0.0,41,LFPG
2026-07-12T03:00,21.5,13.3,25.9,0.0,67,LFPG
2026-07-12T04:00,21.1,12.5,24.8,0.0,73,LFPG
2026-07-12T05:00,21.5,12.5,23.4,0.0,9,LFPG
2026-07-12T06:00,22.9,10.6,23.4,0.0,1,LFPG
2026-07-12T07:00,25.1,12.2,26.3,0.0,17,LFPG
2026-07-12T08:00,26.8,13.4,30.2,0.0,77,LFPG
2026-07-12T09:00,28.6,13.9,32.0,0.0,55,LFPG
2026-07-12T10:00,30.1,15.1,35.3,0.0,58,LFPG
2026-07-12T11:00,31.2,16.3,38.2,0.0,73,LFPG
2026-07-12T12:00,32.8,18.0,40.3,0.0,48,LFPG
2026-07-12T13:00,33.3,18.1,41.4,0.0,68,LFPG
2026-07-12T14:00,33.5,18.9,42.1,0.0,39,LFPG
2026-07-12T15:00,33.6,18.8,42.1,0.0,41,LFPG
2026-07-12T16:00,33.5,18.6,41.4,0.0,23,LFPG
2026-07-12T17:00,33.1,19.0,40.3,0.0,20,LFPG
2026-07-12T18:00,32.4,18.7,40.0,0.0,0,LFPG
2026-07-12T19:00,30.9,17.6,37.1,0.0,0,LFPG
2026-07-12T20:00,29.6,17.2,34.9,0.0,3,LFPG
2026-07-12T21:00,27.6,17.7,34.2,0.0,49,LFPG
2026-07-12T22:00,26.4,17.2,34.2,0.0,63,LFPG
2026-07-12T23:00,25.7,16.6,32.4,0.0,4,LFPG
2026-07-13T00:00,24.4,15.5,31.7,0.0,66,LFPG
2026-07-13T01:00,23.8,15.7,29.5,0.0,77,LFPG
2026-07-13T02:00,23.1,15.7,29.9,0.0,99,LFPG
2026-07-13T03:00,22.9,16.2,30.6,0.0,99,LFPG
2026-07-13T04:00,22.6,17.2,32.8,0.0,98,LFPG
2026-07-13T05:00,22.6,16.9,33.1,0.0,98,LFPG
2026-07-13T06:00,22.9,13.1,33.1,0.0,98,LFPG
2026-07-13T07:00,24.6,15.9,33.5,0.0,90,LFPG
2026-07-13T08:00,26.6,17.2,37.1,0.0,95,LFPG
2026-07-13T09:00,28.6,17.7,38.5,0.0,86,LFPG
2026-07-13T10:00,29.7,17.7,38.9,0.0,94,LFPG
2026-07-13T11:00,32.1,19.0,42.1,0.0,5,LFPG
2026-07-13T12:00,32.6,20.2,43.2,0.0,20,LFPG
2026-07-13T13:00,33.4,16.6,44.6,0.1,99,LFPG
2026-07-13T14:00,32.5,19.2,41.0,0.0,72,LFPG
2026-07-13T15:00,33.0,18.5,42.1,0.0,78,LFPG
2026-07-13T16:00,33.1,16.0,40.0,0.0,17,LFPG
2026-07-13T17:00,32.8,15.1,34.9,0.0,60,LFPG
2026-07-13T18:00,29.3,20.7,39.6,0.0,34,LFPG
2026-07-13T19:00,28.2,17.1,42.1,0.0,44,LFPG
2026-07-13T20:00,27.4,18.6,37.4,0.0,3,LFPG
2026-07-13T21:00,26.6,16.1,36.4,0.0,26,LFPG
2026-07-13T22:00,25.9,16.4,31.7,0.0,54,LFPG
2026-07-13T23:00,24.9,16.9,32.8,0.0,79,LFPG
2026-07-14T00:00,24.2,16.1,33.8,0.0,41,LFPG
2026-07-14T01:00,23.4,15.8,31.3,0.0,27,LFPG
2026-07-14T02:00,22.2,12.3,30.6,0.1,72,LFPG
2026-07-14T03:00,21.4,13.5,25.2,0.1,40,LFPG
2026-07-14T04:00,20.5,15.4,28.8,0.0,69,LFPG
2026-07-14T05:00,20.5,13.7,29.9,0.0,72,LFPG
2026-07-14T06:00,21.0,10.9,25.6,0.0,55,LFPG
2026-07-14T07:00,22.7,11.7,27.0,0.0,29,LFPG
2026-07-14T08:00,24.6,12.4,29.5,0.0,65,LFPG
2026-07-14T09:00,26.6,9.9,29.5,0.0,41,LFPG
2026-07-14T10:00,28.2,9.2,25.9,0.0,61,LFPG
2026-07-14T11:00,29.9,8.9,25.2,0.0,95,LFPG
2026-07-14T12:00,31.4,9.8,25.6,0.0,66,LFPG
2026-07-14T13:00,32.5,8.2,26.3,0.0,73,LFPG
2026-07-14T14:00,32.8,7.8,23.4,0.0,98,LFPG
2026-07-14T15:00,32.7,9.2,23.4,0.0,98,LFPG
2026-07-14T16:00,32.8,10.1,24.1,0.0,95,LFPG
2026-07-14T17:00,32.3,11.4,25.2,0.0,99,LFPG
2026-07-14T18:00,31.6,11.6,27.0,0.0,99,LFPG
2026-07-14T19:00,30.4,11.0,24.1,0.0,100,LFPG
2026-07-14T20:00,29.0,11.5,22.0,0.0,100,LFPG
2026-07-14T21:00,28.0,11.7,21.6,0.0,98,LFPG
2026-07-14T22:00,27.2,13.9,26.6,0.0,99,LFPG
2026-07-14T23:00,26.3,14.8,28.1,0.0,88,LFPG
2026-07-15T00:00,25.3,12.7,28.4,0.0,94,LFPG
2026-07-15T01:00,24.9,11.5,23.8,0.0,98,LFPG
2026-07-15T02:00,24.1,11.6,22.0,0.0,100,LFPG
2026-07-15T03:00,23.2,12.2,23.0,0.0,95,LFPG
2026-07-15T04:00,22.6,13.0,24.8,0.0,98,LFPG
2026-07-15T05:00,22.4,12.6,24.8,0.0,95,LFPG
2026-07-15T06:00,22.9,11.9,22.7,0.0,34,LFPG
2026-07-15T07:00,24.2,13.7,29.9,0.0,91,LFPG
2026-07-15T08:00,25.2,12.4,30.6,0.0,94,LFPG
2026-07-15T09:00,26.0,13.7,31.0,0.0,69,LFPG
2026-07-15T10:00,27.8,15.1,35.3,0.0,89,LFPG
2026-07-15T11:00,28.7,15.0,36.4,0.0,94,LFPG
2026-07-15T12:00,30.0,13.0,35.6,0.0,6,LFPG
2026-07-15T13:00,30.4,12.9,32.4,0.0,80,LFPG
2026-07-15T14:00,30.7,13.9,34.2,0.0,26,LFPG
2026-07-15T15:00,30.6,12.8,33.5,0.0,60,LFPG
2026-07-15T16:00,30.5,12.4,31.3,0.0,84,LFPG
2026-07-15T17:00,29.8,13.6,30.6,0.0,77,LFPG
2026-07-15T18:00,29.1,13.1,31.0,0.0,48,LFPG
2026-07-15T19:00,28.3,9.4,27.4,0.0,90,LFPG
2026-07-15T20:00,26.5,5.4,18.4,0.0,98,LFPG
2026-07-15T21:00,25.9,8.9,15.8,0.0,41,LFPG
2026-07-15T22:00,24.9,11.6,21.2,0.0,55,LFPG
2026-07-15T23:00,24.3,11.9,23.0,0.0,17,LFPG
2026-07-16T00:00,23.1,12.3,23.4,0.0,58,LFPG
2026-07-16T01:00,22.1,10.5,23.0,0.0,2,LFPG
2026-07-16T02:00,21.1,10.5,19.8,0.0,3,LFPG
2026-07-16T03:00,20.5,11.3,20.9,0.0,11,LFPG
2026-07-16T04:00,20.0,10.3,21.2,0.0,61,LFPG
2026-07-16T05:00,20.0,9.1,19.1,0.0,71,LFPG
2026-07-16T06:00,20.9,6.6,16.9,0.0,30,LFPG
2026-07-16T07:00,23.1,7.5,18.7,0.0,49,LFPG
2026-07-16T08:00,25.2,8.2,21.6,0.0,88,LFPG
2026-07-16T09:00,27.1,8.3,23.0,0.0,94,LFPG
2026-07-16T10:00,28.7,8.4,23.8,0.0,64,LFPG
2026-07-16T11:00,30.1,7.7,24.5,0.0,81,LFPG
2026-07-16T12:00,30.3,7.3,23.0,0.0,98,LFPG
2026-07-16T13:00,31.1,6.5,20.9,0.0,97,LFPG
2026-07-16T14:00,31.3,6.3,22.0,0.0,4,LFPG
2026-07-16T15:00,31.8,2.5,19.8,0.0,45,LFPG
2026-07-16T16:00,29.3,9.6,22.7,0.5,96,LFPG
2026-07-16T17:00,25.3,15.7,33.8,0.2,100,LFPG
2026-07-16T18:00,29.6,12.3,33.1,0.5,48,LFPG
2026-07-16T19:00,25.4,7.6,23.8,1.0,55,LFPG
2026-07-16T20:00,24.6,7.4,17.6,0.3,62,LFPG
2026-07-16T21:00,20.9,4.0,11.9,1.7,100,LFPG
2026-07-16T22:00,20.2,10.3,16.9,0.5,99,LFPG
2026-07-16T23:00,20.7,1.3,16.6,0.0,100,LFPG
2026-07-17T00:00,18.7,14.1,15.5,0.5,91,LFPG
2026-07-17T01:00,18.2,11.6,27.4,0.5,27,LFPG
2026-07-17T02:00,17.8,11.2,19.1,0.0,70,LFPG
2026-07-17T03:00,17.6,7.7,19.8,0.0,56,LFPG
2026-07-17T04:00,17.3,5.6,14.4,0.0,45,LFPG
2026-07-17T05:00,17.6,8.1,13.7,0.0,52,LFPG
2026-07-17T06:00,18.8,7.9,18.0,0.0,88,LFPG
2026-07-17T07:00,20.1,10.1,23.4,0.0,100,LFPG
2026-07-17T08:00,21.0,13.1,31.3,0.0,92,LFPG
2026-07-17T09:00,22.4,8.0,29.5,0.0,93,LFPG
2026-07-17T10:00,23.1,5.9,21.6,0.0,100,LFPG
2026-07-17T11:00,23.8,6.5,20.2,0.1,100,LFPG
2026-07-17T12:00,23.2,8.6,20.5,0.2,95,LFPG
2026-07-17T13:00,23.2,7.5,23.8,1.8,97,LFPG
2026-07-17T14:00,19.6,10.3,26.6,7.7,98,LFPG
2026-07-17T15:00,20.8,1.1,24.1,0.9,93,LFPG
2026-07-17T16:00,22.1,3.9,13.7,0.1,98,LFPG
2026-07-17T17:00,21.6,7.2,17.3,0.2,98,LFPG
2026-07-17T18:00,23.1,4.4,18.0,0.4,43,LFPG
2026-07-17T19:00,22.3,4.1,9.4,0.0,21,LFPG
2026-07-17T20:00,21.0,5.1,9.0,0.0,16,LFPG
2026-07-17T21:00,20.5,7.0,12.6,0.0,6,LFPG
2026-07-17T22:00,19.9,9.9,17.3,0.0,13,LFPG
2026-07-17T23:00,19.5,11.9,22.3,0.0,2,LFPG
2026-07-18T00:00,17.9,10.6,21.6,0.0,27,LFPG
2026-07-18T01:00,17.4,10.3,19.4,0.0,16,LFPG
2026-07-18T02:00,16.7,8.7,18.4,0.0,13,LFPG
2026-07-18T03:00,16.1,7.8,15.8,0.0,12,LFPG
2026-07-18T04:00,15.4,7.5,14.0,0.0,6,LFPG
2026-07-18T05:00,15.5,6.7,13.7,0.0,2,LFPG
2026-07-18T06:00,16.8,3.7,11.5,0.0,1,LFPG
2026-07-18T07:00,18.8,2.3,10.8,0.0,0,LFPG
2026-07-18T08:00,20.7,2.2,11.9,0.0,0,LFPG
2026-07-18T09:00,22.3,1.5,12.6,0.0,0,LFPG
2026-07-18T10:00,23.6,1.5,12.6,0.0,12,LFPG
2026-07-18T11:00,24.4,6.4,21.2,0.1,28,LFPG
2026-07-18T12:00,25.2,7.7,23.4,0.0,16,LFPG
2026-07-18T13:00,25.8,7.3,23.8,0.0,17,LFPG
2026-07-18T14:00,26.3,8.5,24.1,0.0,13,LFPG
2026-07-18T15:00,26.6,8.2,24.5,0.0,30,LFPG
2026-07-18T16:00,26.3,11.2,24.5,0.0,51,LFPG
2026-07-18T17:00,23.9,17.8,36.0,0.2,52,LFPG
2026-07-18T18:00,22.9,14.8,36.4,0.0,13,LFPG
2026-07-18T19:00,21.8,12.0,31.3,0.0,43,LFPG
2026-07-18T20:00,20.2,15.3,28.8,0.0,84,LFPG
2026-07-18T21:00,18.5,18.5,35.6,0.0,1,LFPG
2026-07-18T22:00,16.8,16.6,36.0,0.0,13,LFPG
2026-07-18T23:00,16.0,15.2,32.0,0.0,0,LFPG
2026-07-19T00:00,14.8,14.0,29.2,0.0,2,LFPG
2026-07-19T01:00,14.3,13.0,26.3,0.0,1,LFPG
2026-07-19T02:00,13.7,12.6,24.8,0.0,0,LFPG
2026-07-19T03:00,13.2,11.5,24.1,0.0,1,LFPG
2026-07-19T04:00,12.7,11.3,22.0,0.0,1,LFPG
2026-07-19T05:00,12.9,11.3,21.6,0.0,0,LFPG
2026-07-19T06:00,14.3,10.4,23.0,0.0,21,LFPG
2026-07-19T07:00,15.8,12.7,28.4,0.0,18,LFPG
2026-07-19T08:00,17.4,13.7,32.0,0.0,62,LFPG
2026-07-19T09:00,18.6,12.0,31.3,0.0,47,LFPG
2026-07-19T10:00,19.8,10.8,29.5,0.0,65,LFPG
2026-07-19T11:00,20.6,10.1,28.1,0.0,75,LFPG
2026-07-19T12:00,21.5,9.3,27.4,0.0,68,LFPG
2026-07-19T13:00,22.2,9.7,25.9,0.0,96,LFPG
2026-07-19T14:00,22.7,11.2,27.7,0.0,100,LFPG
2026-07-19T15:00,22.7,12.3,28.8,0.0,99,LFPG
2026-07-19T16:00,22.5,13.3,29.9,0.0,100,LFPG
2026-07-19T17:00,21.9,13.7,29.9,0.0,100,LFPG
2026-07-19T18:00,21.1,11.5,29.2,0.0,100,LFPG
2026-07-19T19:00,20.1,12.6,23.4,0.0,99,LFPG
2026-07-19T20:00,18.2,16.8,33.5,0.0,99,LFPG
2026-07-19T21:00,17.3,16.5,31.7,0.0,95,LFPG
2026-07-19T22:00,16.1,18.3,35.6,0.0,1,LFPG
2026-07-19T23:00,15.2,16.2,34.9,0.0,0,LFPG
2026-07-20T00:00,13.9,14.4,30.6,0.0,0,LFPG
2026-07-20T01:00,13.4,13.4,27.7,0.0,0,LFPG
2026-07-20T02:00,12.8,12.5,25.6,0.0,0,LFPG
2026-07-20T03:00,12.2,11.9,23.8,0.0,0,LFPG
2026-07-20T04:00,11.6,11.4,22.3,0.0,0,LFPG
2026-07-20T05:00,11.7,12.1,22.7,0.0,0,LFPG
2026-07-20T06:00,13.1,10.4,23.4,0.0,0,LFPG
2026-07-20T07:00,15.0,12.3,27.4,0.0,9,LFPG
2026-07-20T08:00,16.6,13.4,31.3,0.0,2,LFPG
2026-07-20T09:00,18.2,15.0,34.9,0.0,56,LFPG
2026-07-20T10:00,19.0,13.8,34.6,0.0,94,LFPG
2026-07-20T11:00,19.7,14.1,33.5,0.0,99,LFPG
2026-07-20T12:00,19.8,14.2,35.6,0.0,100,LFPG
2026-07-20T13:00,20.8,14.7,33.8,0.0,99,LFPG
2026-07-20T14:00,21.8,15.9,36.4,0.0,97,LFPG
2026-07-20T15:00,22.6,15.9,36.4,0.0,97,LFPG
2026-07-20T16:00,22.3,16.6,37.8,0.0,81,LFPG
2026-07-20T17:00,21.7,16.4,36.4,0.0,72,LFPG
2026-07-20T18:00,21.3,14.8,34.9,0.0,92,LFPG
2026-07-20T19:00,19.7,12.3,30.2,0.0,90,LFPG
2026-07-20T20:00,18.0,10.3,22.7,0.0,77,LFPG
2026-07-20T21:00,17.4,14.5,27.4,0.0,45,LFPG
2026-07-20T22:00,16.7,14.5,27.0,0.0,0,LFPG
2026-07-20T23:00,15.8,14.3,27.0,0.0,15,LFPG
2026-07-21T00:00,14.5,12.7,26.6,0.0,66,LFPG
2026-07-21T01:00,14.0,12.3,23.4,0.0,1,LFPG
2026-07-21T02:00,13.3,13.1,24.1,0.0,0,LFPG
2026-07-21T03:00,12.7,13.1,24.8,0.0,0,LFPG
2026-07-21T04:00,12.2,11.8,24.8,0.0,0,LFPG
2026-07-21T05:00,12.3,12.2,22.7,0.0,0,LFPG
2026-07-21T06:00,13.6,10.9,23.4,0.0,0,LFPG
2026-07-21T07:00,15.4,12.0,27.0,0.0,0,LFPG
2026-07-21T08:00,17.3,12.0,28.8,0.0,0,LFPG
2026-07-21T09:00,19.0,12.3,29.9,0.0,0,LFPG
2026-07-21T10:00,20.5,12.2,31.0,0.0,0,LFPG
2026-07-21T11:00,21.6,11.6,31.0,0.0,3,LFPG
2026-07-21T12:00,22.6,10.9,30.2,0.0,0,LFPG
2026-07-21T13:00,23.4,12.3,31.0,0.0,16,LFPG
2026-07-21T14:00,23.8,13.3,32.8,0.0,29,LFPG
2026-07-21T15:00,24.0,14.4,33.8,0.0,1,LFPG
2026-07-21T16:00,23.8,14.7,34.2,0.0,6,LFPG
2026-07-21T17:00,23.4,13.8,33.1,0.0,0,LFPG
2026-07-21T18:00,22.9,12.7,30.6,0.0,0,LFPG
2026-07-21T19:00,21.7,8.9,25.6,0.0,0,LFPG
2026-07-21T20:00,19.6,8.2,16.9,0.0,1,LFPG
2026-07-21T21:00,18.6,8.5,15.1,0.0,0,LFPG
2026-07-21T22:00,17.7,16.9,31.3,0.0,0,LFPG
2026-07-21T23:00,16.7,15.1,33.5,0.0,0,LFPG
2026-07-22T00:00,15.2,12.1,28.4,0.0,0,LFPG
2026-07-22T01:00,14.7,10.3,22.7,0.0,1,LFPG
2026-07-22T02:00,14.1,8.8,19.1,0.0,1,LFPG
2026-07-22T03:00,13.5,8.8,16.6,0.0,0,LFPG
2026-07-22T04:00,13.1,9.6,18.0,0.0,0,LFPG
2026-07-22T05:00,13.3,10.3,18.7,0.0,0,LFPG
2026-07-22T06:00,14.7,9.9,21.2,0.0,0,LFPG
2026-07-22T07:00,16.5,11.2,25.9,0.0,1,LFPG
2026-07-22T08:00,18.3,12.8,29.9,0.0,43,LFPG
2026-07-22T09:00,19.5,12.9,31.0,0.0,70,LFPG
2026-07-22T10:00,20.4,12.8,31.7,0.0,87,LFPG
2026-07-22T11:00,21.8,12.6,31.7,0.0,100,LFPG
2026-07-22T12:00,22.0,13.0,32.0,0.0,66,LFPG
2026-07-22T13:00,22.5,13.7,33.5,0.0,50,LFPG
2026-07-22T14:00,23.1,14.4,34.9,0.0,25,LFPG
2026-07-22T15:00,23.5,14.0,34.6,0.0,19,LFPG
2026-07-22T16:00,23.5,13.7,33.1,0.0,19,LFPG
2026-07-22T17:00,23.2,13.7,31.7,0.0,56,LFPG
2026-07-22T18:00,22.7,13.1,30.6,0.0,100,LFPG
2026-07-22T19:00,21.4,15.6,31.0,0.0,100,LFPG
2026-07-22T20:00,20.3,11.6,30.6,0.0,100,LFPG
2026-07-22T21:00,19.4,9.3,22.0,0.0,27,LFPG
2026-07-22T22:00,17.8,7.5,17.3,0.0,2,LFPG
2026-07-22T23:00,16.8,7.8,15.5,0.0,0,LFPG
2026-07-23T00:00,15.6,8.9,14.4,0.0,0,LFPG
2026-07-23T01:00,15.2,9.8,18.0,0.0,1,LFPG
2026-07-23T02:00,14.6,8.9,18.4,0.0,13,LFPG
2026-07-23T03:00,14.0,6.6,16.2,0.0,10,LFPG
2026-07-23T04:00,13.5,7.9,14.4,0.0,0,LFPG
2026-07-23T05:00,13.7,9.3,17.3,0.0,0,LFPG
2026-07-23T06:00,14.7,8.5,19.1,0.0,8,LFPG
2026-07-23T07:00,16.4,11.2,25.6,0.0,2,LFPG
2026-07-23T08:00,17.9,13.1,30.2,0.0,44,LFPG
2026-07-23T09:00,19.0,13.9,32.8,0.0,80,LFPG
2026-07-23T10:00,20.2,13.8,33.1,0.0,85,LFPG
2026-07-23T11:00,21.0,13.1,33.1,0.0,78,LFPG
2026-07-23T12:00,21.3,14.3,33.5,0.0,95,LFPG
2026-07-23T13:00,21.9,14.2,34.2,0.0,100,LFPG
2026-07-23T14:00,22.4,14.3,33.8,0.0,96,LFPG
2026-07-23T15:00,22.4,15.0,34.2,0.0,100,LFPG
2026-07-23T16:00,22.7,14.7,34.2,0.0,99,LFPG
2026-07-23T17:00,22.6,14.8,32.8,0.0,95,LFPG
2026-07-23T18:00,22.6,12.8,31.7,0.0,50,LFPG
2026-07-23T19:00,21.6,11.3,25.9,0.0,16,LFPG
2026-07-23T20:00,19.6,8.5,21.6,0.0,2,LFPG
2026-07-23T21:00,18.4,8.7,15.5,0.0,1,LFPG
2026-07-23T22:00,17.6,9.6,18.0,0.0,0,LFPG
2026-07-23T23:00,16.8,9.8,18.0,0.0,0,LFPG
2026-07-24T00:00,15.5,9.8,18.0,0.0,0,LFPG
2026-07-24T01:00,15.0,8.7,18.0,0.0,0,LFPG
2026-07-24T02:00,14.5,8.2,16.2,0.0,0,LFPG
2026-07-24T03:00,13.9,7.4,15.1,0.0,0,LFPG
2026-07-24T04:00,13.4,7.1,13.7,0.0,59,LFPG
2026-07-24T05:00,13.6,8.5,15.1,0.0,98,LFPG
2026-07-24T06:00,15.2,8.1,15.8,0.0,98,LFPG
2026-07-24T07:00,17.6,6.8,18.0,0.0,98,LFPG
2026-07-24T08:00,19.9,8.3,21.6,0.0,95,LFPG
2026-07-24T09:00,21.8,10.8,27.0,0.0,97,LFPG
2026-07-24T10:00,23.2,12.3,30.6,0.0,99,LFPG
2026-07-24T11:00,24.3,13.9,33.8,0.0,99,LFPG
2026-07-24T12:00,25.2,11.6,34.2,0.0,99,LFPG
2026-07-24T13:00,25.8,9.8,29.2,0.0,99,LFPG
2026-07-24T14:00,26.1,9.1,26.6,0.0,98,LFPG
2026-07-24T15:00,26.2,9.1,24.5,0.0,100,LFPG
2026-07-24T16:00,26.1,10.1,25.2,0.0,93,LFPG
2026-07-24T17:00,25.7,10.8,25.2,0.0,9,LFPG
2026-07-24T18:00,25.5,9.3,25.2,0.0,0,LFPG
2026-07-24T19:00,24.0,5.3,19.8,0.0,3,LFPG
2026-07-24T20:00,22.0,7.1,12.2,0.0,4,LFPG
2026-07-24T21:00,21.0,6.7,15.5,0.0,1,LFPG
2026-07-24T22:00,19.5,4.8,11.9,0.0,0,LFPG
2026-07-24T23:00,18.8,5.3,9.7,0.0,0,LFPG
2026-07-25T00:00,17.0,10.7,11.9,0.0,0,LFPG
2026-07-25T01:00,16.7,8.7,19.4,0.0,0,LFPG
2026-07-25T02:00,16.2,7.2,15.8,0.0,0,LFPG
2026-07-25T03:00,15.8,9.4,17.3,0.0,2,LFPG
2026-07-25T04:00,15.3,5.8,17.3,0.0,1,LFPG
2026-07-25T05:00,15.3,7.0,12.2,0.0,72,LFPG
2026-07-25T06:00,16.4,4.7,12.2,0.0,65,LFPG
2026-07-25T07:00,19.0,3.1,12.2,0.0,75,LFPG
2026-07-25T08:00,21.9,1.3,12.2,0.0,73,LFPG
2026-07-25T09:00,24.1,2.6,14.0,0.0,86,LFPG
2026-07-25T10:00,25.5,4.2,17.6,0.0,2,LFPG
2026-07-25T11:00,26.7,5.2,19.4,0.0,13,LFPG
2026-07-25T12:00,27.6,7.0,19.8,0.0,9,LFPG
2026-07-25T13:00,28.4,7.4,23.0,0.0,7,LFPG
2026-07-25T14:00,29.0,6.4,23.4,0.0,8,LFPG
2026-07-25T15:00,29.3,5.8,20.9,0.0,12,LFPG
2026-07-25T16:00,29.2,8.0,21.2,0.0,10,LFPG
2026-07-25T17:00,28.9,10.8,24.8,0.0,16,LFPG
2026-07-25T18:00,27.6,13.2,28.4,0.0,23,LFPG
2026-07-25T19:00,26.0,18.6,36.4,0.0,13,LFPG
2026-07-25T20:00,23.9,13.4,38.5,0.0,5,LFPG
2026-07-25T21:00,22.6,11.6,25.6,0.0,2,LFPG
2026-07-25T22:00,21.4,14.7,28.4,0.0,2,LFPG
2026-07-25T23:00,20.0,12.1,28.4,0.0,0,LFPG
2026-07-26T00:00,18.3,11.3,23.4,0.0,0,LFPG
2026-07-26T01:00,17.6,10.0,20.9,0.0,0,LFPG
2026-07-26T02:00,16.9,10.8,20.5,0.0,0,LFPG
2026-07-26T03:00,16.5,10.6,20.9,0.0,0,LFPG
2026-07-26T04:00,16.1,10.9,20.5,0.0,0,LFPG
2026-07-26T05:00,16.2,12.7,24.5,0.0,1,LFPG
2026-07-26T06:00,17.0,15.3,29.5,0.0,27,LFPG
2026-07-26T07:00,18.3,17.5,37.8,0.0,100,LFPG
2026-07-26T08:00,19.2,18.6,40.0,0.0,100,LFPG
2026-07-26T09:00,20.0,21.3,43.9,0.0,100,LFPG
2026-07-26T10:00,20.6,20.8,45.4,0.1,100,LFPG
2026-07-26T11:00,21.8,20.4,44.3,0.0,100,LFPG
2026-07-26T12:00,23.1,23.1,47.5,0.0,100,LFPG
2026-07-26T13:00,22.8,23.2,48.2,0.0,100,LFPG
2026-07-26T14:00,23.6,24.5,51.1,0.0,100,LFPG
2026-07-26T15:00,24.5,24.5,52.6,0.0,80,LFPG
2026-07-26T16:00,24.4,26.3,54.4,0.0,86,LFPG
2026-07-26T17:00,24.1,24.3,56.5,0.0,34,LFPG
2026-07-26T18:00,24.1,22.1,51.1,0.0,28,LFPG
2026-07-26T19:00,23.6,17.8,43.6,0.0,14,LFPG
2026-07-26T20:00,21.8,18.3,40.3,0.0,5,LFPG
2026-07-26T21:00,20.0,17.7,35.6,0.0,77,LFPG
2026-07-26T22:00,18.8,16.2,36.0,0.0,0,LFPG
2026-07-26T23:00,18.1,14.4,31.7,0.0,3,LFPG
2026-07-27T00:00,17.0,15.4,28.1,0.0,6,LFPG
2026-07-27T01:00,16.8,15.2,29.9,0.0,12,LFPG
2026-07-27T02:00,16.4,14.2,29.5,0.0,0,LFPG
2026-07-27T03:00,15.9,12.8,27.4,0.0,0,LFPG
2026-07-27T04:00,15.5,11.7,24.5,0.0,0,LFPG
2026-07-27T05:00,15.6,11.5,22.3,0.0,3,LFPG
2026-07-27T06:00,16.7,9.6,22.3,0.0,0,LFPG
2026-07-27T07:00,18.6,10.8,24.5,0.0,0,LFPG
2026-07-27T08:00,20.2,12.3,29.2,0.0,5,LFPG
2026-07-27T09:00,21.6,12.8,31.3,0.0,37,LFPG
2026-07-27T10:00,22.5,13.5,32.4,0.0,99,LFPG
2026-07-27T11:00,22.1,13.0,32.8,0.0,99,LFPG
2026-07-27T12:00,23.5,13.0,30.2,0.0,100,LFPG
2026-07-27T13:00,24.0,12.2,30.6,0.0,72,LFPG
2026-07-27T14:00,25.2,11.9,30.2,0.0,55,LFPG
2026-07-27T15:00,25.6,9.3,29.2,0.0,0,LFPG
2026-07-27T16:00,26.1,9.3,24.1,0.0,2,LFPG
2026-07-27T17:00,25.9,9.9,24.1,0.0,6,LFPG
2026-07-27T18:00,25.4,9.7,23.4,0.0,5,LFPG
2026-07-27T19:00,23.9,8.8,19.8,0.0,0,LFPG
2026-07-27T20:00,21.8,10.1,18.7,0.0,0,LFPG
2026-07-27T21:00,20.2,9.7,19.1,0.0,0,LFPG
2026-07-27T22:00,18.9,6.9,18.0,0.0,0,LFPG
2026-07-27T23:00,18.0,5.3,12.6,0.0,0,LFPG
2026-07-28T00:00,16.3,5.4,9.7,0.0,0,LFPG
2026-07-28T01:00,15.8,4.5,10.4,0.0,0,LFPG
2026-07-28T02:00,15.2,3.7,8.6,0.0,0,LFPG
2026-07-28T03:00,14.8,2.6,6.1,0.0,0,LFPG
2026-07-28T04:00,14.3,3.3,5.8,0.0,0,LFPG
2026-07-28T05:00,14.6,4.3,6.8,0.0,0,LFPG
2026-07-28T06:00,16.5,4.9,11.2,0.0,0,LFPG
2026-07-28T07:00,19.4,2.8,11.9,0.0,0,LFPG
2026-07-28T08:00,21.9,2.7,13.3,0.0,0,LFPG
2026-07-28T09:00,23.8,3.6,15.8,0.0,0,LFPG
2026-07-28T10:00,25.4,3.3,16.6,0.0,0,LFPG
2026-07-28T11:00,26.9,1.8,16.2,0.0,0,LFPG
2026-07-28T12:00,28.2,1.3,15.1,0.0,0,LFPG
2026-07-28T13:00,29.4,2.7,15.5,0.0,0,LFPG
2026-07-28T14:00,30.0,2.6,15.8,0.0,0,LFPG
2026-07-28T15:00,30.4,3.8,15.8,0.0,0,LFPG
2026-07-28T16:00,30.5,5.4,16.9,0.0,0,LFPG
2026-07-28T17:00,30.3,6.5,16.9,0.0,0,LFPG
2026-07-28T18:00,30.3,6.9,17.6,0.0,0,LFPG
2026-07-28T19:00,28.6,4.1,14.4,0.0,0,LFPG
2026-07-28T20:00,26.5,5.5,9.7,0.0,0,LFPG
2026-07-28T21:00,25.5,8.4,15.1,0.0,0,LFPG
2026-07-28T22:00,24.6,8.4,15.5,0.0,0,LFPG
2026-07-28T23:00,23.7,9.0,16.6,0.0,0,LFPG
2026-07-29T00:00,21.2,7.2,16.6,0.0,0,LFPG
2026-07-29T01:00,20.2,5.2,12.6,0.0,0,LFPG
2026-07-29T02:00,19.6,5.4,9.7,0.0,0,LFPG
2026-07-29T03:00,19.0,5.1,9.7,0.0,0,LFPG
2026-07-29T04:00,18.3,4.3,8.6,0.0,0,LFPG
2026-07-29T05:00,18.4,3.7,6.8,0.0,0,LFPG
2026-07-29T06:00,20.2,4.2,10.1,0.0,0,LFPG
2026-07-29T07:00,24.0,1.9,9.7,0.0,0,LFPG
2026-07-29T08:00,27.2,1.2,10.1,0.0,0,LFPG
2026-07-29T09:00,29.9,1.3,11.2,0.0,0,LFPG
2026-07-29T10:00,31.7,4.4,16.2,0.0,0,LFPG
2026-07-29T11:00,33.1,7.0,20.9,0.0,0,LFPG
2026-07-29T12:00,34.7,7.8,24.1,0.0,0,LFPG
2026-07-29T13:00,35.8,9.4,24.5,0.0,0,LFPG
2026-07-29T14:00,36.4,12.2,29.2,0.0,0,LFPG
2026-07-29T15:00,36.6,11.6,29.5,0.0,0,LFPG
2026-07-29T16:00,36.9,10.7,27.4,0.0,4,LFPG
2026-07-29T17:00,36.6,13.9,29.2,0.0,0,LFPG
2026-07-29T18:00,35.5,13.3,30.6,0.0,0,LFPG
2026-07-29T19:00,33.0,6.4,25.2,0.0,0,LFPG
2026-07-29T20:00,31.3,6.5,11.5,0.0,0,LFPG
2026-07-29T21:00,30.3,3.7,10.1,0.0,0,LFPG
2026-07-29T22:00,27.9,12.6,21.2,0.0,0,LFPG
2026-07-29T23:00,24.4,12.4,27.7,0.0,0,LFPG
2026-07-30T00:00,22.3,11.5,23.0,0.0,0,LFPG
2026-07-30T01:00,21.6,10.4,21.2,0.0,0,LFPG
2026-07-30T02:00,20.7,9.4,18.7,0.0,0,LFPG
2026-07-30T03:00,19.9,8.7,17.3,0.0,0,LFPG
2026-07-30T04:00,19.2,10.7,19.8,0.0,5,LFPG
2026-07-30T05:00,19.1,10.8,20.2,0.0,48,LFPG
2026-07-30T06:00,19.9,10.0,20.2,0.0,49,LFPG
2026-07-30T07:00,21.6,8.5,21.2,0.0,98,LFPG
2026-07-30T08:00,22.7,11.1,24.5,0.0,100,LFPG
2026-07-30T09:00,21.3,10.7,41.8,0.4,100,LFPG
2026-07-30T10:00,19.9,5.5,21.6,1.6,100,LFPG
2026-07-30T11:00,21.4,7.6,18.0,0.0,99,LFPG
2026-07-30T12:00,21.7,8.8,27.4,0.0,80,LFPG
2026-07-30T13:00,25.0,9.2,25.2,0.0,3,LFPG
2026-07-30T14:00,26.1,9.3,26.3,0.0,10,LFPG
2026-07-30T15:00,26.9,10.6,27.4,0.0,21,LFPG
2026-07-30T16:00,27.3,9.6,27.0,0.0,39,LFPG
2026-07-30T17:00,27.6,6.3,23.8,0.0,41,LFPG
2026-07-30T18:00,27.3,4.8,16.2,0.0,18,LFPG
2026-07-30T19:00,25.4,8.7,15.5,0.0,70,LFPG
2026-07-30T20:00,23.4,3.7,16.2,0.0,73,LFPG
2026-07-30T21:00,22.4,10.8,17.3,0.0,82,LFPG
2026-07-30T22:00,20.8,13.7,27.0,0.0,88,LFPG
2026-07-30T23:00,19.9,12.8,25.9,0.0,84,LFPG
2026-07-31T00:00,18.8,11.8,24.5,0.0,88,LFPG
2026-07-31T01:00,18.6,10.3,22.0,0.0,100,LFPG
2026-07-31T02:00,18.4,8.1,18.7,0.0,100,LFPG
2026-07-31T03:00,18.0,6.7,14.8,0.0,100,LFPG
2026-07-31T04:00,17.7,5.5,12.2,0.0,100,LFPG
2026-07-31T05:00,17.7,6.2,11.2,0.0,100,LFPG
2026-07-31T06:00,17.9,6.6,13.3,0.0,100,LFPG
2026-07-31T07:00,19.2,6.7,16.6,0.0,46,LFPG
2026-07-31T08:00,21.2,6.8,20.2,0.0,44,LFPG
2026-07-31T09:00,22.6,5.7,20.2,0.0,89,LFPG
2026-07-31T10:00,23.8,5.9,20.5,0.0,70,LFPG
2026-07-31T11:00,24.9,6.9,22.3,0.0,38,LFPG
2026-07-31T12:00,25.9,9.9,24.1,0.0,42,LFPG
2026-07-31T13:00,26.7,10.4,28.1,0.0,32,LFPG
2026-07-31T14:00,27.0,10.3,28.1,0.0,56,LFPG
2026-07-31T15:00,27.1,10.7,27.7,0.0,59,LFPG
2026-07-31T16:00,27.0,9.3,27.4,0.0,93,LFPG
2026-07-31T17:00,26.8,7.3,23.4,0.0,96,LFPG
2026-07-31T18:00,26.1,6.9,17.6,0.0,13,LFPG
2026-07-31T19:00,24.4,10.9,20.5,0.0,27,LFPG
2026-07-31T20:00,22.7,14.0,24.8,0.0,68,LFPG
2026-07-31T21:00,21.4,14.3,30.2,0.0,0,LFPG
2026-07-31T22:00,20.2,12.1,27.0,0.0,16,LFPG
2026-07-31T23:00,19.0,9.5,22.3,0.0,88,LFPG
2026-08-01T00:00,17.9,10.2,19.4,0.0,100,LFPG
2026-08-01T01:00,18.0,11.1,20.9,0.1,97,LFPG
2026-08-01T02:00,17.4,9.9,20.9,0.2,94,LFPG
2026-08-01T03:00,16.9,7.2,18.0,0.0,88,LFPG
2026-08-01T04:00,16.7,7.7,14.0,0.0,96,LFPG
2026-08-01T05:00,16.8,9.4,18.7,0.0,100,LFPG
2026-08-01T06:00,17.2,8.2,20.2,0.0,31,LFPG
2026-08-01T07:00,18.6,7.2,18.7,0.0,0,LFPG
2026-08-01T08:00,20.4,6.7,20.2,0.0,0,LFPG
2026-08-01T09:00,22.1,7.1,21.6,0.0,1,LFPG
2026-08-01T10:00,23.7,7.1,22.7,0.0,14,LFPG
2026-08-01T11:00,24.9,6.9,22.7,0.0,17,LFPG
2026-08-01T12:00,26.0,4.7,22.7,0.0,5,LFPG
2026-08-01T13:00,26.9,4.4,19.1,0.0,71,LFPG
2026-08-01T14:00,27.3,3.8,19.1,0.0,95,LFPG
2026-08-01T15:00,27.5,4.9,17.3,0.0,94,LFPG
2026-08-01T16:00,27.0,8.5,21.6,0.0,98,LFPG
2026-08-01T17:00,26.4,10.4,24.1,0.0,100,LFPG
2026-08-01T18:00,25.5,11.8,24.5,0.0,96,LFPG
2026-08-01T19:00,24.6,10.1,22.3,0.0,77,LFPG
2026-08-01T20:00,23.1,9.2,18.7,0.0,66,LFPG
2026-08-01T21:00,22.2,13.2,24.5,0.0,75,LFPG
2026-08-01T22:00,20.9,9.8,24.5,0.0,46,LFPG
2026-08-01T23:00,19.2,9.4,18.4,0.0,9,LFPG
2026-08-02T00:00,17.2,11.2,17.6,0.0,0,LFPG
2026-08-02T01:00,16.8,10.4,20.2,0.0,0,LFPG
2026-08-02T02:00,16.3,10.0,19.1,0.0,0,LFPG
2026-08-02T03:00,15.9,9.8,18.4,0.0,0,LFPG
2026-08-02T04:00,15.4,9.5,18.0,0.0,0,LFPG
2026-08-02T05:00,15.3,10.0,18.0,0.0,0,LFPG
2026-08-02T06:00,16.5,10.1,18.7,0.0,0,LFPG
2026-08-02T07:00,19.2,7.1,18.4,0.0,0,LFPG
2026-08-02T08:00,21.9,6.9,19.1,0.0,35,LFPG
2026-08-02T09:00,24.3,7.9,21.6,0.0,47,LFPG
2026-08-02T10:00,26.0,8.2,23.4,0.0,43,LFPG
2026-08-02T11:00,27.3,6.5,23.4,0.0,38,LFPG
2026-08-02T12:00,28.9,5.1,20.9,0.0,51,LFPG
2026-08-02T13:00,29.8,4.7,19.1,0.0,41,LFPG
2026-08-02T14:00,30.3,4.9,18.4,0.0,40,LFPG
2026-08-02T15:00,30.6,5.6,18.7,0.0,91,LFPG
2026-08-02T16:00,30.5,6.1,18.7,0.0,100,LFPG
2026-08-02T17:00,30.1,6.5,17.6,0.0,100,LFPG
2026-08-02T18:00,29.2,6.9,15.8,0.0,100,LFPG
2026-08-02T19:00,27.4,7.7,14.4,0.0,96,LFPG
2026-08-02T20:00,25.5,11.1,19.8,0.0,83,LFPG
2026-08-02T21:00,24.7,11.1,20.9,0.0,68,LFPG
2026-08-02T22:00,24.0,11.7,21.6,0.0,9,LFPG
2026-08-02T23:00,23.4,10.6,21.2,0.0,2,LFPG
2026-08-03T00:00,20.8,9.4,20.5,0.0,5,LFPG
2026-08-03T01:00,20.3,9.2,17.3,0.0,29,LFPG
2026-08-03T02:00,19.8,7.9,16.6,0.0,38,LFPG
2026-08-03T03:00,19.2,6.2,14.0,0.0,45,LFPG
2026-08-03T04:00,18.9,6.0,12.6,0.0,72,LFPG
2026-08-03T05:00,19.1,9.2,16.6,0.0,95,LFPG
2026-08-03T06:00,20.2,6.2,19.8,0.0,97,LFPG
2026-08-03T07:00,22.9,7.8,18.0,0.0,95,LFPG
2026-08-03T08:00,26.3,6.9,19.4,0.0,95,LFPG
2026-08-03T09:00,29.0,6.0,18.4,0.0,74,LFPG
2026-08-03T10:00,31.2,7.3,20.9,0.0,47,LFPG
2026-08-03T11:00,33.0,7.7,22.7,0.0,48,LFPG
2026-08-03T12:00,34.4,11.8,22.7,0.0,91,LFPG
2026-08-03T13:00,33.8,8.0,31.0,0.3,84,LFPG
2026-08-03T14:00,33.7,12.9,28.1,0.0,92,LFPG
2026-08-03T15:00,30.1,10.8,45.4,0.6,80,LFPG
2026-08-03T16:00,32.3,8.5,24.5,0.0,97,LFPG
2026-08-03T17:00,32.0,4.7,21.2,0.0,100,LFPG
2026-08-03T18:00,23.3,4.1,11.9,0.0,100,LFPG
2026-08-03T19:00,24.0,3.6,11.9,0.2,89,LFPG
2026-08-03T20:00,23.7,5.5,9.0,0.0,23,LFPG
2026-08-03T21:00,23.8,6.6,10.8,0.0,74,LFPG
2026-08-03T22:00,23.0,4.8,13.3,0.0,72,LFPG
2026-08-03T23:00,22.7,6.0,10.1,0.0,91,LFPG
2026-08-04T00:00,20.8,6.5,15.8,0.0,59,LFPG
2026-08-04T01:00,20.5,10.9,19.4,0.0,96,LFPG
2026-08-04T02:00,20.4,5.3,20.9,0.3,97,LFPG
2026-08-04T03:00,20.2,11.7,21.2,0.0,95,LFPG
2026-08-04T04:00,20.0,4.7,20.5,0.0,98,LFPG
2026-08-04T05:00,20.5,4.9,7.9,0.0,100,LFPG
2026-08-04T06:00,21.4,11.0,19.4,0.0,100,LFPG
2026-08-04T07:00,22.5,11.8,23.4,0.0,100,LFPG
2026-08-04T08:00,23.3,10.9,23.4,0.0,100,LFPG
2026-08-04T09:00,23.7,10.3,23.0,0.0,100,LFPG
2026-08-04T10:00,24.6,10.3,23.8,0.0,41,LFPG
2026-08-04T11:00,26.9,11.0,31.0,0.0,13,LFPG
2026-08-04T12:00,27.4,11.8,33.8,0.1,30,LFPG
2026-08-04T13:00,29.1,12.5,32.4,0.1,18,LFPG
2026-08-04T14:00,30.1,12.5,32.4,0.0,11,LFPG
2026-08-04T15:00,30.6,13.4,31.3,0.0,14,LFPG
2026-08-04T16:00,30.5,14.3,32.4,0.0,20,LFPG
2026-08-04T17:00,30.3,17.1,34.6,0.0,16,LFPG
2026-08-04T18:00,28.5,14.4,38.2,0.0,9,LFPG
2026-08-04T19:00,28.1,14.0,27.4,0.0,5,LFPG
2026-08-04T20:00,27.2,14.4,30.6,0.0,19,LFPG
2026-08-04T21:00,26.4,13.4,27.4,0.0,2,LFPG
2026-08-04T22:00,25.5,14.2,27.4,0.0,3,LFPG
2026-08-04T23:00,24.5,14.6,28.1,0.0,5,LFPG
2026-08-05T00:00,23.6,14.6,28.1,0.0,5,LFPG
2026-08-05T01:00,22.8,13.2,28.1,0.0,0,LFPG
2026-08-05T02:00,21.9,11.4,24.8,0.0,2,LFPG
2026-08-05T03:00,21.1,11.7,22.3,0.0,2,LFPG
2026-08-05T04:00,20.3,10.3,22.3,0.0,0,LFPG
2026-08-05T05:00,19.8,9.9,19.8,0.0,2,LFPG
2026-08-05T06:00,20.7,13.0,24.5,0.0,13,LFPG
2026-08-05T07:00,21.7,13.9,31.0,0.0,16,LFPG
2026-08-05T08:00,22.5,13.6,31.0,0.1,38,LFPG
2026-08-05T09:00,23.8,15.4,35.3,0.2,29,LFPG
2026-08-05T10:00,25.4,16.2,37.4,0.0,23,LFPG
2026-08-05T11:00,26.4,17.6,40.3,0.0,55,LFPG
2026-08-05T12:00,26.3,18.3,40.7,0.0,100,LFPG
2026-08-05T13:00,26.1,17.2,39.6,0.0,98,LFPG
2026-08-05T14:00,26.6,17.1,38.2,0.0,100,LFPG
2026-08-05T15:00,26.3,17.5,37.8,0.0,88,LFPG
2026-08-05T16:00,25.4,17.6,37.8,0.0,72,LFPG
2026-08-05T17:00,24.9,16.7,37.8,0.0,70,LFPG
2026-08-05T18:00,24.5,15.2,35.3,0.0,100,LFPG
2026-08-05T19:00,23.5,13.9,31.7,0.0,82,LFPG
2026-08-05T20:00,21.6,12.4,28.4,0.0,5,LFPG
2026-08-05T21:00,20.7,13.6,26.6,0.0,15,LFPG
2026-08-05T22:00,19.5,9.9,26.6,0.0,8,LFPG
2026-08-05T23:00,18.5,8.1,19.1,0.0,1,LFPG
2026-08-06T00:00,16.8,8.4,15.5,0.0,11,LFPG
2026-08-06T01:00,16.6,7.5,15.1,0.0,97,LFPG
2026-08-06T02:00,16.5,8.6,15.8,0.0,74,LFPG
2026-08-06T03:00,16.0,7.7,16.2,0.0,63,LFPG
2026-08-06T04:00,15.6,6.1,14.4,0.0,91,LFPG
2026-08-06T05:00,15.5,6.6,11.9,0.0,69,LFPG
2026-08-06T06:00,15.9,5.7,15.5,0.0,100,LFPG
2026-08-06T07:00,17.4,6.4,17.3,0.0,38,LFPG
2026-08-06T08:00,18.8,7.0,19.8,0.0,27,LFPG
2026-08-06T09:00,20.6,8.9,24.1,0.0,36,LFPG
2026-08-06T10:00,21.9,10.9,28.1,0.0,39,LFPG
2026-08-06T11:00,23.1,12.4,31.3,0.0,47,LFPG
2026-08-06T12:00,23.9,13.8,33.8,0.0,16,LFPG
2026-08-06T13:00,24.2,14.2,34.9,0.0,15,LFPG
2026-08-06T14:00,24.2,13.0,34.9,0.0,17,LFPG
2026-08-06T15:00,24.4,10.4,32.4,0.0,24,LFPG
2026-08-06T16:00,24.5,11.5,27.4,0.0,40,LFPG
2026-08-06T17:00,23.5,13.8,31.7,0.0,0,LFPG
2026-08-06T18:00,23.0,10.2,31.0,0.0,4,LFPG
2026-08-06T19:00,21.7,10.5,21.2,0.0,3,LFPG
2026-08-06T20:00,19.7,14.3,28.1,0.0,0,LFPG
2026-08-06T21:00,18.2,12.7,28.1,0.0,0,LFPG
2026-08-06T22:00,17.1,10.8,24.5,0.0,0,LFPG
2026-08-06T23:00,16.1,9.5,20.5,0.0,0,LFPG
2026-08-07T00:00,14.1,10.7,18.0,0.0,0,LFPG
2026-08-07T01:00,13.5,10.3,20.2,0.0,0,LFPG
2026-08-07T02:00,12.8,8.3,19.4,0.0,0,LFPG
2026-08-07T03:00,12.3,7.3,15.5,0.0,0,LFPG
2026-08-07T04:00,11.8,6.7,13.7,0.0,0,LFPG
2026-08-07T05:00,11.6,6.0,12.6,0.0,0,LFPG
2026-08-07T06:00,13.1,6.9,12.6,0.0,0,LFPG
2026-08-07T07:00,16.0,5.1,14.8,0.0,0,LFPG
2026-08-07T08:00,18.5,6.6,19.1,0.0,0,LFPG
2026-08-07T09:00,20.5,6.9,20.9,0.0,0,LFPG
2026-08-07T10:00,21.8,4.4,20.9,0.0,0,LFPG
2026-08-07T11:00,22.9,4.5,18.7,0.0,0,LFPG
2026-08-07T12:00,24.4,5.4,20.2,0.0,0,LFPG
2026-08-07T13:00,25.1,5.9,20.9,0.0,7,LFPG
2026-08-07T14:00,25.5,7.6,22.7,0.0,0,LFPG
2026-08-07T15:00,25.5,10.7,27.4,0.0,0,LFPG
2026-08-07T16:00,25.0,12.5,29.9,0.0,0,LFPG
2026-08-07T17:00,24.3,12.0,29.9,0.0,0,LFPG
2026-08-07T18:00,24.1,9.3,27.0,0.0,0,LFPG
2026-08-07T19:00,22.4,7.6,19.8,0.0,0,LFPG
2026-08-07T20:00,20.8,9.1,16.9,0.0,0,LFPG
2026-08-07T21:00,19.8,8.3,16.9,0.0,0,LFPG
2026-08-07T22:00,18.9,9.6,17.3,0.0,0,LFPG
2026-08-07T23:00,18.1,11.1,20.5,0.0,0,LFPG
2026-08-08T00:00,16.2,10.2,20.5,0.0,4,LFPG
2026-08-08T01:00,15.7,9.4,18.4,0.0,5,LFPG
2026-08-08T02:00,15.2,9.0,17.3,0.0,10,LFPG
2026-08-08T03:00,14.6,8.2,16.6,0.0,0,LFPG
2026-08-08T04:00,14.1,8.2,15.5,0.0,0,LFPG
2026-08-08T05:00,13.8,7.8,15.1,0.0,0,LFPG
2026-08-08T06:00,15.0,9.2,16.6,0.0,0,LFPG
2026-08-08T07:00,17.7,6.8,16.9,0.0,15,LFPG
2026-08-08T08:00,20.3,7.3,20.2,0.0,2,LFPG
2026-08-08T09:00,22.8,6.2,20.2,0.0,0,LFPG
2026-08-08T10:00,24.9,6.4,20.5,0.0,13,LFPG
2026-08-08T11:00,26.4,7.1,22.0,0.0,64,LFPG
2026-08-08T12:00,28.0,7.2,22.3,0.0,10,LFPG
2026-08-08T13:00,28.7,6.6,22.0,0.0,0,LFPG
2026-08-08T14:00,29.2,6.4,20.9,0.0,20,LFPG
2026-08-08T15:00,29.5,6.3,20.2,0.0,75,LFPG
2026-08-08T16:00,29.5,8.4,21.2,0.0,5,LFPG
2026-08-08T17:00,29.1,9.4,23.0,0.0,4,LFPG
2026-08-08T18:00,28.6,8.9,21.2,0.0,0,LFPG
2026-08-08T19:00,26.7,9.5,17.6,0.0,0,LFPG
2026-08-08T20:00,25.1,7.4,18.0,0.0,2,LFPG
2026-08-08T21:00,23.7,6.7,13.3,0.0,0,LFPG
2026-08-08T22:00,22.7,7.6,14.4,0.0,9,LFPG
2026-08-08T23:00,21.5,6.8,14.0,0.0,5,LFPG
2026-08-09T00:00,19.3,5.7,12.2,0.0,41,LFPG
2026-08-09T01:00,18.8,6.5,11.9,0.0,90,LFPG
2026-08-09T02:00,18.4,6.4,11.9,0.0,95,LFPG
2026-08-09T03:00,18.1,7.2,13.0,0.0,99,LFPG
2026-08-09T04:00,18.0,6.3,13.7,0.0,98,LFPG
2026-08-09T05:00,18.3,5.8,11.5,0.0,98,LFPG
2026-08-09T06:00,18.4,7.1,10.1,0.0,100,LFPG
2026-08-09T07:00,19.8,5.6,14.4,0.0,97,LFPG
2026-08-09T08:00,22.2,5.4,14.8,0.0,99,LFPG
2026-08-09T09:00,23.8,8.0,18.4,0.0,100,LFPG
2026-08-09T10:00,25.2,8.9,20.5,0.0,71,LFPG
2026-08-09T11:00,27.6,6.3,21.6,0.0,45,LFPG
2026-08-09T12:00,27.9,2.7,19.1,0.0,72,LFPG
2026-08-09T13:00,30.1,4.2,19.1,0.0,11,LFPG
2026-08-09T14:00,30.9,1.7,16.9,0.0,0,LFPG
2026-08-09T15:00,31.5,1.3,13.0,0.0,5,LFPG
2026-08-09T16:00,31.8,2.2,11.5,0.0,3,LFPG
2026-08-09T17:00,31.6,4.7,13.0,0.0,10,LFPG
2026-08-09T18:00,30.6,4.9,14.4,0.0,6,LFPG
2026-08-09T19:00,28.5,6.0,11.2,0.0,8,LFPG
2026-08-09T20:00,27.0,6.5,12.6,0.0,16,LFPG
2026-08-09T21:00,25.9,1.7,12.2,0.0,2,LFPG
2026-08-09T22:00,24.4,15.8,33.8,0.0,2,LFPG
2026-08-09T23:00,22.6,9.0,29.5,0.0,1,LFPG
2026-08-10T00:00,21.0,7.6,16.6,0.0,9,LFPG
2026-08-10T01:00,20.5,6.0,13.3,0.0,0,LFPG
2026-08-10T02:00,19.8,6.9,13.3,0.0,0,LFPG
2026-08-10T03:00,19.0,6.3,13.3,0.0,0,LFPG
2026-08-10T04:00,18.4,7.2,13.3,0.0,1,LFPG
2026-08-10T05:00,18.0,7.9,14.4,0.0,0,LFPG
2026-08-10T06:00,18.4,7.5,16.6,0.0,20,LFPG
2026-08-10T07:00,20.5,5.8,15.8,0.0,26,LFPG
2026-08-10T08:00,22.5,6.5,18.7,0.0,17,LFPG
2026-08-10T09:00,24.8,8.5,23.0,0.0,2,LFPG
2026-08-10T10:00,26.6,9.6,26.3,0.0,0,LFPG
2026-08-10T11:00,28.1,7.8,25.6,0.0,0,LFPG
2026-08-10T12:00,29.5,8.2,23.4,0.0,0,LFPG
2026-08-10T13:00,30.2,8.8,24.8,0.0,0,LFPG
2026-08-10T14:00,30.6,9.2,24.8,0.0,0,LFPG
2026-08-10T15:00,30.6,9.6,25.2,0.0,0,LFPG
2026-08-10T16:00,30.3,9.6,25.2,0.0,0,LFPG
2026-08-10T17:00,29.7,10.1,24.1,0.0,0,LFPG
2026-08-10T18:00,29.0,10.2,23.0,0.0,0,LFPG
2026-08-10T19:00,27.3,9.9,19.4,0.0,1,LFPG
2026-08-10T20:00,25.4,9.0,20.2,0.0,8,LFPG
2026-08-10T21:00,24.2,14.3,25.9,0.0,0,LFPG
2026-08-10T22:00,22.6,15.9,32.0,0.0,0,LFPG
2026-08-10T23:00,21.4,14.5,30.6,0.0,1,LFPG
2026-08-11T00:00,19.7,14.4,28.1,0.0,11,LFPG
2026-08-11T01:00,19.3,13.6,27.4,0.0,6,LFPG
2026-08-11T02:00,18.6,13.4,26.3,0.0,1,LFPG
2026-08-11T03:00,18.0,12.9,25.9,0.0,5,LFPG
2026-08-11T04:00,17.4,12.2,24.5,0.0,0,LFPG
2026-08-11T05:00,17.1,11.4,23.0,0.0,2,LFPG
2026-08-11T06:00,18.1,10.1,21.6,0.0,0,LFPG
2026-08-11T07:00,20.2,11.2,24.8,0.0,0,LFPG
2026-08-11T08:00,22.4,10.9,26.6,0.0,2,LFPG
2026-08-11T09:00,24.6,10.9,27.4,0.0,15,LFPG
2026-08-11T10:00,26.7,11.5,28.8,0.0,29,LFPG
2026-08-11T11:00,28.2,11.2,29.2,0.0,0,LFPG
2026-08-11T12:00,29.6,11.2,29.2,0.0,0,LFPG
2026-08-11T13:00,30.3,10.7,29.2,0.0,0,LFPG
2026-08-11T14:00,30.8,10.3,28.1,0.0,0,LFPG
2026-08-11T15:00,30.8,11.1,27.7,0.0,0,LFPG
2026-08-11T16:00,30.5,12.7,29.5,0.0,0,LFPG
2026-08-11T17:00,29.8,13.3,29.9,0.0,0,LFPG
2026-08-11T18:00,29.1,12.4,29.2,0.0,0,LFPG
2026-08-11T19:00,27.3,10.7,24.1,0.0,0,LFPG
2026-08-11T20:00,25.6,12.1,22.3,0.0,0,LFPG
2026-08-11T21:00,24.6,14.6,27.7,0.0,0,LFPG
2026-08-11T22:00,23.4,12.8,27.4,0.0,0,LFPG
2026-08-11T23:00,22.4,11.6,23.8,0.0,0,LFPG
2026-08-12T00:00,20.8,12.0,21.6,0.0,0,LFPG
2026-08-12T01:00,20.5,10.9,22.0,0.0,0,LFPG
2026-08-12T02:00,20.2,9.7,20.2,0.0,0,LFPG
2026-08-12T03:00,19.9,9.0,18.0,0.0,0,LFPG
2026-08-12T04:00,19.4,8.2,16.6,0.0,0,LFPG
2026-08-12T05:00,19.1,9.0,16.2,0.0,0,LFPG
2026-08-12T06:00,20.0,9.8,17.6,0.0,0,LFPG
2026-08-12T07:00,22.3,8.1,17.6,0.0,0,LFPG
2026-08-12T08:00,24.5,8.4,20.9,0.0,0,LFPG
2026-08-12T09:00,26.8,8.0,21.2,0.0,0,LFPG
2026-08-12T10:00,29.1,8.7,23.4,0.0,0,LFPG
2026-08-12T11:00,30.6,9.4,25.2,0.0,0,LFPG
2026-08-12T12:00,32.4,7.7,25.2,0.0,0,LFPG
2026-08-12T13:00,33.1,6.9,22.0,0.0,0,LFPG
2026-08-12T14:00,33.5,6.8,20.9,0.0,0,LFPG
2026-08-12T15:00,33.7,6.7,20.5,0.0,0,LFPG
2026-08-12T16:00,33.7,7.3,19.1,0.0,0,LFPG
2026-08-12T17:00,33.1,8.1,18.7,0.0,0,LFPG
2026-08-12T18:00,31.3,4.2,18.4,0.0,0,LFPG
2026-08-12T19:00,29.1,6.2,11.2,0.0,0,LFPG
2026-08-12T20:00,27.8,6.9,12.6,0.0,0,LFPG
2026-08-12T21:00,26.9,7.5,14.0,0.0,0,LFPG
2026-08-12T22:00,25.9,6.8,13.7,0.0,0,LFPG
2026-08-12T23:00,24.9,9.4,16.9,0.0,0,LFPG
2026-08-13T00:00,22.4,9.4,17.6,0.0,0,LFPG
2026-08-13T01:00,22.3,7.9,16.9,0.0,0,LFPG
2026-08-13T02:00,22.4,7.5,14.4,0.0,0,LFPG
2026-08-13T03:00,22.1,7.0,13.7,0.0,0,LFPG
2026-08-13T04:00,21.5,7.0,13.0,0.0,0,LFPG
2026-08-13T05:00,21.0,6.7,12.6,0.0,0,LFPG
2026-08-13T06:00,21.7,7.4,11.9,0.0,0,LFPG
2026-08-13T07:00,24.2,4.8,13.0,0.0,0,LFPG
2026-08-13T08:00,26.8,3.8,13.0,0.0,0,LFPG
2026-08-13T09:00,29.4,3.8,14.4,0.0,0,LFPG
2026-08-13T10:00,31.7,4.2,15.8,0.0,0,LFPG
2026-08-13T11:00,33.4,5.2,17.6,0.0,0,LFPG
2026-08-13T12:00,35.3,4.8,18.4,0.0,0,LFPG
2026-08-13T13:00,35.9,3.5,16.6,0.0,0,LFPG
2026-08-13T14:00,36.2,2.8,15.1,0.0,1,LFPG
2026-08-13T15:00,36.4,2.7,13.7,0.0,14,LFPG
2026-08-13T16:00,36.3,4.8,13.7,0.0,6,LFPG
2026-08-13T17:00,35.6,8.3,18.7,0.0,0,LFPG
2026-08-13T18:00,34.0,10.6,23.4,0.0,2,LFPG
2026-08-13T19:00,31.7,9.9,20.2,0.0,1,LFPG
2026-08-13T20:00,30.0,7.3,18.4,0.0,0,LFPG
2026-08-13T21:00,28.6,6.1,13.3,0.0,1,LFPG
2026-08-13T22:00,27.4,6.7,11.9,0.0,1,LFPG
2026-08-13T23:00,26.4,6.5,13.0,0.0,1,LFPG
2026-08-14T00:00,23.5,5.4,11.9,0.0,0,LFPG
2026-08-14T01:00,23.1,5.7,10.4,0.0,0,LFPG
2026-08-14T02:00,22.5,5.2,10.1,0.0,0,LFPG
2026-08-14T03:00,22.0,5.4,9.7,0.0,0,LFPG
2026-08-14T04:00,21.5,5.7,10.1,0.0,0,LFPG
2026-08-14T05:00,21.1,5.1,9.7,0.0,0,LFPG
2026-08-14T06:00,21.9,5.8,8.3,0.0,0,LFPG
2026-08-14T07:00,25.3,3.4,10.4,0.0,0,LFPG
2026-08-14T08:00,29.3,2.0,10.1,0.0,0,LFPG
2026-08-14T09:00,32.8,2.2,10.8,0.0,0,LFPG
2026-08-14T10:00,34.6,3.3,13.7,0.0,0,LFPG
2026-08-14T11:00,35.8,5.0,16.9,0.0,0,LFPG
2026-08-14T12:00,36.6,2.5,17.3,0.0,19,LFPG
2026-08-14T13:00,37.0,1.7,13.0,0.0,16,LFPG
2026-08-14T14:00,37.3,2.3,13.0,0.0,12,LFPG
2026-08-14T15:00,37.2,4.5,14.8,0.0,5,LFPG
2026-08-14T16:00,37.0,5.5,15.1,0.0,9,LFPG
2026-08-14T17:00,36.2,6.2,14.8,0.0,56,LFPG
2026-08-14T18:00,34.9,7.6,15.1,0.0,43,LFPG
2026-08-14T19:00,33.8,5.6,14.0,0.0,39,LFPG
2026-08-14T20:00,32.0,4.4,10.8,0.0,38,LFPG
2026-08-14T21:00,29.9,3.6,6.8,0.0,8,LFPG
2026-08-14T22:00,28.1,5.3,11.5,0.0,1,LFPG
2026-08-14T23:00,26.3,4.0,9.7,0.0,5,LFPG
2026-08-15T00:00,23.5,9.6,47.2,0.0,28,LFPG
2026-08-15T01:00,23.1,19.0,35.3,0.0,70,LFPG
2026-08-15T02:00,22.2,16.3,38.5,0.0,47,LFPG
2026-08-15T03:00,22.0,9.2,31.0,0.0,5,LFPG
2026-08-15T04:00,21.5,5.4,16.2,0.0,5,LFPG
2026-08-15T05:00,21.1,0.6,9.7,0.0,13,LFPG
2026-08-15T06:00,21.2,2.5,9.0,0.0,100,LFPG
2026-08-15T07:00,19.8,13.9,23.0,2.4,92,LFPG
2026-08-15T08:00,22.7,9.4,27.4,0.0,60,LFPG
2026-08-15T09:00,26.7,5.6,19.4,0.0,84,LFPG
2026-08-15T10:00,27.9,10.3,25.6,0.0,89,LFPG
2026-08-15T11:00,28.8,10.0,27.7,0.0,74,LFPG
2026-08-15T12:00,29.9,14.4,27.0,0.0,58,LFPG
2026-08-15T13:00,30.8,12.4,33.5,0.0,95,LFPG
2026-08-15T14:00,30.8,11.0,30.6,0.0,98,LFPG
2026-08-15T15:00,30.8,8.8,26.6,0.0,95,LFPG
2026-08-15T16:00,30.9,8.5,22.3,0.0,88,LFPG
2026-08-15T17:00,30.3,8.5,22.7,0.0,75,LFPG
2026-08-15T18:00,29.9,7.7,19.4,0.0,75,LFPG
2026-08-15T19:00,28.2,6.2,14.0,0.0,48,LFPG
2026-08-15T20:00,26.9,8.9,15.1,0.0,55,LFPG
2026-08-15T21:00,25.8,14.2,27.0,0.0,4,LFPG
2026-08-15T22:00,24.8,11.6,27.0,0.0,2,LFPG
2026-08-15T23:00,24.0,10.4,21.6,0.0,0,LFPG
2026-08-16T00:00,21.2,9.7,19.8,0.0,68,LFPG
2026-08-16T01:00,21.2,2.7,18.0,0.4,77,LFPG
2026-08-16T02:00,20.4,11.3,21.6,0.5,9,LFPG
2026-08-16T03:00,19.9,9.8,20.2,0.1,13,LFPG
2026-08-16T04:00,19.4,8.8,18.0,0.0,5,LFPG
2026-08-16T05:00,19.0,8.5,15.8,0.0,1,LFPG
2026-08-16T06:00,19.4,8.2,16.6,0.0,26,LFPG
2026-08-16T07:00,20.8,10.5,23.4,0.0,6,LFPG
2026-08-16T08:00,22.9,9.2,24.5,0.0,10,LFPG
2026-08-16T09:00,24.8,5.4,23.4,0.0,19,LFPG
2026-08-16T10:00,26.8,5.7,19.4,0.0,58,LFPG
2026-08-16T11:00,27.9,5.0,21.6,0.0,22,LFPG
2026-08-16T12:00,28.7,6.0,20.9,0.0,59,LFPG
2026-08-16T13:00,28.9,4.6,23.0,0.0,16,LFPG
2026-08-16T14:00,29.8,4.9,20.9,0.0,63,LFPG
2026-08-16T15:00,29.8,6.2,19.1,0.0,100,LFPG
2026-08-16T16:00,27.7,8.7,22.3,0.6,100,LFPG
2026-08-16T17:00,27.8,7.6,20.9,0.1,99,LFPG
2026-08-16T18:00,27.4,7.9,18.7,0.0,97,LFPG
2026-08-16T19:00,26.3,8.1,16.2,0.0,100,LFPG
2026-08-16T20:00,25.1,7.7,15.5,0.0,94,LFPG
2026-08-16T21:00,24.2,7.7,14.8,0.0,87,LFPG
2026-08-16T22:00,23.4,6.5,14.0,0.0,23,LFPG
2026-08-16T23:00,22.3,9.2,16.9,0.0,48,LFPG
2026-08-17T00:00,21.0,9.6,19.4,0.0,94,LFPG
2026-08-17T01:00,20.9,8.2,18.0,0.0,98,LFPG
2026-08-17T02:00,20.5,5.9,14.8,0.0,100,LFPG
2026-08-17T03:00,20.0,4.4,10.8,0.0,99,LFPG
2026-08-17T04:00,19.8,7.0,13.0,0.0,98,LFPG
2026-08-17T05:00,19.6,8.1,14.0,0.3,100,LFPG
2026-08-17T06:00,19.8,8.8,15.8,0.5,97,LFPG
2026-08-17T07:00,21.3,6.8,17.3,0.1,83,LFPG
2026-08-17T08:00,22.6,8.0,20.5,0.0,71,LFPG
2026-08-17T09:00,23.8,3.9,21.6,0.0,100,LFPG
2026-08-17T10:00,25.2,7.3,21.6,0.0,84,LFPG
2026-08-17T11:00,26.4,10.3,27.4,0.0,30,LFPG
2026-08-17T12:00,27.7,12.8,33.8,0.0,40,LFPG
2026-08-17T13:00,28.2,13.6,32.4,0.0,50,LFPG
2026-08-17T14:00,28.4,14.4,32.4,0.0,83,LFPG
2026-08-17T15:00,28.2,18.4,39.2,0.0,64,LFPG
2026-08-17T16:00,27.9,17.1,40.7,0.0,92,LFPG
2026-08-17T17:00,26.3,20.0,41.4,0.0,20,LFPG
2026-08-17T18:00,25.7,16.3,41.4,0.0,73,LFPG
2026-08-17T19:00,24.5,13.0,32.0,0.0,32,LFPG
2026-08-17T20:00,23.1,10.7,25.2,0.0,12,LFPG
2026-08-17T21:00,22.2,10.5,20.9,0.0,10,LFPG
2026-08-17T22:00,21.4,9.8,19.8,0.0,34,LFPG
2026-08-17T23:00,20.7,8.1,18.7,0.0,30,LFPG
2026-08-18T00:00,19.2,7.6,15.5,0.0,37,LFPG
2026-08-18T01:00,18.9,7.7,14.4,0.0,82,LFPG
2026-08-18T02:00,19.0,8.7,16.6,0.0,100,LFPG
2026-08-18T03:00,19.0,10.1,19.8,0.0,100,LFPG
2026-08-18T04:00,19.1,13.0,26.6,0.0,100,LFPG
2026-08-18T05:00,18.9,13.6,28.1,0.0,100,LFPG
2026-08-18T06:00,19.2,14.9,31.3,0.0,100,LFPG
2026-08-18T07:00,19.6,15.3,32.4,0.0,100,LFPG
2026-08-18T08:00,20.4,14.5,32.8,0.0,99,LFPG
2026-08-18T09:00,22.1,14.9,34.6,0.0,98,LFPG
2026-08-18T10:00,23.2,15.9,36.4,0.0,100,LFPG
2026-08-18T11:00,25.1,17.7,39.6,0.0,100,LFPG
2026-08-18T12:00,25.0,16.9,39.6,0.0,100,LFPG
2026-08-18T13:00,25.3,19.6,42.1,0.2,88,LFPG
2026-08-18T14:00,26.5,19.4,42.5,0.1,100,LFPG
2026-08-18T15:00,26.5,20.4,43.6,0.1,100,LFPG
2026-08-18T16:00,25.4,19.8,42.8,0.2,100,LFPG
2026-08-18T17:00,25.0,19.6,41.0,0.1,96,LFPG
2026-08-18T18:00,23.7,15.5,40.3,0.1,100,LFPG
2026-08-18T19:00,23.0,13.2,31.0,0.0,100,LFPG
2026-08-18T20:00,22.1,9.8,25.6,0.0,29,LFPG
2026-08-18T21:00,21.6,8.8,18.4,0.0,100,LFPG
2026-08-18T22:00,21.3,11.2,21.6,0.1,39,LFPG
2026-08-18T23:00,21.0,9.6,21.2,0.0,92,LFPG
2026-08-19T00:00,19.3,10.8,17.6,0.0,41,LFPG
2026-08-19T01:00,19.8,9.4,21.2,0.4,100,LFPG
2026-08-19T02:00,19.8,9.4,17.6,0.4,100,LFPG
2026-08-19T03:00,19.9,10.3,18.4,0.1,100,LFPG
2026-08-19T04:00,19.7,9.5,18.0,0.3,69,LFPG
2026-08-19T05:00,19.3,8.1,16.6,0.5,73,LFPG
2026-08-19T06:00,19.4,7.4,16.9,0.4,100,LFPG
2026-08-19T07:00,20.1,6.4,14.0,0.2,69,LFPG
2026-08-19T08:00,21.1,8.0,19.1,0.0,100,LFPG
2026-08-19T09:00,22.8,12.6,28.4,0.0,100,LFPG
2026-08-19T10:00,24.3,18.2,38.9,0.1,53,LFPG
2026-08-19T11:00,26.0,20.5,44.3,0.3,22,LFPG
2026-08-19T12:00,27.5,24.7,53.3,0.1,73,LFPG
2026-08-19T13:00,27.7,26.4,56.2,0.0,52,LFPG
2026-08-19T14:00,27.5,26.5,58.3,0.0,32,LFPG
2026-08-19T15:00,27.4,27.7,61.9,0.0,100,LFPG
2026-08-19T16:00,22.7,23.7,61.9,2.0,99,LFPG
2026-08-19T17:00,20.5,24.5,49.0,3.8,99,LFPG
2026-08-19T18:00,19.5,17.5,48.2,1.1,99,LFPG
2026-08-19T19:00,18.8,15.9,33.8,0.2,73,LFPG
2026-08-19T20:00,17.9,12.2,29.5,0.0,23,LFPG
2026-08-19T21:00,17.0,11.2,22.7,0.0,1,LFPG
2026-08-19T22:00,16.5,10.9,21.6,0.0,1,LFPG
2026-08-19T23:00,16.3,9.3,20.2,0.0,3,LFPG
2026-08-20T00:00,17.4,12.4,17.3,0.0,100,LFPG
2026-08-20T01:00,17.1,12.3,25.2,0.0,59,LFPG
2026-08-20T02:00,16.1,11.8,24.1,0.0,1,LFPG
2026-08-20T03:00,15.3,10.5,22.7,0.0,2,LFPG
2026-08-20T04:00,14.8,9.7,19.8,0.0,2,LFPG
2026-08-20T05:00,14.6,9.4,18.7,0.0,3,LFPG
2026-08-20T06:00,15.8,11.3,20.5,0.0,2,LFPG
2026-08-20T07:00,17.0,14.6,31.3,0.0,5,LFPG
2026-08-20T08:00,18.1,14.6,33.5,0.0,70,LFPG
2026-08-20T09:00,19.8,16.7,37.1,0.0,46,LFPG
2026-08-20T10:00,20.9,18.6,41.4,0.0,87,LFPG
2026-08-20T11:00,21.5,19.5,42.8,0.1,32,LFPG
2026-08-20T12:00,22.6,19.9,44.3,0.1,53,LFPG
2026-08-20T13:00,23.0,20.1,43.9,0.1,29,LFPG
2026-08-20T14:00,23.4,20.9,45.4,0.1,21,LFPG
2026-08-20T15:00,23.6,19.7,45.0,0.1,20,LFPG
2026-08-20T16:00,23.6,17.5,43.2,0.0,22,LFPG
2026-08-20T17:00,23.2,17.6,37.1,0.0,35,LFPG
2026-08-20T18:00,21.3,12.7,36.0,0.0,18,LFPG
2026-08-20T19:00,19.4,7.6,25.2,0.0,24,LFPG
2026-08-20T20:00,18.8,9.2,16.9,0.0,64,LFPG
2026-08-20T21:00,17.6,5.5,16.2,0.0,64,LFPG
2026-08-20T22:00,16.8,5.1,11.9,0.0,99,LFPG
2026-08-20T23:00,16.2,2.2,9.0,0.0,100,LFPG
2026-08-21T00:00,15.6,3.7,4.7,0.0,100,LFPG
2026-08-21T01:00,15.4,2.9,5.0,0.0,98,LFPG
2026-08-21T02:00,15.2,4.0,6.8,0.0,98,LFPG
2026-08-21T03:00,15.1,5.8,10.1,0.0,79,LFPG
2026-08-21T04:00,14.6,4.9,10.4,0.1,55,LFPG
2026-08-21T05:00,14.3,3.8,8.6,0.0,86,LFPG
2026-08-21T06:00,15.1,6.7,11.2,0.0,73,LFPG
2026-08-21T07:00,16.8,4.4,13.0,0.0,50,LFPG
2026-08-21T08:00,18.4,6.7,22.7,0.0,74,LFPG
2026-08-21T09:00,19.4,8.7,23.0,0.0,86,LFPG
2026-08-21T10:00,20.3,9.8,25.9,0.0,98,LFPG
2026-08-21T11:00,21.0,10.4,27.4,0.0,67,LFPG
2026-08-21T12:00,21.7,13.3,29.2,0.1,94,LFPG
2026-08-21T13:00,21.6,13.0,32.8,0.0,34,LFPG
2026-08-21T14:00,21.8,16.4,37.8,0.1,49,LFPG
2026-08-21T15:00,19.4,19.2,40.3,0.3,71,LFPG
2026-08-21T16:00,18.4,11.5,41.8,1.6,20,LFPG
2026-08-21T17:00,18.8,10.3,28.1,0.1,42,LFPG
2026-08-21T18:00,18.1,8.2,26.3,0.1,19,LFPG
2026-08-21T19:00,16.7,10.7,19.4,0.0,41,LFPG
2026-08-21T20:00,15.4,10.4,23.8,0.0,75,LFPG
2026-08-21T21:00,14.8,9.5,19.4,0.0,98,LFPG
2026-08-21T22:00,14.6,9.6,18.0,0.0,95,LFPG
2026-08-21T23:00,14.3,8.8,18.0,0.0,80,LFPG
2026-08-22T00:00,13.5,9.0,16.2,0.0,9,LFPG
2026-08-22T01:00,13.0,7.5,16.2,0.0,6,LFPG
2026-08-22T02:00,12.6,8.0,14.4,0.0,3,LFPG
2026-08-22T03:00,12.2,8.5,17.3,0.0,6,LFPG
2026-08-22T04:00,11.7,4.7,15.5,0.0,5,LFPG
2026-08-22T05:00,11.3,4.9,9.4,0.0,2,LFPG
2026-08-22T06:00,12.1,6.3,13.3,0.0,0,LFPG
2026-08-22T07:00,14.1,5.1,14.0,0.0,0,LFPG
2026-08-22T08:00,16.0,6.5,18.7,0.0,0,LFPG
2026-08-22T09:00,17.7,7.3,20.9,0.0,20,LFPG
2026-08-22T10:00,18.8,8.5,23.4,0.1,23,LFPG
2026-08-22T11:00,19.8,9.7,25.9,0.2,26,LFPG
2026-08-22T12:00,20.7,7.9,25.9,0.2,23,LFPG
2026-08-22T13:00,21.1,7.3,22.7,0.1,27,LFPG
2026-08-22T14:00,21.3,6.7,22.0,0.0,30,LFPG
2026-08-22T15:00,21.5,6.7,20.9,0.0,80,LFPG
2026-08-22T16:00,21.2,8.8,20.5,0.0,72,LFPG
2026-08-22T17:00,19.2,15.6,32.8,0.0,94,LFPG
2026-08-22T18:00,18.9,9.7,32.8,0.0,100,LFPG
2026-08-22T19:00,17.6,10.4,19.1,0.0,99,LFPG
2026-08-22T20:00,16.8,11.8,21.2,0.0,99,LFPG
2026-08-22T21:00,16.0,13.4,24.8,0.0,100,LFPG
2026-08-22T22:00,15.6,12.5,24.8,0.0,94,LFPG
2026-08-22T23:00,15.0,13.4,24.8,0.0,70,LFPG
2026-08-23T00:00,14.5,13.7,25.2,0.0,100,LFPG
2026-08-23T01:00,14.1,11.8,25.6,0.0,16,LFPG
2026-08-23T02:00,13.2,10.8,22.0,0.0,17,LFPG
2026-08-23T03:00,12.6,10.7,19.8,0.0,11,LFPG
2026-08-23T04:00,12.1,10.9,20.2,0.0,9,LFPG
2026-08-23T05:00,11.7,10.9,20.2,0.0,9,LFPG
2026-08-23T06:00,12.5,11.8,22.0,0.0,5,LFPG
2026-08-23T07:00,14.4,10.6,22.7,0.0,3,LFPG
2026-08-23T08:00,16.4,11.6,27.0,0.0,88,LFPG
2026-08-23T09:00,18.0,13.8,32.0,0.0,74,LFPG
2026-08-23T10:00,19.4,13.4,32.4,0.0,41,LFPG
2026-08-23T11:00,20.4,12.8,32.0,0.0,89,LFPG
2026-08-23T12:00,21.6,13.8,32.4,0.0,76,LFPG
2026-08-23T13:00,22.0,13.6,33.8,0.0,91,LFPG
2026-08-23T14:00,22.3,14.3,33.5,0.0,92,LFPG
2026-08-23T15:00,22.3,14.8,34.2,0.0,63,LFPG
2026-08-23T16:00,22.1,15.5,34.2,0.0,24,LFPG
2026-08-23T17:00,21.6,15.7,33.8,0.0,26,LFPG
2026-08-23T18:00,20.4,10.7,32.4,0.0,5,LFPG
2026-08-23T19:00,18.5,13.4,24.1,0.0,38,LFPG
2026-08-23T20:00,17.4,15.4,28.8,0.0,19,LFPG
2026-08-23T21:00,16.6,15.2,29.5,0.0,50,LFPG
2026-08-23T22:00,16.0,15.4,29.2,0.0,33,LFPG
2026-08-23T23:00,15.6,14.9,29.2,0.0,81,LFPG
2026-08-24T00:00,15.5,16.6,28.4,0.0,98,LFPG
2026-08-24T01:00,15.4,17.5,33.8,0.2,93,LFPG
2026-08-24T02:00,15.2,14.7,32.8,0.0,100,LFPG
2026-08-24T03:00,15.1,15.2,29.9,0.0,100,LFPG
2026-08-24T04:00,14.9,15.5,29.5,0.0,99,LFPG
2026-08-24T05:00,14.6,14.7,29.5,0.0,98,LFPG
2026-08-24T06:00,14.7,16.2,28.1,0.0,98,LFPG
2026-08-24T07:00,15.9,15.5,31.0,0.0,94,LFPG
2026-08-24T08:00,17.6,15.2,33.8,0.0,98,LFPG
2026-08-24T09:00,19.4,14.9,33.5,0.0,66,LFPG
2026-08-24T10:00,21.2,16.2,36.7,0.0,57,LFPG
2026-08-24T11:00,22.7,17.2,38.9,0.0,77,LFPG
2026-08-24T12:00,23.4,17.1,39.6,0.0,40,LFPG
2026-08-24T13:00,24.7,17.5,40.0,0.0,58,LFPG
2026-08-24T14:00,25.2,17.2,40.3,0.0,97,LFPG
2026-08-24T15:00,25.0,16.8,38.5,0.0,96,LFPG
2026-08-24T16:00,24.5,16.6,37.1,0.0,96,LFPG
2026-08-24T17:00,23.7,15.6,35.6,0.0,85,LFPG
2026-08-24T18:00,22.8,13.1,32.0,0.0,99,LFPG
2026-08-24T19:00,21.5,15.2,28.1,0.0,98,LFPG
2026-08-24T20:00,20.5,16.5,32.0,0.0,99,LFPG
2026-08-24T21:00,19.7,14.5,31.3,0.0,100,LFPG
2026-08-24T22:00,19.2,13.6,27.0,0.0,98,LFPG
2026-08-24T23:00,18.3,10.5,25.2,0.0,98,LFPG
2026-08-25T00:00,18.0,11.3,20.2,0.0,100,LFPG
2026-08-25T01:00,17.9,11.1,21.6,0.0,100,LFPG
2026-08-25T02:00,17.4,10.4,20.5,0.0,100,LFPG
2026-08-25T03:00,17.1,6.0,19.1,0.0,100,LFPG
2026-08-25T04:00,16.6,6.6,11.9,0.0,95,LFPG
2026-08-25T05:00,16.4,12.2,22.0,0.0,73,LFPG
2026-08-25T06:00,15.5,7.3,22.7,0.0,59,LFPG
2026-08-25T07:00,16.7,2.6,13.7,0.3,91,LFPG
2026-08-25T08:00,18.1,2.1,10.8,0.0,88,LFPG
2026-08-25T09:00,20.2,3.5,15.1,0.0,70,LFPG
2026-08-25T10:00,22.1,3.7,16.6,0.0,58,LFPG
2026-08-25T11:00,23.6,3.6,16.9,0.0,21,LFPG
2026-08-25T12:00,25.2,3.6,16.9,0.0,12,LFPG
2026-08-25T13:00,26.5,2.7,17.6,0.0,2,LFPG
2026-08-25T14:00,27.5,2.2,18.4,0.0,4,LFPG
2026-08-25T15:00,27.9,3.6,15.8,0.0,18,LFPG
2026-08-25T16:00,27.2,5.5,16.9,0.0,50,LFPG
2026-08-25T17:00,23.9,8.3,19.4,0.4,70,LFPG
2026-08-25T18:00,20.7,2.5,17.6,0.4,67,LFPG
2026-08-25T19:00,20.8,8.5,14.8,0.1,48,LFPG
2026-08-25T20:00,20.4,8.5,14.8,0.0,83,LFPG
2026-08-25T21:00,20.1,5.6,14.8,0.0,93,LFPG
2026-08-25T22:00,20.5,6.8,12.2,0.0,97,LFPG
2026-08-25T23:00,20.6,6.7,11.9,0.0,69,LFPG
2026-08-26T00:00,18.4,1.4,13.0,0.0,70,LFPG
2026-08-26T01:00,18.2,6.7,11.5,0.2,80,LFPG
2026-08-26T02:00,17.9,5.7,11.9,0.3,51,LFPG
2026-08-26T03:00,17.6,5.8,13.0,0.0,2,LFPG
2026-08-26T04:00,17.2,3.4,9.7,0.0,46,LFPG
2026-08-26T05:00,16.9,9.9,16.9,1.4,62,LFPG
2026-08-26T06:00,17.2,12.0,27.7,2.9,14,LFPG
2026-08-26T07:00,19.0,9.7,22.0,0.2,20,LFPG
2026-08-26T08:00,20.9,6.3,19.1,0.0,46,LFPG
2026-08-26T09:00,23.0,5.1,22.0,0.0,95,LFPG
2026-08-26T10:00,24.3,6.6,22.7,0.0,29,LFPG
2026-08-26T11:00,25.2,6.4,25.2,0.0,45,LFPG
2026-08-26T12:00,27.1,9.1,22.3,0.1,55,LFPG
2026-08-26T13:00,28.0,7.6,27.4,0.1,88,LFPG
2026-08-26T14:00,28.8,5.6,24.8,0.0,96,LFPG
2026-08-26T15:00,29.0,7.2,21.2,0.0,91,LFPG
2026-08-26T16:00,28.9,7.8,20.9,0.0,91,LFPG
2026-08-26T17:00,28.6,8.6,20.5,0.0,100,LFPG
2026-08-26T18:00,27.1,6.8,20.2,0.0,100,LFPG
2026-08-26T19:00,26.1,5.4,13.3,0.0,89,LFPG
2026-08-26T20:00,24.5,6.9,12.2,0.0,76,LFPG
2026-08-26T21:00,23.7,9.0,16.6,0.0,73,LFPG
2026-08-26T22:00,23.1,11.4,20.2,0.0,95,LFPG
2026-08-26T23:00,23.0,12.4,22.7,0.0,99,LFPG
2026-08-27T00:00,23.3,12.1,23.8,0.0,100,LFPG
2026-08-27T01:00,22.8,12.4,24.5,0.0,100,LFPG
2026-08-27T02:00,20.8,17.3,29.5,1.5,100,LFPG
2026-08-27T03:00,19.5,5.0,33.1,5.8,100,LFPG
2026-08-27T04:00,19.3,4.0,13.7,0.2,94,LFPG
2026-08-27T05:00,19.1,3.3,5.8,0.0,86,LFPG
2026-08-27T06:00,18.9,11.0,4.7,0.0,79,LFPG
2026-08-27T07:00,20.6,10.1,24.5,0.0,16,LFPG
2026-08-27T08:00,22.2,8.3,20.9,0.0,23,LFPG
2026-08-27T09:00,23.4,10.1,23.0,0.0,66,LFPG
2026-08-27T10:00,24.7,13.5,32.0,0.0,97,LFPG
2026-08-27T11:00,25.0,11.8,31.7,0.0,87,LFPG
2026-08-27T12:00,25.7,6.3,31.0,0.3,96,LFPG
2026-08-27T13:00,25.5,6.4,22.0,0.0,99,LFPG
2026-08-27T14:00,25.9,3.5,17.3,0.0,100,LFPG
2026-08-27T15:00,24.8,4.0,13.3,0.0,100,LFPG
2026-08-27T16:00,19.5,8.3,31.0,2.5,98,LFPG
2026-08-27T17:00,19.2,11.4,27.0,4.3,100,LFPG
2026-08-27T18:00,19.2,4.6,28.8,1.8,70,LFPG
2026-08-27T19:00,19.2,5.3,14.4,0.0,84,LFPG
2026-08-27T20:00,18.7,4.1,8.6,0.0,99,LFPG
2026-08-27T21:00,18.6,5.3,11.2,0.0,47,LFPG
2026-08-27T22:00,18.0,3.8,9.0,0.0,70,LFPG
2026-08-27T23:00,17.4,5.2,10.1,0.0,91,LFPG
2026-08-28T00:00,17.2,5.9,12.2,0.0,100,LFPG
2026-08-28T01:00,17.6,5.4,13.0,0.0,100,LFPG
2026-08-28T02:00,17.8,9.8,17.3,0.0,100,LFPG
2026-08-28T03:00,17.4,5.1,17.6,0.0,99,LFPG
2026-08-28T04:00,17.0,4.6,10.8,0.0,97,LFPG
2026-08-28T05:00,16.8,4.3,10.1,0.0,100,LFPG
2026-08-28T06:00,16.4,8.1,20.2,0.6,100,LFPG
2026-08-28T07:00,16.5,9.8,27.4,5.2,100,LFPG
2026-08-28T08:00,16.1,15.7,34.6,2.5,99,LFPG
2026-08-28T09:00,16.8,10.9,37.4,0.9,97,LFPG
2026-08-28T10:00,18.5,17.5,36.4,0.0,99,LFPG
2026-08-28T11:00,18.5,16.2,41.4,0.4,99,LFPG
2026-08-28T12:00,19.4,16.1,42.8,0.0,73,LFPG
2026-08-28T13:00,20.8,16.7,42.5,0.2,36,LFPG
2026-08-28T14:00,21.4,16.1,42.8,0.2,61,LFPG
2026-08-28T15:00,20.4,9.6,40.0,0.1,41,LFPG
2026-08-28T16:00,18.9,13.4,30.6,0.9,81,LFPG
2026-08-28T17:00,18.7,3.1,31.0,1.6,34,LFPG
2026-08-28T18:00,19.5,7.6,9.4,0.0,38,LFPG
2026-08-28T19:00,18.3,7.5,14.4,0.0,48,LFPG
2026-08-28T20:00,17.9,10.9,18.0,0.0,27,LFPG
2026-08-28T21:00,17.3,10.6,22.3,0.0,4,LFPG
2026-08-28T22:00,16.7,12.1,22.0,0.0,1,LFPG
2026-08-28T23:00,16.9,13.8,25.9,0.0,2,LFPG
2026-08-29T00:00,17.0,13.3,26.3,0.0,2,LFPG
2026-08-29T01:00,16.7,12.2,25.6,0.0,2,LFPG
2026-08-29T02:00,15.9,10.4,22.7,0.0,2,LFPG
2026-08-29T03:00,15.4,10.5,19.4,0.0,12,LFPG
2026-08-29T04:00,15.3,11.0,20.2,0.0,78,LFPG
2026-08-29T05:00,15.9,11.8,22.3,0.0,100,LFPG
2026-08-29T06:00,16.1,13.7,26.6,0.0,86,LFPG
2026-08-29T07:00,16.9,13.9,30.2,0.1,100,LFPG
2026-08-29T08:00,17.9,13.9,28.8,0.0,100,LFPG
2026-08-29T09:00,18.5,15.9,31.0,0.3,100,LFPG
2026-08-29T10:00,19.6,16.4,38.2,0.0,91,LFPG
2026-08-29T11:00,21.6,22.5,46.8,0.2,94,LFPG
2026-08-29T12:00,19.6,16.3,47.9,0.0,100,LFPG
2026-08-29T13:00,21.2,22.6,42.8,0.5,73,LFPG
2026-08-29T14:00,20.2,21.4,50.4,0.8,95,LFPG
2026-08-29T15:00,20.4,24.9,49.0,0.9,91,LFPG
2026-08-29T16:00,20.9,23.8,52.2,0.4,42,LFPG
2026-08-29T17:00,21.3,23.2,48.2,0.0,9,LFPG
2026-08-29T18:00,20.5,23.3,49.7,0.0,20,LFPG
2026-08-29T19:00,20.2,21.4,45.7,0.0,11,LFPG
2026-08-29T20:00,19.8,20.4,41.8,0.0,27,LFPG
2026-08-29T21:00,19.0,19.7,41.8,0.1,57,LFPG
2026-08-29T22:00,18.6,18.1,37.8,0.2,71,LFPG
2026-08-29T23:00,18.8,19.0,36.7,0.0,52,LFPG
2026-08-30T00:00,18.3,17.0,36.7,0.0,89,LFPG
2026-08-30T01:00,18.0,15.1,32.8,0.1,66,LFPG
2026-08-30T02:00,17.8,15.1,28.8,0.0,93,LFPG
2026-08-30T03:00,17.3,14.3,29.2,0.0,92,LFPG
2026-08-30T04:00,16.7,12.7,27.0,0.0,73,LFPG
2026-08-30T05:00,16.4,12.1,24.1,0.0,72,LFPG
2026-08-30T06:00,16.8,11.8,23.4,0.0,95,LFPG
2026-08-30T07:00,17.5,14.1,28.4,0.0,95,LFPG
2026-08-30T08:00,18.4,12.7,28.8,0.0,98,LFPG
2026-08-30T09:00,19.6,12.8,29.2,0.0,94,LFPG
2026-08-30T10:00,20.7,12.7,29.2,0.1,99,LFPG
2026-08-30T11:00,20.7,15.3,33.5,0.4,100,LFPG
2026-08-30T12:00,22.2,15.9,36.4,0.4,99,LFPG
2026-08-30T13:00,22.4,18.3,41.0,0.0,99,LFPG
2026-08-30T14:00,22.5,17.2,42.1,0.0,100,LFPG
2026-08-30T15:00,22.5,16.7,39.2,0.0,99,LFPG
2026-08-30T16:00,22.4,14.3,33.5,0.0,100,LFPG
2026-08-30T17:00,21.7,9.0,28.1,0.0,99,LFPG
2026-08-30T18:00,20.9,6.8,16.9,0.0,63,LFPG
2026-08-30T19:00,20.2,15.4,28.8,0.1,17,LFPG
2026-08-30T20:00,19.4,16.5,31.3,0.0,16,LFPG
2026-08-30T21:00,18.9,16.5,31.7,0.0,2,LFPG
2026-08-30T22:00,18.4,17.7,33.8,0.0,3,LFPG
2026-08-30T23:00,18.0,18.0,35.6,0.0,1,LFPG
2026-08-31T00:00,17.5,18.1,34.9,0.0,5,LFPG
2026-08-31T01:00,17.5,19.4,37.8,0.0,10,LFPG
2026-08-31T02:00,17.0,19.2,37.8,0.0,22,LFPG
2026-08-31T03:00,16.7,18.8,37.4,0.0,14,LFPG
2026-08-31T04:00,16.4,19.2,37.1,0.0,23,LFPG
2026-08-31T05:00,16.2,19.5,37.8,0.0,59,LFPG
2026-08-31T06:00,16.6,20.0,38.9,0.1,23,LFPG
2026-08-31T07:00,17.2,20.5,43.6,0.3,65,LFPG
2026-08-31T08:00,17.8,20.4,42.5,0.2,27,LFPG
2026-08-31T09:00,19.2,21.0,48.2,0.0,18,LFPG
2026-08-31T10:00,20.4,21.3,51.1,0.0,20,LFPG
2026-08-31T11:00,21.0,22.1,51.5,0.0,96,LFPG
2026-08-31T12:00,21.0,21.3,50.8,0.1,19,LFPG
2026-08-31T13:00,21.5,21.0,51.5,0.4,73,LFPG
2026-08-31T14:00,21.7,21.3,51.1,0.1,15,LFPG
2026-08-31T15:00,21.7,19.4,50.4,0.1,10,LFPG
2026-08-31T16:00,21.5,17.8,41.4,0.0,21,LFPG
2026-08-31T17:00,20.9,14.5,36.4,0.0,77,LFPG
2026-08-31T18:00,19.4,10.2,28.4,0.0,74,LFPG
2026-08-31T19:00,18.2,7.9,19.4,0.0,61,LFPG
2026-08-31T20:00,17.6,7.3,14.4,0.0,81,LFPG
2026-08-31T21:00,17.1,7.7,14.4,0.0,100,LFPG
2026-08-31T22:00,16.4,6.5,14.0,0.0,100,LFPG
2026-08-31T23:00,15.9,5.8,12.2,0.0,95,LFPG
2026-09-01T00:00,15.4,6.3,10.4,0.0,100,LFPG
2026-09-01T01:00,15.9,6.9,13.0,0.0,100,LFPG
2026-09-01T02:00,15.9,8.7,15.8,0.0,100,LFPG
2026-09-01T03:00,15.8,7.8,16.2,0.0,100,LFPG
2026-09-01T04:00,15.4,7.1,14.4,0.0,44,LFPG
2026-09-01T05:00,14.6,6.5,13.3,0.0,9,LFPG
2026-09-01T06:00,14.5,7.6,14.4,0.0,2,LFPG
2026-09-01T07:00,15.8,6.9,16.2,0.0,1,LFPG
2026-09-01T08:00,17.2,7.4,19.4,0.0,0,LFPG
2026-09-01T09:00,18.4,7.8,21.2,0.0,21,LFPG
2026-09-01T10:00,19.4,9.0,23.8,0.0,24,LFPG
2026-09-01T11:00,20.3,10.3,26.3,0.0,41,LFPG
2026-09-01T12:00,21.4,8.5,26.6,0.0,20,LFPG
2026-09-01T13:00,22.0,8.2,22.0,0.0,59,LFPG
2026-09-01T14:00,22.5,7.9,22.0,0.0,89,LFPG
2026-09-01T15:00,22.6,7.3,20.5,0.0,88,LFPG
2026-09-01T16:00,22.5,6.3,18.4,0.0,39,LFPG
2026-09-01T17:00,21.8,7.3,16.2,0.0,61,LFPG
2026-09-01T18:00,19.8,8.6,19.4,0.0,2,LFPG
2026-09-01T19:00,18.0,6.5,16.2,0.0,35,LFPG
2026-09-01T20:00,17.0,6.7,11.5,0.0,95,LFPG
2026-09-01T21:00,16.5,11.1,21.6,0.0,22,LFPG
2026-09-01T22:00,15.3,7.5,20.5,0.0,87,LFPG
2026-09-01T23:00,14.5,4.8,13.3,0.0,99,LFPG
2026-09-02T00:00,14.2,4.0,7.6,0.0,98,LFPG
2026-09-02T01:00,14.2,1.0,5.0,0.0,100,LFPG
2026-09-02T02:00,13.7,0.5,1.8,0.0,99,LFPG
2026-09-02T03:00,13.2,0.4,1.8,0.0,88,LFPG
2026-09-02T04:00,12.7,3.0,5.8,0.0,65,LFPG
2026-09-02T05:00,12.2,3.5,7.2,0.0,23,LFPG
2026-09-02T06:00,12.6,5.0,5.8,0.0,67,LFPG
2026-09-02T07:00,15.3,3.9,11.5,0.0,53,LFPG
2026-09-02T08:00,17.9,2.7,11.2,0.0,96,LFPG
2026-09-02T09:00,19.3,4.5,15.1,0.0,84,LFPG
2026-09-02T10:00,20.5,7.0,20.2,0.0,99,LFPG
2026-09-02T11:00,20.9,8.4,22.0,0.0,75,LFPG
2026-09-02T12:00,22.4,8.9,25.6,0.0,72,LFPG
2026-09-02T13:00,22.9,7.7,24.1,0.0,99,LFPG
2026-09-02T14:00,22.7,8.3,22.0,0.0,70,LFPG
2026-09-02T15:00,23.3,9.0,22.7,0.0,79,LFPG
2026-09-02T16:00,23.7,9.1,22.3,0.0,89,LFPG
2026-09-02T17:00,22.9,9.1,20.5,0.0,56,LFPG
2026-09-02T18:00,21.1,5.4,17.6,0.0,91,LFPG
2026-09-02T19:00,20.3,6.2,10.4,0.0,88,LFPG
2026-09-02T20:00,20.4,7.7,13.3,0.0,15,LFPG
2026-09-02T21:00,18.7,7.6,13.3,0.0,27,LFPG
2026-09-02T22:00,18.5,7.2,14.8,0.0,0,LFPG
2026-09-02T23:00,18.1,8.0,14.0,0.0,13,LFPG
2026-09-03T00:00,18.2,6.9,14.8,0.0,45,LFPG
2026-09-03T01:00,17.6,7.5,13.0,0.0,41,LFPG
2026-09-03T02:00,17.6,9.3,16.9,0.0,51,LFPG
2026-09-03T03:00,16.9,8.8,17.3,0.0,1,LFPG
2026-09-03T04:00,16.1,6.8,15.8,0.0,66,LFPG
2026-09-03T05:00,16.0,8.3,15.5,0.0,2,LFPG
2026-09-03T06:00,16.3,8.9,17.6,0.0,49,LFPG
2026-09-03T07:00,18.0,9.7,20.2,0.0,88,LFPG
2026-09-03T08:00,19.5,11.6,26.6,0.0,90,LFPG
2026-09-03T09:00,21.0,12.3,28.8,0.0,37,LFPG
2026-09-03T10:00,22.9,13.4,31.3,0.0,82,LFPG
2026-09-03T11:00,24.1,14.5,33.8,0.0,100,LFPG
2026-09-03T12:00,23.8,14.2,33.8,0.0,100,LFPG
2026-09-03T13:00,24.8,14.5,32.0,0.0,100,LFPG
2026-09-03T14:00,25.3,13.8,33.1,0.0,35,LFPG
2026-09-03T15:00,25.9,16.8,35.6,0.0,66,LFPG
2026-09-03T16:00,25.4,15.9,36.0,0.0,22,LFPG
2026-09-03T17:00,25.2,15.0,33.1,0.0,78,LFPG
2026-09-03T18:00,24.5,10.2,28.8,0.0,82,LFPG
2026-09-03T19:00,23.3,6.7,19.1,0.0,11,LFPG
2026-09-03T20:00,21.8,5.0,11.9,0.0,20,LFPG
2026-09-03T21:00,20.8,4.8,8.3,0.0,100,LFPG
2026-09-03T22:00,20.4,2.4,7.9,0.0,25,LFPG
2026-09-03T23:00,19.8,2.9,3.6,0.0,1,LFPG
2026-09-04T00:00,19.5,5.2,7.6,0.0,19,LFPG
2026-09-04T01:00,19.5,5.7,9.7,0.0,11,LFPG
2026-09-04T02:00,19.3,6.7,11.9,0.0,0,LFPG
2026-09-04T03:00,19.0,7.9,14.4,0.0,80,LFPG
2026-09-04T04:00,18.8,8.9,16.2,0.0,33,LFPG
2026-09-04T05:00,18.6,10.5,19.1,0.0,13,LFPG
2026-09-04T06:00,19.0,10.8,22.7,0.0,1,LFPG
2026-09-04T07:00,20.6,11.1,22.7,0.0,11,LFPG
2026-09-04T08:00,21.8,12.8,28.8,0.0,34,LFPG
2026-09-04T09:00,22.9,11.3,29.2,0.0,6,LFPG
2026-09-04T10:00,24.8,13.6,31.3,0.0,1,LFPG
2026-09-04T11:00,26.6,15.3,34.9,0.0,0,LFPG
2026-09-04T12:00,26.9,18.7,44.6,0.0,35,LFPG
2026-09-04T13:00,27.2,19.3,42.1,0.0,34,LFPG
2026-09-04T14:00,27.2,19.2,42.8,0.0,36,LFPG
2026-09-04T15:00,26.2,20.2,42.8,0.0,43,LFPG
2026-09-04T16:00,25.0,19.1,44.3,0.0,45,LFPG
2026-09-04T17:00,25.0,15.8,40.0,0.0,49,LFPG
2026-09-04T18:00,23.4,18.4,36.0,0.0,81,LFPG
2026-09-04T19:00,21.6,16.0,37.8,0.0,55,LFPG
2026-09-04T20:00,20.5,14.4,31.7,0.0,99,LFPG
2026-09-04T21:00,19.5,16.1,33.1,0.0,100,LFPG
2026-09-04T22:00,18.6,11.5,32.8,0.0,100,LFPG
2026-09-04T23:00,18.1,10.8,22.3,0.0,100,LFPG
2026-09-05T00:00,17.9,11.1,20.9,0.0,100,LFPG
2026-09-05T01:00,17.7,11.1,22.7,0.0,76,LFPG
2026-09-05T02:00,16.8,11.1,21.6,0.0,87,LFPG
2026-09-05T03:00,16.1,10.6,21.2,0.0,50,LFPG
2026-09-05T04:00,15.3,9.1,20.5,0.0,37,LFPG
2026-09-05T05:00,14.5,7.4,17.3,0.0,59,LFPG
2026-09-05T06:00,14.6,9.1,14.8,0.0,63,LFPG
2026-09-05T07:00,16.2,9.6,20.9,0.0,74,LFPG
2026-09-05T08:00,17.4,12.5,28.4,0.0,93,LFPG
2026-09-05T09:00,18.4,10.5,28.4,0.0,69,LFPG
2026-09-05T10:00,19.4,9.0,26.3,0.0,41,LFPG
2026-09-05T11:00,20.3,8.0,24.5,0.0,27,LFPG
2026-09-05T12:00,21.6,6.7,23.0,0.0,26,LFPG
2026-09-05T13:00,22.5,6.5,20.9,0.0,36,LFPG
2026-09-05T14:00,22.9,6.9,20.5,0.0,84,LFPG
2026-09-05T15:00,23.0,6.7,20.5,0.0,77,LFPG
2026-09-05T16:00,22.8,6.9,19.1,0.0,76,LFPG
2026-09-05T17:00,22.1,6.8,17.6,0.0,40,LFPG
2026-09-05T18:00,20.4,4.8,15.1,0.0,9,LFPG
2026-09-05T19:00,19.0,5.2,8.6,0.0,1,LFPG
2026-09-05T20:00,18.0,5.4,9.4,0.0,0,LFPG
2026-09-05T21:00,17.5,10.8,19.1,0.0,0,LFPG
2026-09-05T22:00,16.4,10.9,22.7,0.0,0,LFPG
2026-09-05T23:00,15.5,9.0,19.8,0.0,1,LFPG
2026-09-06T00:00,14.1,8.3,17.6,0.0,24,LFPG
2026-09-06T01:00,13.8,7.8,15.1,0.0,20,LFPG
2026-09-06T02:00,13.6,8.3,14.8,0.0,43,LFPG
2026-09-06T03:00,13.4,9.9,17.6,0.0,59,LFPG
2026-09-06T04:00,13.3,9.2,18.7,0.0,58,LFPG
2026-09-06T05:00,12.9,9.7,16.9,0.0,10,LFPG
2026-09-06T06:00,13.6,10.2,18.7,0.0,25,LFPG
2026-09-06T07:00,15.5,9.8,19.1,0.0,1,LFPG
2026-09-06T08:00,17.9,8.9,20.5,0.0,64,LFPG
2026-09-06T09:00,20.4,7.9,21.2,0.0,87,LFPG
2026-09-06T10:00,22.4,10.2,24.8,0.0,99,LFPG
2026-09-06T11:00,23.7,10.3,25.9,0.0,95,LFPG
2026-09-06T12:00,25.3,8.6,25.6,0.0,84,LFPG
2026-09-06T13:00,26.0,8.6,23.0,0.0,70,LFPG
2026-09-06T14:00,26.6,7.3,22.0,0.0,78,LFPG
2026-09-06T15:00,26.8,8.4,20.5,0.0,88,LFPG
2026-09-06T16:00,26.6,9.4,21.2,0.0,100,LFPG
2026-09-06T17:00,25.0,7.4,19.8,0.0,100,LFPG
2026-09-06T18:00,23.5,5.1,14.4,0.0,100,LFPG
2026-09-06T19:00,23.5,6.7,11.5,0.0,100,LFPG
2026-09-06T20:00,23.0,6.9,12.6,0.0,90,LFPG
2026-09-06T21:00,21.9,7.6,13.7,0.0,9,LFPG
2026-09-06T22:00,21.0,7.4,13.7,0.0,2,LFPG
2026-09-06T23:00,20.2,6.5,13.3,0.0,5,LFPG
2026-09-07T00:00,18.7,5.9,11.2,0.0,3,LFPG
2026-09-07T01:00,18.3,5.9,9.4,0.0,30,LFPG
2026-09-07T02:00,18.2,6.3,10.4,0.0,36,LFPG
2026-09-07T03:00,18.5,8.3,14.0,0.0,55,LFPG
2026-09-07T04:00,19.5,10.4,26.6,0.0,44,LFPG
2026-09-07T05:00,19.0,7.2,18.0,0.0,76,LFPG
2026-09-07T06:00,19.2,9.5,16.9,0.0,96,LFPG
2026-09-07T07:00,20.2,8.6,17.3,0.0,93,LFPG
2026-09-07T08:00,21.3,10.1,22.3,0.0,86,LFPG
2026-09-07T09:00,22.7,8.9,23.0,0.0,51,LFPG
2026-09-07T10:00,24.3,10.5,25.9,0.0,7,LFPG
2026-09-07T11:00,25.7,12.9,30.2,0.0,13,LFPG
2026-09-07T12:00,26.9,14.8,33.5,0.0,23,LFPG
2026-09-07T13:00,27.0,15.1,34.2,0.0,16,LFPG
2026-09-07T14:00,26.4,15.3,34.6,0.0,11,LFPG
2026-09-07T15:00,26.5,13.3,34.6,0.0,23,LFPG
2026-09-07T16:00,26.9,12.0,29.9,0.0,46,LFPG
2026-09-07T17:00,25.7,10.9,25.2,0.0,85,LFPG
2026-09-07T18:00,23.9,7.0,21.6,0.0,99,LFPG
2026-09-07T19:00,23.4,5.7,13.0,0.0,98,LFPG
2026-09-07T20:00,23.5,10.0,18.4,0.0,91,LFPG
2026-09-07T21:00,22.1,10.3,21.6,0.2,70,LFPG
2026-09-07T22:00,21.2,11.7,21.2,0.2,95,LFPG
2026-09-07T23:00,20.5,7.8,22.0,0.3,70,LFPG
2026-09-08T00:00,19.6,7.9,13.3,0.0,83,LFPG
2026-09-08T01:00,19.5,6.7,13.3,0.0,100,LFPG
2026-09-08T02:00,19.9,8.9,15.5,0.0,100,LFPG
2026-09-08T03:00,19.7,10.7,18.7,0.0,76,LFPG
2026-09-08T04:00,19.0,11.5,21.2,0.0,66,LFPG
2026-09-08T05:00,18.2,11.6,21.6,0.0,82,LFPG
2026-09-08T06:00,18.2,12.5,25.2,0.0,100,LFPG
2026-09-08T07:00,18.3,13.9,29.5,0.1,82,LFPG
2026-09-08T08:00,19.3,13.0,29.5,0.1,59,LFPG
2026-09-08T09:00,20.9,16.2,34.9,0.0,36,LFPG
2026-09-08T10:00,22.4,21.0,44.6,0.0,66,LFPG
2026-09-08T11:00,23.7,24.0,50.4,0.0,99,LFPG
2026-09-08T12:00,24.4,22.4,51.8,0.0,29,LFPG
2026-09-08T13:00,25.9,29.9,61.6,0.0,99,LFPG
2026-09-08T14:00,25.6,30.9,62.3,0.0,100,LFPG
2026-09-08T15:00,23.1,24.6,64.1,0.2,100,LFPG
2026-09-08T16:00,21.2,31.0,61.2,0.5,99,LFPG
2026-09-08T17:00,20.6,29.4,61.6,0.0,23,LFPG
2026-09-08T18:00,17.6,22.6,59.8,0.0,48,LFPG
2026-09-08T19:00,16.7,17.5,45.0,0.0,9,LFPG
2026-09-08T20:00,15.7,16.5,34.9,0.0,8,LFPG
2026-09-08T21:00,15.0,13.3,32.0,0.0,2,LFPG
2026-09-08T22:00,14.4,12.5,25.9,0.0,5,LFPG
2026-09-08T23:00,13.9,11.0,24.1,0.0,4,LFPG
2026-09-09T00:00,14.2,11.4,21.2,0.0,100,LFPG
2026-09-09T01:00,14.3,12.0,23.8,0.0,52,LFPG
2026-09-09T02:00,13.4,11.6,23.8,0.0,7,LFPG
2026-09-09T03:00,12.6,9.9,22.0,0.0,10,LFPG
2026-09-09T04:00,12.2,10.2,19.1,0.0,17,LFPG
2026-09-09T05:00,12.0,10.0,19.1,0.0,9,LFPG
2026-09-09T06:00,12.4,10.3,19.8,0.0,21,LFPG
2026-09-09T07:00,13.8,10.4,21.6,0.0,15,LFPG
2026-09-09T08:00,15.5,11.9,26.6,0.0,13,LFPG
2026-09-09T09:00,16.7,15.3,33.8,0.2,41,LFPG
2026-09-09T10:00,17.6,13.9,34.2,0.1,34,LFPG
2026-09-09T11:00,18.6,14.1,32.8,0.2,35,LFPG
2026-09-09T12:00,19.4,14.0,33.5,0.2,26,LFPG
2026-09-09T13:00,20.2,14.5,33.5,0.1,33,LFPG
2026-09-09T14:00,20.4,14.9,34.2,0.0,84,LFPG
2026-09-09T15:00,20.2,15.4,33.8,0.0,27,LFPG
2026-09-09T16:00,19.7,15.3,33.8,0.0,28,LFPG
2026-09-09T17:00,18.6,13.3,34.6,0.0,5,LFPG
2026-09-09T18:00,17.0,10.4,25.9,0.0,0,LFPG
2026-09-09T19:00,15.4,9.7,19.4,0.0,1,LFPG
2026-09-09T20:00,14.5,8.6,18.0,0.0,2,LFPG
2026-09-09T21:00,13.2,5.2,15.5,0.0,0,LFPG
2026-09-09T22:00,12.3,4.2,9.4,0.0,0,LFPG
2026-09-09T23:00,11.8,4.5,6.8,0.0,0,LFPG
2026-09-10T00:00,10.4,4.8,7.6,0.0,1,LFPG
2026-09-10T01:00,10.2,5.0,9.4,0.0,8,LFPG
2026-09-10T02:00,9.9,4.6,9.4,0.0,2,LFPG
2026-09-10T03:00,9.5,3.3,7.9,0.0,5,LFPG
2026-09-10T04:00,9.2,2.1,5.0,0.0,2,LFPG
2026-09-10T05:00,8.8,1.0,3.6,0.0,2,LFPG
2026-09-10T06:00,8.5,1.1,2.2,0.0,1,LFPG
2026-09-10T07:00,10.9,1.0,7.2,0.0,0,LFPG
2026-09-10T08:00,14.0,2.2,11.2,0.0,0,LFPG
2026-09-10T09:00,16.0,3.5,14.4,0.0,0,LFPG
2026-09-10T10:00,17.2,4.4,16.9,0.0,2,LFPG
2026-09-10T11:00,18.3,8.1,23.4,0.0,59,LFPG
2026-09-10T12:00,19.2,8.2,23.4,0.0,80,LFPG
2026-09-10T13:00,19.8,9.4,24.1,0.0,100,LFPG
2026-09-10T14:00,19.7,9.4,25.2,0.0,59,LFPG
2026-09-10T15:00,19.9,7.4,23.0,0.0,50,LFPG
2026-09-10T16:00,19.6,8.2,20.9,0.0,73,LFPG
2026-09-10T17:00,18.9,6.6,19.4,0.0,92,LFPG
2026-09-10T18:00,16.8,4.4,12.6,0.0,87,LFPG
2026-09-10T19:00,15.6,4.6,7.9,0.0,76,LFPG
2026-09-10T20:00,14.8,3.8,7.2,0.0,98,LFPG
2026-09-10T21:00,14.4,1.4,5.8,0.0,99,LFPG
2026-09-10T22:00,14.0,0.4,2.2,0.0,100,LFPG
2026-09-10T23:00,13.3,1.6,2.9,0.0,99,LFPG
2026-09-11T00:00,12.0,3.1,9.0,0.0,98,LFPG
2026-09-11T01:00,12.5,5.0,10.4,0.0,96,LFPG
2026-09-11T02:00,12.3,3.8,8.6,0.0,98,LFPG
2026-09-11T03:00,12.7,5.2,9.4,0.0,64,LFPG
2026-09-11T04:00,12.0,5.3,9.7,0.0,31,LFPG
2026-09-11T05:00,11.8,5.5,9.4,0.0,2,LFPG
2026-09-11T06:00,12.5,5.7,10.1,0.0,6,LFPG
2026-09-11T07:00,14.8,7.0,13.7,0.0,7,LFPG
2026-09-11T08:00,17.0,5.4,14.8,0.0,0,LFPG
2026-09-11T09:00,19.1,6.2,18.0,0.0,5,LFPG
2026-09-11T10:00,20.6,9.6,24.5,0.0,1,LFPG
2026-09-11T11:00,21.5,9.5,24.8,0.0,3,LFPG
2026-09-11T12:00,22.8,7.9,24.8,0.0,63,LFPG
2026-09-11T13:00,23.2,9.0,22.7,0.0,100,LFPG
2026-09-11T14:00,22.8,9.4,23.0,0.0,100,LFPG
2026-09-11T15:00,22.7,9.9,23.8,0.0,71,LFPG
2026-09-11T16:00,22.7,7.9,23.0,0.0,69,LFPG
2026-09-11T17:00,22.2,5.2,17.3,0.0,98,LFPG
2026-09-11T18:00,19.7,4.2,10.1,0.0,16,LFPG
2026-09-11T19:00,18.8,12.5,22.7,0.0,5,LFPG
2026-09-11T20:00,17.1,8.4,23.8,0.0,4,LFPG
2026-09-11T21:00,16.4,7.1,16.2,0.0,5,LFPG
2026-09-11T22:00,15.5,5.2,13.0,0.0,9,LFPG
2026-09-11T23:00,14.8,4.6,9.0,0.0,5,LFPG
2026-09-12T00:00,14.2,5.0,8.3,0.0,22,LFPG
2026-09-12T01:00,13.7,4.3,9.0,0.0,2,LFPG
2026-09-12T02:00,12.9,3.6,7.2,0.0,8,LFPG
2026-09-12T03:00,12.4,3.6,5.8,0.0,89,LFPG
2026-09-12T04:00,12.0,3.6,6.8,0.0,100,LFPG
2026-09-12T05:00,11.9,4.2,10.1,0.0,100,LFPG
2026-09-12T06:00,11.9,2.9,8.6,0.0,100,LFPG
2026-09-12T07:00,13.5,1.9,8.6,0.0,99,LFPG
2026-09-12T08:00,16.6,1.1,10.1,0.0,10,LFPG
2026-09-12T09:00,19.2,3.1,13.3,0.0,34,LFPG
2026-09-12T10:00,20.7,5.7,18.4,0.0,3,LFPG
2026-09-12T11:00,22.1,9.8,25.6,0.0,49,LFPG
2026-09-12T12:00,23.1,9.7,25.9,0.0,13,LFPG
2026-09-12T13:00,23.4,7.6,24.5,0.0,3,LFPG
2026-09-12T14:00,23.9,7.6,21.2,0.0,9,LFPG
2026-09-12T15:00,24.0,8.0,21.2,0.0,27,LFPG
2026-09-12T16:00,23.6,8.1,20.5,0.0,29,LFPG
2026-09-12T17:00,22.8,5.9,18.4,0.0,20,LFPG
2026-09-12T18:00,20.6,6.5,11.9,0.0,16,LFPG
2026-09-12T19:00,19.8,6.8,13.7,0.0,2,LFPG
2026-09-12T20:00,18.8,6.8,12.2,0.0,0,LFPG
2026-09-12T21:00,18.1,8.6,16.2,0.0,22,LFPG
2026-09-12T22:00,16.9,6.6,15.8,0.0,32,LFPG
2026-09-12T23:00,16.2,6.6,12.6,0.0,0,LFPG
2026-09-13T00:00,15.1,5.9,12.2,0.0,10,LFPG
2026-09-13T01:00,14.9,5.6,10.8,0.0,76,LFPG
2026-09-13T02:00,14.5,5.2,10.1,0.0,36,LFPG
2026-09-13T03:00,14.2,5.2,9.4,0.0,36,LFPG
2026-09-13T04:00,14.4,6.9,12.2,0.0,87,LFPG
2026-09-13T05:00,14.3,7.0,13.0,0.0,91,LFPG
2026-09-13T06:00,15.8,9.1,14.0,0.0,100,LFPG
2026-09-13T07:00,16.3,8.3,19.1,0.4,99,LFPG
2026-09-13T08:00,17.6,7.3,15.8,0.0,99,LFPG
2026-09-13T09:00,18.6,8.8,19.8,0.2,98,LFPG
2026-09-13T10:00,19.3,10.0,22.7,0.3,33,LFPG
2026-09-13T11:00,21.4,11.4,27.7,0.1,38,LFPG
2026-09-13T12:00,22.8,10.6,29.2,0.0,95,LFPG
2026-09-13T13:00,23.1,10.1,24.5,0.0,55,LFPG
2026-09-13T14:00,23.2,7.8,26.6,0.3,56,LFPG
2026-09-13T15:00,23.1,7.2,24.8,0.3,19,LFPG
2026-09-13T16:00,23.2,8.0,18.7,0.1,20,LFPG
2026-09-13T17:00,22.4,7.5,19.1,0.0,17,LFPG
2026-09-13T18:00,21.1,4.7,15.5,0.0,16,LFPG
2026-09-13T19:00,20.3,4.1,7.6,0.0,12,LFPG
2026-09-13T20:00,19.3,3.8,7.2,0.0,20,LFPG
2026-09-13T21:00,18.7,4.3,7.9,0.0,48,LFPG
2026-09-13T22:00,18.1,2.3,7.6,0.0,78,LFPG
2026-09-13T23:00,17.6,1.5,3.6,0.0,98,LFPG
2026-09-14T00:00,16.8,4.4,2.5,0.0,92,LFPG
2026-09-14T01:00,16.8,4.8,10.8,0.0,66,LFPG
2026-09-14T02:00,16.3,2.9,8.6,0.0,6,LFPG
2026-09-14T03:00,15.7,1.6,4.7,0.0,13,LFPG
2026-09-14T04:00,15.2,1.6,3.2,0.0,100,LFPG
2026-09-14T05:00,15.1,2.7,5.8,0.0,100,LFPG
2026-09-14T06:00,15.4,3.3,8.6,0.0,100,LFPG
2026-09-14T07:00,16.6,3.1,10.4,0.0,100,LFPG
2026-09-14T08:00,18.0,2.4,11.2,0.0,100,LFPG
2026-09-14T09:00,20.3,2.3,11.9,0.0,41,LFPG
2026-09-14T10:00,22.5,1.7,12.6,0.0,15,LFPG
2026-09-14T11:00,24.0,2.2,13.7,0.0,5,LFPG
2026-09-14T12:00,25.2,3.0,14.0,0.0,20,LFPG
2026-09-14T13:00,26.2,4.4,16.6,0.0,2,LFPG
2026-09-14T14:00,26.6,5.3,17.3,0.0,15,LFPG
2026-09-14T15:00,26.6,5.4,17.3,0.0,6,LFPG
2026-09-14T16:00,26.1,6.5,16.6,0.0,0,LFPG
2026-09-14T17:00,25.1,7.0,16.6,0.0,0,LFPG
2026-09-14T18:00,23.5,7.6,15.1,0.0,0,LFPG
2026-09-14T19:00,22.4,5.6,14.0,0.0,4,LFPG
2026-09-14T20:00,21.3,4.8,10.1,0.0,5,LFPG
2026-09-14T21:00,20.5,5.4,9.7,0.0,0,LFPG
2026-09-14T22:00,19.6,5.9,10.8,0.0,0,LFPG
2026-09-14T23:00,19.0,7.0,12.6,0.0,0,LFPG
2026-09-15T00:00,17.9,6.8,12.6,0.0,0,LFPG
2026-09-15T01:00,17.6,5.6,11.9,0.0,0,LFPG
2026-09-15T02:00,17.5,6.0,10.8,0.0,0,LFPG
2026-09-15T03:00,17.2,6.1,10.8,0.0,0,LFPG
2026-09-15T04:00,17.1,6.7,11.9,0.0,0,LFPG
2026-09-15T05:00,16.9,7.1,12.6,0.0,0,LFPG
2026-09-15T06:00,16.9,7.2,13.7,0.0,23,LFPG
2026-09-15T07:00,18.7,8.5,15.8,0.0,88,LFPG
2026-09-15T08:00,20.6,6.1,15.8,0.0,97,LFPG
2026-09-15T09:00,23.0,6.5,17.6,0.0,88,LFPG
2026-09-15T10:00,25.4,6.9,18.7,0.0,88,LFPG
2026-09-15T11:00,27.3,8.0,20.9,0.0,8,LFPG
2026-09-15T12:00,29.9,11.8,26.3,0.0,0,LFPG
2026-09-15T13:00,30.8,12.6,28.8,0.0,0,LFPG
2026-09-15T14:00,31.1,12.3,28.8,0.0,0,LFPG
2026-09-15T15:00,31.1,12.3,27.4,0.0,0,LFPG
2026-09-15T16:00,29.9,15.3,29.9,0.0,13,LFPG
2026-09-15T17:00,24.6,20.8,48.2,0.0,3,LFPG
2026-09-15T18:00,21.8,20.2,47.2,0.0,61,LFPG
2026-09-15T19:00,20.8,14.1,38.2,0.0,58,LFPG
2026-09-15T20:00,19.8,16.9,33.8,0.0,80,LFPG
2026-09-15T21:00,18.3,16.9,34.6,0.0,88,LFPG
2026-09-15T22:00,17.2,14.5,33.8,0.0,87,LFPG
2026-09-15T23:00,16.5,12.9,28.4,0.0,37,LFPG
2026-09-16T00:00,15.7,11.6,25.2,0.0,51,LFPG
2026-09-16T01:00,15.2,11.6,22.3,0.0,4,LFPG
2026-09-16T02:00,14.5,12.2,23.4,0.0,23,LFPG
2026-09-16T03:00,14.1,11.7,23.4,0.0,8,LFPG
2026-09-16T04:00,13.8,12.1,23.0,0.0,9,LFPG
2026-09-16T05:00,13.3,11.9,23.0,0.0,8,LFPG
2026-09-16T06:00,13.0,11.7,23.4,0.0,17,LFPG
2026-09-16T07:00,14.4,10.5,21.6,0.0,23,LFPG
2026-09-16T08:00,15.9,11.7,25.9,0.0,19,LFPG
2026-09-16T09:00,17.3,13.1,30.2,0.1,26,LFPG
2026-09-16T10:00,18.3,13.5,31.3,0.2,38,LFPG
2026-09-16T11:00,19.4,14.4,33.5,0.2,43,LFPG
2026-09-16T12:00,20.2,14.0,33.5,0.1,23,LFPG
2026-09-16T13:00,20.5,12.8,32.8,0.0,11,LFPG
2026-09-16T14:00,20.7,12.0,30.2,0.0,24,LFPG
2026-09-16T15:00,20.7,12.6,28.8,0.0,16,LFPG
2026-09-16T16:00,20.2,13.5,29.5,0.0,25,LFPG
2026-09-16T17:00,19.6,11.7,29.2,0.0,23,LFPG
2026-09-16T18:00,18.0,9.4,22.7,0.0,11,LFPG
2026-09-16T19:00,16.9,9.2,17.6,0.0,12,LFPG
2026-09-16T20:00,15.8,7.7,16.9,0.0,2,LFPG
2026-09-16T21:00,14.8,7.9,14.4,0.0,1,LFPG
2026-09-16T22:00,14.0,7.2,15.1,0.0,10,LFPG
2026-09-16T23:00,13.2,5.2,13.0,0.0,87,LFPG
2026-09-17T00:00,12.3,4.9,9.7,0.0,98,LFPG
2026-09-17T01:00,12.3,5.4,9.4,0.0,100,LFPG
2026-09-17T02:00,12.5,7.1,13.0,0.0,100,LFPG
2026-09-17T03:00,12.7,7.4,13.7,0.0,100,LFPG
2026-09-17T04:00,12.4,8.0,14.8,0.0,99,LFPG
2026-09-17T05:00,12.0,7.8,15.1,0.0,96,LFPG
2026-09-17T06:00,12.1,9.5,18.4,0.0,37,LFPG
2026-09-17T07:00,13.6,9.7,20.2,0.0,88,LFPG
2026-09-17T08:00,15.2,13.3,28.8,0.0,66,LFPG
2026-09-17T09:00,16.7,15.1,33.8,0.0,34,LFPG
2026-09-17T10:00,18.1,16.3,36.7,0.0,56,LFPG
2026-09-17T11:00,19.4,17.6,39.6,0.0,95,LFPG
2026-09-17T12:00,20.1,18.7,41.0,0.0,48,LFPG
2026-09-17T13:00,21.0,19.2,42.1,0.0,95,LFPG
2026-09-17T14:00,21.7,19.1,42.8,0.0,98,LFPG
2026-09-17T15:00,21.3,17.5,41.4,0.0,99,LFPG
2026-09-17T16:00,21.2,16.5,36.7,0.0,100,LFPG
2026-09-17T17:00,20.1,16.9,33.8,0.0,100,LFPG
2026-09-17T18:00,19.1,16.8,33.8,0.0,100,LFPG
2026-09-17T19:00,18.8,15.8,33.1,0.0,100,LFPG
2026-09-17T20:00,18.5,14.6,31.0,0.0,100,LFPG
2026-09-17T21:00,17.4,14.6,29.2,0.1,100,LFPG
2026-09-17T22:00,16.7,13.6,28.4,0.0,100,LFPG
2026-09-17T23:00,15.9,12.5,26.6,0.0,29,LFPG
2026-06-01T00:00,21.1,1.6,4.3,0.0,48,LFMN
2026-06-01T01:00,20.5,1.1,4.3,0.0,7,LFMN
2026-06-01T02:00,19.7,3.6,7.9,0.0,4,LFMN
2026-06-01T03:00,19.2,4.0,10.4,0.0,2,LFMN
2026-06-01T04:00,18.9,4.7,11.5,0.0,2,LFMN
2026-06-01T05:00,20.1,6.0,13.3,0.0,1,LFMN
2026-06-01T06:00,23.2,5.5,13.3,0.0,0,LFMN
2026-06-01T07:00,24.4,4.1,15.1,0.0,51,LFMN
2026-06-01T08:00,24.7,6.8,22.0,0.0,41,LFMN
2026-06-01T09:00,24.9,8.5,26.3,0.0,55,LFMN
2026-06-01T10:00,25.1,7.4,26.3,0.0,74,LFMN
2026-06-01T11:00,24.7,6.6,25.2,0.0,99,LFMN
2026-06-01T12:00,25.2,6.6,23.4,0.0,70,LFMN
2026-06-01T13:00,25.5,5.7,22.7,0.0,55,LFMN
2026-06-01T14:00,25.9,5.8,22.7,0.0,70,LFMN
2026-06-01T15:00,25.6,7.8,24.5,0.0,58,LFMN
2026-06-01T16:00,25.3,5.7,24.8,0.0,63,LFMN
2026-06-01T17:00,24.9,7.9,22.0,0.0,34,LFMN
2026-06-01T18:00,24.3,4.0,21.6,0.0,31,LFMN
2026-06-01T19:00,22.9,4.5,13.0,0.0,9,LFMN
2026-06-01T20:00,22.2,1.3,13.0,0.0,20,LFMN
2026-06-01T21:00,22.0,3.5,7.6,0.0,9,LFMN
2026-06-01T22:00,22.0,6.5,13.0,0.0,67,LFMN
2026-06-01T23:00,21.6,4.9,11.9,0.0,75,LFMN
2026-06-02T00:00,21.3,1.8,8.3,0.0,96,LFMN
2026-06-02T01:00,21.1,2.8,5.0,0.0,95,LFMN
2026-06-02T02:00,20.7,4.0,7.2,0.0,95,LFMN
2026-06-02T03:00,20.6,6.0,11.5,0.0,83,LFMN
2026-06-02T04:00,20.4,5.2,11.2,0.0,92,LFMN
2026-06-02T05:00,21.5,4.6,11.5,0.0,87,LFMN
2026-06-02T06:00,22.0,2.7,10.4,0.0,84,LFMN
2026-06-02T07:00,22.8,2.7,13.3,0.0,22,LFMN
2026-06-02T08:00,23.9,4.4,18.4,0.0,73,LFMN
2026-06-02T09:00,24.5,7.1,23.8,0.0,74,LFMN
2026-06-02T10:00,25.3,11.0,30.2,0.1,95,LFMN
2026-06-02T11:00,24.0,11.3,40.7,0.2,100,LFMN
2026-06-02T12:00,24.4,9.7,43.2,0.4,83,LFMN
2026-06-02T13:00,26.0,10.9,36.0,0.2,84,LFMN
2026-06-02T14:00,26.7,14.5,41.0,0.3,91,LFMN
2026-06-02T15:00,25.0,16.5,48.2,1.1,98,LFMN
2026-06-02T16:00,25.6,6.4,38.2,0.4,66,LFMN
2026-06-02T17:00,24.3,12.7,34.6,0.0,84,LFMN
2026-06-02T18:00,24.0,10.8,30.6,0.0,84,LFMN
2026-06-02T19:00,23.0,12.4,26.6,0.0,94,LFMN
2026-06-02T20:00,23.3,12.7,27.4,0.0,85,LFMN
2026-06-02T21:00,22.3,12.7,26.6,0.0,55,LFMN
2026-06-02T22:00,20.9,11.4,25.9,0.0,70,LFMN
2026-06-02T23:00,20.1,10.5,23.0,0.0,13,LFMN
2026-06-03T00:00,20.1,12.6,21.6,0.0,0,LFMN
2026-06-03T01:00,18.8,4.7,25.9,0.0,0,LFMN
2026-06-03T02:00,18.1,8.6,19.1,0.0,0,LFMN
2026-06-03T03:00,17.6,9.2,20.2,0.0,16,LFMN
2026-06-03T04:00,17.6,10.2,20.5,0.0,10,LFMN
2026-06-03T05:00,18.1,10.5,21.6,0.0,2,LFMN
2026-06-03T06:00,20.5,5.9,21.2,0.0,0,LFMN
2026-06-03T07:00,23.3,2.1,15.1,0.0,27,LFMN
2026-06-03T08:00,23.8,7.2,22.7,0.0,0,LFMN
2026-06-03T09:00,24.3,7.7,24.8,0.0,0,LFMN
2026-06-03T10:00,25.1,7.6,25.2,0.0,0,LFMN
2026-06-03T11:00,25.4,9.1,27.7,0.0,41,LFMN
2026-06-03T12:00,25.6,12.0,28.1,0.0,17,LFMN
2026-06-03T13:00,25.6,10.0,32.0,0.0,14,LFMN
2026-06-03T14:00,25.8,8.9,29.2,0.0,23,LFMN
2026-06-03T15:00,25.7,9.2,27.7,0.0,37,LFMN
2026-06-03T16:00,25.5,10.5,28.1,0.0,56,LFMN
2026-06-03T17:00,25.3,10.4,28.1,0.0,75,LFMN
2026-06-03T18:00,24.8,8.6,25.2,0.0,62,LFMN
2026-06-03T19:00,24.1,6.0,18.0,0.0,98,LFMN
2026-06-03T20:00,23.4,4.2,10.4,0.0,88,LFMN
2026-06-03T21:00,22.6,2.4,7.9,0.0,56,LFMN
2026-06-03T22:00,21.4,2.4,6.1,0.0,87,LFMN
2026-06-03T23:00,20.3,6.9,14.0,0.0,98,LFMN
2026-06-04T00:00,19.4,6.9,18.0,0.0,95,LFMN
2026-06-04T01:00,18.9,8.8,18.4,0.0,90,LFMN
2026-06-04T02:00,18.6,7.6,18.0,0.0,83,LFMN
2026-06-04T03:00,18.6,8.4,16.9,0.0,63,LFMN
2026-06-04T04:00,17.8,7.6,17.3,0.0,41,LFMN
2026-06-04T05:00,19.0,7.0,16.6,0.0,65,LFMN
2026-06-04T06:00,21.1,5.3,14.4,0.0,91,LFMN
2026-06-04T07:00,21.5,6.0,18.0,0.0,52,LFMN
2026-06-04T08:00,22.5,6.9,21.2,0.0,66,LFMN
2026-06-04T09:00,22.8,8.0,24.8,0.0,85,LFMN
2026-06-04T10:00,22.9,8.4,26.6,0.0,89,LFMN
2026-06-04T11:00,22.9,7.2,26.6,0.0,87,LFMN
2026-06-04T12:00,23.3,7.4,24.5,0.0,98,LFMN
2026-06-04T13:00,23.0,6.2,24.1,0.0,98,LFMN
2026-06-04T14:00,22.9,7.6,24.1,0.0,98,LFMN
2026-06-04T15:00,22.3,7.6,25.6,0.0,84,LFMN
2026-06-04T16:00,21.6,5.6,24.8,0.0,65,LFMN
2026-06-04T17:00,21.2,6.1,19.8,0.0,65,LFMN
2026-06-04T18:00,21.6,6.7,21.6,0.1,93,LFMN
2026-06-04T19:00,21.3,2.4,15.8,0.1,96,LFMN
2026-06-04T20:00,21.1,6.4,16.2,0.1,100,LFMN
2026-06-04T21:00,19.9,7.2,21.6,0.3,100,LFMN
2026-06-04T22:00,19.6,3.8,16.6,0.2,100,LFMN
2026-06-04T23:00,19.7,1.3,9.7,0.0,100,LFMN
2026-06-05T00:00,19.8,1.2,16.2,0.0,100,LFMN
2026-06-05T01:00,18.9,5.2,9.4,0.0,53,LFMN
2026-06-05T02:00,17.9,6.1,14.0,0.0,0,LFMN
2026-06-05T03:00,16.1,7.0,14.4,0.0,0,LFMN
2026-06-05T04:00,14.8,9.8,19.4,0.0,0,LFMN
2026-06-05T05:00,15.3,11.5,22.7,0.0,0,LFMN
2026-06-05T06:00,17.7,8.5,23.8,0.0,0,LFMN
2026-06-05T07:00,21.2,5.1,20.9,0.0,0,LFMN
2026-06-05T08:00,22.9,4.5,16.6,0.0,0,LFMN
2026-06-05T09:00,22.7,9.9,28.4,0.0,2,LFMN
2026-06-05T10:00,22.9,8.5,28.4,0.0,1,LFMN
2026-06-05T11:00,23.1,7.7,27.0,0.0,4,LFMN
2026-06-05T12:00,22.9,8.1,26.3,0.0,13,LFMN
2026-06-05T13:00,23.0,8.4,26.6,0.0,5,LFMN
2026-06-05T14:00,22.9,8.5,26.6,0.0,5,LFMN
2026-06-05T15:00,22.9,5.6,26.6,0.0,15,LFMN
2026-06-05T16:00,22.8,3.1,20.9,0.0,23,LFMN
2026-06-05T17:00,22.6,1.5,15.8,0.0,53,LFMN
2026-06-05T18:00,22.1,0.0,13.3,0.0,44,LFMN
2026-06-05T19:00,21.5,2.5,6.5,0.0,32,LFMN
2026-06-05T20:00,20.6,2.4,6.5,0.0,17,LFMN
2026-06-05T21:00,20.1,0.4,5.0,0.0,21,LFMN
2026-06-05T22:00,19.5,0.2,2.2,0.0,50,LFMN
2026-06-05T23:00,18.6,0.8,2.9,0.0,52,LFMN
2026-06-06T00:00,17.9,1.9,2.9,0.0,82,LFMN
2026-06-06T01:00,17.5,1.5,4.0,0.0,95,LFMN
2026-06-06T02:00,17.1,3.6,8.3,0.0,92,LFMN
2026-06-06T03:00,17.2,4.3,9.7,0.0,97,LFMN
2026-06-06T04:00,16.7,3.6,9.4,0.0,88,LFMN
2026-06-06T05:00,17.7,4.0,10.1,0.0,76,LFMN
2026-06-06T06:00,19.6,4.0,9.4,0.0,50,LFMN
2026-06-06T07:00,20.6,5.4,18.4,0.1,99,LFMN
2026-06-06T08:00,21.1,7.6,22.3,0.1,95,LFMN
2026-06-06T09:00,21.4,8.2,25.2,0.0,95,LFMN
2026-06-06T10:00,21.6,6.2,25.6,0.1,64,LFMN
2026-06-06T11:00,22.3,5.1,22.3,0.1,34,LFMN
2026-06-06T12:00,23.8,8.0,24.8,0.0,63,LFMN
2026-06-06T13:00,23.7,10.8,30.2,0.0,67,LFMN
2026-06-06T14:00,23.9,9.8,32.0,0.0,53,LFMN
2026-06-06T15:00,23.4,9.6,29.5,0.0,56,LFMN
2026-06-06T16:00,22.6,8.2,27.7,0.0,23,LFMN
2026-06-06T17:00,21.8,8.0,24.1,0.0,34,LFMN
2026-06-06T18:00,21.5,7.0,22.0,0.0,20,LFMN
2026-06-06T19:00,20.7,6.7,16.9,0.0,1,LFMN
2026-06-06T20:00,20.5,6.2,13.0,0.0,0,LFMN
2026-06-06T21:00,19.8,5.9,11.9,0.0,0,LFMN
2026-06-06T22:00,18.8,5.8,11.9,0.0,0,LFMN
2026-06-06T23:00,17.7,5.9,12.6,0.0,0,LFMN
2026-06-07T00:00,17.5,3.3,12.6,0.0,1,LFMN
2026-06-07T01:00,16.6,4.4,11.2,0.0,0,LFMN
2026-06-07T02:00,16.1,3.6,11.5,0.0,0,LFMN
2026-06-07T03:00,15.9,3.1,10.4,0.0,0,LFMN
2026-06-07T04:00,15.7,3.3,10.4,0.0,0,LFMN
2026-06-07T05:00,17.3,3.3,10.4,0.0,0,LFMN
2026-06-07T06:00,19.8,1.4,9.7,0.0,0,LFMN
2026-06-07T07:00,20.9,4.2,15.1,0.0,0,LFMN
2026-06-07T08:00,21.5,6.7,21.6,0.0,1,LFMN
2026-06-07T09:00,21.9,6.8,23.0,0.0,5,LFMN
2026-06-07T10:00,22.5,6.9,24.1,0.0,27,LFMN
2026-06-07T11:00,23.1,7.4,25.6,0.0,36,LFMN
2026-06-07T12:00,23.2,7.7,26.3,0.0,15,LFMN
2026-06-07T13:00,23.3,7.7,26.3,0.0,55,LFMN
2026-06-07T14:00,23.4,7.4,25.9,0.0,85,LFMN
2026-06-07T15:00,23.2,5.6,24.8,0.0,70,LFMN
2026-06-07T16:00,23.0,5.6,21.2,0.0,45,LFMN
2026-06-07T17:00,22.7,4.7,19.8,0.0,9,LFMN
2026-06-07T18:00,22.5,2.4,16.9,0.0,5,LFMN
2026-06-07T19:00,21.7,1.8,10.4,0.0,5,LFMN
2026-06-07T20:00,21.1,1.7,6.5,0.0,9,LFMN
2026-06-07T21:00,20.6,2.6,5.4,0.0,12,LFMN
2026-06-07T22:00,19.9,2.8,6.8,0.0,0,LFMN
2026-06-07T23:00,18.9,1.8,6.5,0.0,0,LFMN
2026-06-08T00:00,17.6,4.5,6.8,0.0,0,LFMN
2026-06-08T01:00,17.1,4.0,11.9,0.0,0,LFMN
2026-06-08T02:00,16.9,3.4,10.8,0.0,1,LFMN
2026-06-08T03:00,16.6,3.3,10.4,0.0,1,LFMN
2026-06-08T04:00,16.4,3.8,11.2,0.0,5,LFMN
2026-06-08T05:00,17.7,5.6,13.3,0.0,27,LFMN
2026-06-08T06:00,20.8,2.7,13.3,0.0,39,LFMN
2026-06-08T07:00,22.3,3.8,15.5,0.0,23,LFMN
2026-06-08T08:00,23.4,4.5,19.1,0.0,13,LFMN
2026-06-08T09:00,24.5,4.8,20.2,0.0,28,LFMN
2026-06-08T10:00,24.9,7.1,24.5,0.0,60,LFMN
2026-06-08T11:00,24.8,8.7,27.4,0.0,27,LFMN
2026-06-08T12:00,25.7,9.5,29.2,0.0,53,LFMN
2026-06-08T13:00,25.8,8.5,28.4,0.0,22,LFMN
2026-06-08T14:00,25.3,8.1,28.4,0.0,10,LFMN
2026-06-08T15:00,25.2,7.0,26.3,0.0,7,LFMN
2026-06-08T16:00,24.9,8.1,25.2,0.0,13,LFMN
2026-06-08T17:00,24.3,7.4,24.8,0.0,6,LFMN
2026-06-08T18:00,24.1,6.0,22.0,0.0,10,LFMN
2026-06-08T19:00,22.9,2.8,15.5,0.0,4,LFMN
2026-06-08T20:00,22.5,4.4,9.7,0.0,9,LFMN
2026-06-08T21:00,22.2,3.1,9.7,0.0,2,LFMN
2026-06-08T22:00,21.5,2.6,7.9,0.0,1,LFMN
2026-06-08T23:00,20.7,4.1,10.4,0.0,0,LFMN
2026-06-09T00:00,19.7,1.3,11.9,0.0,2,LFMN
2026-06-09T01:00,19.2,3.4,10.1,0.0,1,LFMN
2026-06-09T02:00,19.0,3.3,9.4,0.0,0,LFMN
2026-06-09T03:00,18.8,2.2,9.0,0.0,0,LFMN
2026-06-09T04:00,18.4,3.7,10.4,0.0,2,LFMN
2026-06-09T05:00,19.7,3.6,10.8,0.0,2,LFMN
2026-06-09T06:00,22.0,3.0,10.4,0.0,1,LFMN
2026-06-09T07:00,23.1,3.8,15.5,0.0,4,LFMN
2026-06-09T08:00,23.7,6.3,22.0,0.0,8,LFMN
2026-06-09T09:00,24.1,6.3,23.0,0.0,4,LFMN
2026-06-09T10:00,24.5,6.2,24.1,0.0,5,LFMN
2026-06-09T11:00,24.8,6.9,24.8,0.0,14,LFMN
2026-06-09T12:00,25.2,7.5,28.1,0.0,30,LFMN
2026-06-09T13:00,25.3,8.4,26.3,0.0,41,LFMN
2026-06-09T14:00,24.9,9.0,28.4,0.1,7,LFMN
2026-06-09T15:00,25.5,6.0,27.4,0.0,16,LFMN
2026-06-09T16:00,24.7,6.8,22.3,0.0,20,LFMN
2026-06-09T17:00,24.4,7.4,21.2,0.0,14,LFMN
2026-06-09T18:00,23.6,6.7,20.9,0.0,27,LFMN
2026-06-09T19:00,22.7,4.2,15.8,0.0,20,LFMN
2026-06-09T20:00,22.4,3.1,10.4,0.0,5,LFMN
2026-06-09T21:00,22.4,3.7,8.3,0.0,11,LFMN
2026-06-09T22:00,22.1,2.3,6.1,0.0,19,LFMN
2026-06-09T23:00,21.4,3.6,8.6,0.0,38,LFMN
2026-06-10T00:00,20.9,0.9,10.1,0.0,31,LFMN
2026-06-10T01:00,20.1,0.6,3.6,0.0,28,LFMN
2026-06-10T02:00,19.5,1.5,5.8,0.0,8,LFMN
2026-06-10T03:00,19.2,2.1,6.5,0.0,5,LFMN
2026-06-10T04:00,18.7,2.6,7.9,0.0,13,LFMN
2026-06-10T05:00,19.7,6.2,13.3,0.0,26,LFMN
2026-06-10T06:00,21.6,2.8,14.0,0.0,26,LFMN
2026-06-10T07:00,23.4,2.0,12.2,0.0,38,LFMN
2026-06-10T08:00,25.2,5.8,19.1,0.0,30,LFMN
2026-06-10T09:00,28.2,12.6,32.8,0.0,52,LFMN
2026-06-10T10:00,29.7,18.5,44.3,0.0,36,LFMN
2026-06-10T11:00,31.1,20.4,50.4,0.0,76,LFMN
2026-06-10T12:00,32.4,21.5,52.2,0.0,60,LFMN
2026-06-10T13:00,32.0,21.3,53.3,0.0,18,LFMN
2026-06-10T14:00,31.9,20.3,51.8,0.0,53,LFMN
2026-06-10T15:00,31.6,21.0,49.7,0.0,65,LFMN
2026-06-10T16:00,30.4,19.6,50.0,0.0,19,LFMN
2026-06-10T17:00,29.6,14.5,46.1,0.0,5,LFMN
2026-06-10T18:00,28.0,0.4,33.5,0.0,48,LFMN
2026-06-10T19:00,26.8,14.9,16.6,0.0,55,LFMN
2026-06-10T20:00,21.7,8.0,36.7,0.0,75,LFMN
2026-06-10T21:00,21.9,2.6,31.7,0.0,89,LFMN
2026-06-10T22:00,21.3,3.5,11.9,0.0,81,LFMN
2026-06-10T23:00,20.9,10.5,18.4,0.0,81,LFMN
2026-06-11T00:00,21.4,11.9,17.3,0.0,52,LFMN
2026-06-11T01:00,21.1,6.9,24.8,0.0,90,LFMN
2026-06-11T02:00,20.4,6.5,14.0,0.0,95,LFMN
2026-06-11T03:00,19.8,7.9,16.6,0.0,71,LFMN
2026-06-11T04:00,19.6,6.2,16.2,0.0,57,LFMN
2026-06-11T05:00,19.8,8.0,17.6,0.0,55,LFMN
2026-06-11T06:00,22.0,1.6,17.6,0.0,20,LFMN
2026-06-11T07:00,23.5,2.7,13.7,0.0,1,LFMN
2026-06-11T08:00,24.7,7.4,23.4,0.0,0,LFMN
2026-06-11T09:00,25.3,11.5,32.8,0.0,9,LFMN
2026-06-11T10:00,25.6,15.0,39.2,0.0,48,LFMN
2026-06-11T11:00,25.4,16.3,42.1,0.0,30,LFMN
2026-06-11T12:00,25.8,20.2,42.5,0.0,14,LFMN
2026-06-11T13:00,25.5,17.1,48.6,0.0,43,LFMN
2026-06-11T14:00,25.6,13.4,43.6,0.0,23,LFMN
2026-06-11T15:00,25.2,12.6,36.0,0.0,19,LFMN
2026-06-11T16:00,25.0,11.4,34.2,0.0,13,LFMN
2026-06-11T17:00,24.3,9.8,31.0,0.0,27,LFMN
2026-06-11T18:00,23.8,8.8,26.6,0.0,55,LFMN
2026-06-11T19:00,23.0,5.7,21.6,0.0,38,LFMN
2026-06-11T20:00,22.3,3.5,13.0,0.0,72,LFMN
2026-06-11T21:00,21.7,6.7,13.0,0.0,86,LFMN
2026-06-11T22:00,20.8,7.9,15.5,0.0,63,LFMN
2026-06-11T23:00,19.9,9.8,18.7,0.0,55,LFMN
2026-06-12T00:00,18.3,9.1,21.2,0.0,34,LFMN
2026-06-12T01:00,18.5,11.5,22.3,0.0,35,LFMN
2026-06-12T02:00,18.5,11.4,22.7,0.0,28,LFMN
2026-06-12T03:00,18.3,11.7,23.4,0.0,27,LFMN
2026-06-12T04:00,18.0,12.0,24.1,0.0,30,LFMN
2026-06-12T05:00,19.0,11.7,24.1,0.0,8,LFMN
2026-06-12T06:00,22.4,6.5,23.8,0.0,2,LFMN
2026-06-12T07:00,25.6,0.7,16.6,0.0,0,LFMN
2026-06-12T08:00,25.5,8.0,23.8,0.0,0,LFMN
2026-06-12T09:00,25.8,8.9,26.6,0.0,0,LFMN
2026-06-12T10:00,26.4,8.8,27.7,0.0,0,LFMN
2026-06-12T11:00,26.5,10.2,29.9,0.0,0,LFMN
2026-06-12T12:00,27.1,11.1,30.6,0.0,0,LFMN
2026-06-12T13:00,26.7,11.0,31.7,0.0,0,LFMN
2026-06-12T14:00,26.6,9.7,31.7,0.0,0,LFMN
2026-06-12T15:00,26.4,9.7,29.5,0.0,0,LFMN
2026-06-12T16:00,25.9,10.1,28.8,0.0,0,LFMN
2026-06-12T17:00,25.3,8.8,28.4,0.0,1,LFMN
2026-06-12T18:00,25.0,7.4,24.5,0.0,1,LFMN
2026-06-12T19:00,23.7,3.6,18.4,0.0,1,LFMN
2026-06-12T20:00,22.7,4.1,9.7,0.0,15,LFMN
2026-06-12T21:00,22.1,4.5,8.6,0.0,25,LFMN
2026-06-12T22:00,21.6,5.5,10.8,0.0,10,LFMN
2026-06-12T23:00,20.8,5.1,11.2,0.0,13,LFMN
2026-06-13T00:00,19.8,3.4,12.2,0.0,5,LFMN
2026-06-13T01:00,19.0,5.6,13.0,0.0,2,LFMN
2026-06-13T02:00,18.5,5.8,13.7,0.0,3,LFMN
2026-06-13T03:00,18.3,5.4,13.7,0.0,0,LFMN
2026-06-13T04:00,18.2,4.1,13.3,0.0,0,LFMN
2026-06-13T05:00,19.8,4.8,12.2,0.0,0,LFMN
2026-06-13T06:00,23.2,4.9,12.6,0.0,0,LFMN
2026-06-13T07:00,24.4,4.9,17.3,0.0,0,LFMN
2026-06-13T08:00,25.0,6.3,21.6,0.0,0,LFMN
2026-06-13T09:00,25.9,7.0,23.8,0.0,0,LFMN
2026-06-13T10:00,26.2,7.9,26.3,0.0,0,LFMN
2026-06-13T11:00,26.3,8.5,27.7,0.0,0,LFMN
2026-06-13T12:00,27.1,9.4,28.8,0.0,3,LFMN
2026-06-13T13:00,26.8,8.0,28.1,0.0,26,LFMN
2026-06-13T14:00,26.5,7.9,27.7,0.0,23,LFMN
2026-06-13T15:00,25.9,8.6,27.0,0.0,11,LFMN
2026-06-13T16:00,25.5,8.2,26.6,0.0,5,LFMN
2026-06-13T17:00,25.0,7.5,25.2,0.0,6,LFMN
2026-06-13T18:00,25.2,7.8,22.3,0.0,2,LFMN
2026-06-13T19:00,24.1,6.9,20.9,0.0,1,LFMN
2026-06-13T20:00,23.2,3.9,16.9,0.0,1,LFMN
2026-06-13T21:00,22.4,1.3,9.0,0.0,0,LFMN
2026-06-13T22:00,21.8,2.1,6.5,0.0,8,LFMN
2026-06-13T23:00,21.1,1.3,6.5,0.0,20,LFMN
2026-06-14T00:00,20.1,1.2,4.7,0.0,91,LFMN
2026-06-14T01:00,19.5,1.3,5.0,0.0,98,LFMN
2026-06-14T02:00,19.3,3.5,7.6,0.0,99,LFMN
2026-06-14T03:00,18.8,1.4,7.9,0.0,100,LFMN
2026-06-14T04:00,18.5,3.3,6.5,0.0,99,LFMN
2026-06-14T05:00,19.3,4.6,11.5,0.0,100,LFMN
2026-06-14T06:00,20.0,3.1,11.2,0.0,97,LFMN
2026-06-14T07:00,21.0,2.8,13.7,0.0,99,LFMN
2026-06-14T08:00,21.8,4.6,18.7,0.0,100,LFMN
2026-06-14T09:00,22.6,6.7,23.4,0.0,66,LFMN
2026-06-14T10:00,23.1,8.0,27.0,0.0,58,LFMN
2026-06-14T11:00,23.5,7.6,27.0,0.0,98,LFMN
2026-06-14T12:00,23.7,7.1,26.3,0.0,97,LFMN
2026-06-14T13:00,23.3,8.0,27.0,0.0,38,LFMN
2026-06-14T14:00,23.5,7.6,27.7,0.0,14,LFMN
2026-06-14T15:00,23.4,7.0,26.3,0.0,18,LFMN
2026-06-14T16:00,23.0,7.3,24.5,0.0,5,LFMN
2026-06-14T17:00,22.2,6.6,23.8,0.0,2,LFMN
2026-06-14T18:00,21.8,3.7,20.9,0.0,4,LFMN
2026-06-14T19:00,21.0,2.3,12.6,0.0,3,LFMN
2026-06-14T20:00,20.9,2.9,8.6,0.0,2,LFMN
2026-06-14T21:00,20.5,4.5,10.8,0.0,1,LFMN
2026-06-14T22:00,20.0,3.5,10.8,0.0,1,LFMN
2026-06-14T23:00,19.7,2.2,7.9,0.0,1,LFMN
2026-06-15T00:00,19.4,2.5,10.4,0.0,0,LFMN
2026-06-15T01:00,19.2,3.3,6.5,0.0,0,LFMN
2026-06-15T02:00,19.0,3.4,8.3,0.0,0,LFMN
2026-06-15T03:00,18.8,3.9,7.9,0.0,19,LFMN
2026-06-15T04:00,18.7,7.6,14.0,0.0,23,LFMN
2026-06-15T05:00,19.8,6.7,16.2,0.0,1,LFMN
2026-06-15T06:00,21.6,5.1,16.9,0.0,9,LFMN
2026-06-15T07:00,22.5,8.7,24.1,0.0,39,LFMN
2026-06-15T08:00,23.1,9.9,27.7,0.0,45,LFMN
2026-06-15T09:00,23.5,10.1,29.2,0.0,80,LFMN
2026-06-15T10:00,23.8,10.3,30.2,0.0,39,LFMN
2026-06-15T11:00,23.7,9.4,30.2,0.0,39,LFMN
2026-06-15T12:00,24.3,7.7,28.8,0.0,79,LFMN
2026-06-15T13:00,25.0,6.8,24.5,0.0,79,LFMN
2026-06-15T14:00,24.4,6.8,28.1,0.0,80,LFMN
2026-06-15T15:00,24.4,6.1,23.4,0.0,95,LFMN
2026-06-15T16:00,24.0,2.7,22.0,0.0,93,LFMN
2026-06-15T17:00,24.3,2.8,15.5,0.0,88,LFMN
2026-06-15T18:00,24.3,3.6,13.7,0.0,93,LFMN
2026-06-15T19:00,22.8,5.8,15.1,0.0,86,LFMN
2026-06-15T20:00,21.8,4.6,14.8,0.0,73,LFMN
2026-06-15T21:00,21.3,4.1,11.5,0.0,0,LFMN
2026-06-15T22:00,21.2,3.0,9.7,0.0,0,LFMN
2026-06-15T23:00,20.9,0.4,5.8,0.0,0,LFMN
2026-06-16T00:00,20.9,3.1,2.5,0.0,0,LFMN
2026-06-16T01:00,20.4,0.6,6.5,0.0,0,LFMN
2026-06-16T02:00,19.6,1.1,4.0,0.0,0,LFMN
2026-06-16T03:00,19.1,2.8,7.6,0.0,0,LFMN
2026-06-16T04:00,18.6,4.2,10.8,0.0,0,LFMN
2026-06-16T05:00,20.0,5.7,13.0,0.0,0,LFMN
2026-06-16T06:00,22.9,1.4,13.0,0.0,0,LFMN
2026-06-16T07:00,24.0,3.9,15.1,0.0,0,LFMN
2026-06-16T08:00,24.6,6.2,21.2,0.0,12,LFMN
2026-06-16T09:00,25.0,8.2,25.9,0.0,16,LFMN
2026-06-16T10:00,25.3,7.8,26.6,0.0,51,LFMN
2026-06-16T11:00,25.9,6.3,26.3,0.0,57,LFMN
2026-06-16T12:00,26.7,6.5,24.5,0.0,70,LFMN
2026-06-16T13:00,26.7,7.0,25.9,0.0,46,LFMN
2026-06-16T14:00,26.7,8.8,27.7,0.0,64,LFMN
2026-06-16T15:00,26.6,8.3,28.1,0.0,61,LFMN
2026-06-16T16:00,26.1,6.7,26.3,0.0,53,LFMN
2026-06-16T17:00,25.7,5.6,22.0,0.0,12,LFMN
2026-06-16T18:00,26.0,6.3,19.1,0.0,47,LFMN
2026-06-16T19:00,25.1,5.6,17.6,0.0,33,LFMN
2026-06-16T20:00,24.5,3.5,14.4,0.0,9,LFMN
2026-06-16T21:00,24.3,1.1,7.9,0.0,36,LFMN
2026-06-16T22:00,23.9,0.4,4.0,0.0,34,LFMN
2026-06-16T23:00,23.0,1.6,2.9,0.0,34,LFMN
2026-06-17T00:00,21.8,1.7,9.4,0.0,9,LFMN
2026-06-17T01:00,21.1,4.9,10.8,0.0,2,LFMN
2026-06-17T02:00,20.6,6.0,12.6,0.0,0,LFMN
2026-06-17T03:00,20.2,7.0,14.8,0.0,0,LFMN
2026-06-17T04:00,20.2,7.2,15.1,0.0,0,LFMN
2026-06-17T05:00,21.6,6.7,15.1,0.0,0,LFMN
2026-06-17T06:00,24.1,0.7,14.0,0.0,0,LFMN
2026-06-17T07:00,25.8,3.9,14.8,0.0,0,LFMN
2026-06-17T08:00,26.2,7.3,22.7,0.0,0,LFMN
2026-06-17T09:00,26.3,7.5,24.8,0.0,0,LFMN
2026-06-17T10:00,26.8,7.0,25.6,0.0,2,LFMN
2026-06-17T11:00,27.5,6.4,24.8,0.0,5,LFMN
2026-06-17T12:00,28.0,8.4,25.2,0.0,33,LFMN
2026-06-17T13:00,27.7,7.5,26.3,0.0,51,LFMN
2026-06-17T14:00,27.7,6.4,26.6,0.0,29,LFMN
2026-06-17T15:00,27.9,7.0,24.5,0.0,41,LFMN
2026-06-17T16:00,27.6,8.0,25.2,0.0,22,LFMN
2026-06-17T17:00,26.8,6.7,24.5,0.0,41,LFMN
2026-06-17T18:00,25.7,4.1,20.5,0.0,51,LFMN
2026-06-17T19:00,24.6,4.8,12.6,0.0,39,LFMN
2026-06-17T20:00,24.2,4.8,11.2,0.0,2,LFMN
2026-06-17T21:00,24.0,4.0,9.4,0.0,2,LFMN
2026-06-17T22:00,23.7,4.1,7.2,0.0,1,LFMN
2026-06-17T23:00,23.4,6.2,11.5,0.0,0,LFMN
2026-06-18T00:00,22.2,3.1,11.5,0.0,0,LFMN
2026-06-18T01:00,21.6,4.9,10.1,0.0,0,LFMN
2026-06-18T02:00,21.4,4.4,10.4,0.0,0,LFMN
2026-06-18T03:00,21.0,1.8,9.0,0.0,0,LFMN
2026-06-18T04:00,21.0,2.0,5.4,0.0,0,LFMN
2026-06-18T05:00,22.2,5.2,11.5,0.0,0,LFMN
2026-06-18T06:00,24.4,2.6,11.5,0.0,0,LFMN
2026-06-18T07:00,25.2,5.7,18.4,0.0,0,LFMN
2026-06-18T08:00,25.4,7.4,23.0,0.0,0,LFMN
2026-06-18T09:00,26.0,7.3,24.5,0.0,0,LFMN
2026-06-18T10:00,26.9,6.9,24.8,0.0,0,LFMN
2026-06-18T11:00,27.4,6.5,24.8,0.0,3,LFMN
2026-06-18T12:00,28.6,9.7,25.2,0.0,11,LFMN
2026-06-18T13:00,29.0,9.0,28.1,0.0,6,LFMN
2026-06-18T14:00,28.6,9.2,29.2,0.0,0,LFMN
2026-06-18T15:00,27.9,6.5,27.7,0.0,0,LFMN
2026-06-18T16:00,27.4,5.0,23.0,0.0,1,LFMN
2026-06-18T17:00,27.0,5.0,19.8,0.0,1,LFMN
2026-06-18T18:00,26.4,5.2,17.6,0.0,0,LFMN
2026-06-18T19:00,25.2,3.0,15.1,0.0,0,LFMN
2026-06-18T20:00,25.2,1.7,9.7,0.0,0,LFMN
2026-06-18T21:00,25.0,2.7,6.5,0.0,0,LFMN
2026-06-18T22:00,24.5,1.0,6.5,0.0,0,LFMN
2026-06-18T23:00,23.8,2.9,6.1,0.0,0,LFMN
2026-06-19T00:00,23.1,2.1,7.2,0.0,0,LFMN
2026-06-19T01:00,22.7,2.5,7.6,0.0,0,LFMN
2026-06-19T02:00,22.2,3.8,8.3,0.0,0,LFMN
2026-06-19T03:00,22.3,5.2,11.9,0.0,0,LFMN
2026-06-19T04:00,22.3,4.9,11.2,0.0,0,LFMN
2026-06-19T05:00,23.7,7.1,14.4,0.0,0,LFMN
2026-06-19T06:00,25.8,1.9,15.5,0.0,0,LFMN
2026-06-19T07:00,27.6,1.4,11.2,0.0,0,LFMN
2026-06-19T08:00,28.0,5.8,20.5,0.0,0,LFMN
2026-06-19T09:00,28.4,7.0,24.1,0.0,0,LFMN
2026-06-19T10:00,28.9,7.0,24.8,0.0,0,LFMN
2026-06-19T11:00,29.5,6.4,24.8,0.0,0,LFMN
2026-06-19T12:00,30.4,7.4,24.5,0.0,4,LFMN
2026-06-19T13:00,30.3,5.9,25.2,0.0,8,LFMN
2026-06-19T14:00,30.3,5.8,23.8,0.0,8,LFMN
2026-06-19T15:00,30.1,5.6,23.0,0.0,1,LFMN
2026-06-19T16:00,29.8,6.9,22.7,0.0,0,LFMN
2026-06-19T17:00,29.6,5.5,23.0,0.0,1,LFMN
2026-06-19T18:00,29.4,6.5,18.7,0.0,1,LFMN
2026-06-19T19:00,28.1,4.2,17.3,0.0,0,LFMN
2026-06-19T20:00,27.2,0.6,10.1,0.0,1,LFMN
2026-06-19T21:00,26.6,4.9,9.7,0.0,0,LFMN
2026-06-19T22:00,25.5,3.8,10.1,0.0,2,LFMN
2026-06-19T23:00,24.3,5.4,13.7,0.0,63,LFMN
2026-06-20T00:00,22.7,6.2,16.6,0.0,38,LFMN
2026-06-20T01:00,23.0,9.2,19.8,0.0,20,LFMN
2026-06-20T02:00,23.3,8.8,19.1,0.0,4,LFMN
2026-06-20T03:00,23.0,8.6,18.4,0.0,0,LFMN
2026-06-20T04:00,22.5,9.4,19.1,0.0,1,LFMN
2026-06-20T05:00,23.5,10.0,20.2,0.0,0,LFMN
2026-06-20T06:00,26.0,5.7,20.2,0.0,0,LFMN
2026-06-20T07:00,29.4,3.5,17.3,0.0,0,LFMN
2026-06-20T08:00,30.5,3.8,16.6,0.0,0,LFMN
2026-06-20T09:00,30.5,7.0,23.4,0.0,0,LFMN
2026-06-20T10:00,30.5,7.3,25.2,0.0,0,LFMN
2026-06-20T11:00,30.5,7.8,26.3,0.0,0,LFMN
2026-06-20T12:00,31.0,7.4,27.0,0.0,4,LFMN
2026-06-20T13:00,31.1,8.2,27.4,0.0,4,LFMN
2026-06-20T14:00,30.8,8.6,28.4,0.0,2,LFMN
2026-06-20T15:00,30.7,7.3,27.7,0.0,3,LFMN
2026-06-20T16:00,30.2,6.6,24.5,0.0,1,LFMN
2026-06-20T17:00,29.6,4.7,22.3,0.0,1,LFMN
2026-06-20T18:00,29.1,4.5,17.6,0.0,0,LFMN
2026-06-20T19:00,28.2,4.8,13.0,0.0,0,LFMN
2026-06-20T20:00,27.9,5.5,10.4,0.0,0,LFMN
2026-06-20T21:00,27.1,3.4,10.1,0.0,0,LFMN
2026-06-20T22:00,26.0,3.5,9.0,0.0,0,LFMN
2026-06-20T23:00,25.0,5.4,12.2,0.0,0,LFMN
2026-06-21T00:00,23.6,4.4,14.0,0.0,0,LFMN
2026-06-21T01:00,23.4,7.0,15.5,0.0,0,LFMN
2026-06-21T02:00,23.6,8.0,16.9,0.0,0,LFMN
2026-06-21T03:00,23.5,8.6,18.4,0.0,0,LFMN
2026-06-21T04:00,23.2,7.5,17.6,0.0,0,LFMN
2026-06-21T05:00,24.4,7.6,16.2,0.0,0,LFMN
2026-06-21T06:00,27.3,3.8,16.2,0.0,0,LFMN
2026-06-21T07:00,29.9,0.6,13.7,0.0,0,LFMN
2026-06-21T08:00,30.1,6.2,20.2,0.0,0,LFMN
2026-06-21T09:00,30.1,7.0,24.1,0.0,13,LFMN
2026-06-21T10:00,30.8,5.2,23.8,0.0,51,LFMN
2026-06-21T11:00,32.1,3.6,22.3,0.0,65,LFMN
2026-06-21T12:00,32.9,6.4,24.1,0.0,44,LFMN
2026-06-21T13:00,33.6,5.5,23.4,0.0,95,LFMN
2026-06-21T14:00,32.4,8.1,24.5,0.0,95,LFMN
2026-06-21T15:00,31.6,6.2,24.8,0.0,93,LFMN
2026-06-21T16:00,31.4,6.9,22.0,0.0,91,LFMN
2026-06-21T17:00,31.4,5.1,22.0,0.0,95,LFMN
2026-06-21T18:00,30.4,1.8,17.3,0.0,57,LFMN
2026-06-21T19:00,29.9,3.9,8.6,0.0,56,LFMN
2026-06-21T20:00,28.8,3.6,9.0,0.0,92,LFMN
2026-06-21T21:00,28.5,4.0,8.6,0.0,17,LFMN
2026-06-21T22:00,27.9,6.4,13.0,0.0,5,LFMN
2026-06-21T23:00,27.0,8.5,16.6,0.0,24,LFMN
2026-06-22T00:00,25.7,7.6,19.1,0.0,20,LFMN
2026-06-22T01:00,25.1,10.0,20.5,0.0,7,LFMN
2026-06-22T02:00,25.0,10.6,21.2,0.0,3,LFMN
2026-06-22T03:00,24.7,9.7,21.2,0.0,2,LFMN
2026-06-22T04:00,24.6,8.6,19.8,0.0,0,LFMN
2026-06-22T05:00,25.8,7.9,18.0,0.0,0,LFMN
2026-06-22T06:00,28.2,4.6,17.3,0.0,12,LFMN
2026-06-22T07:00,31.1,1.6,14.4,0.0,17,LFMN
2026-06-22T08:00,31.8,5.2,18.4,0.0,45,LFMN
2026-06-22T09:00,32.0,6.0,21.2,0.0,62,LFMN
2026-06-22T10:00,32.0,6.6,23.4,0.0,53,LFMN
2026-06-22T11:00,32.5,6.0,23.4,0.0,37,LFMN
2026-06-22T12:00,32.8,5.0,23.8,0.0,40,LFMN
2026-06-22T13:00,33.9,6.8,25.2,0.0,94,LFMN
2026-06-22T14:00,32.0,3.6,24.5,0.1,94,LFMN
2026-06-22T15:00,33.4,6.7,21.6,0.1,85,LFMN
2026-06-22T16:00,33.2,3.8,25.2,0.0,89,LFMN
2026-06-22T17:00,33.2,4.2,16.6,0.0,96,LFMN
2026-06-22T18:00,32.7,4.3,16.6,0.0,76,LFMN
2026-06-22T19:00,30.5,0.9,9.4,0.0,47,LFMN
2026-06-22T20:00,29.7,2.6,6.5,0.0,63,LFMN
2026-06-22T21:00,28.8,2.8,6.1,0.0,92,LFMN
2026-06-22T22:00,27.1,6.5,13.7,0.0,80,LFMN
2026-06-22T23:00,25.9,8.8,18.0,0.0,41,LFMN
2026-06-23T00:00,25.2,7.0,19.4,0.0,28,LFMN
2026-06-23T01:00,24.9,10.4,20.9,0.0,95,LFMN
2026-06-23T02:00,24.8,11.8,23.0,0.0,99,LFMN
2026-06-23T03:00,25.0,13.4,25.6,0.0,94,LFMN
2026-06-23T04:00,24.7,13.1,25.9,0.0,97,LFMN
2026-06-23T05:00,25.8,11.4,25.2,0.0,46,LFMN
2026-06-23T06:00,28.1,7.6,22.3,0.0,57,LFMN
2026-06-23T07:00,31.7,4.1,19.4,0.0,48,LFMN
2026-06-23T08:00,32.1,5.4,19.1,0.0,23,LFMN
2026-06-23T09:00,32.2,7.4,24.1,0.0,71,LFMN
2026-06-23T10:00,32.4,5.3,24.1,0.0,56,LFMN
2026-06-23T11:00,32.4,3.6,26.6,0.1,73,LFMN
2026-06-23T12:00,33.9,6.6,22.7,0.0,77,LFMN
2026-06-23T13:00,33.6,8.7,25.6,0.0,88,LFMN
2026-06-23T14:00,32.6,7.1,27.0,0.0,93,LFMN
2026-06-23T15:00,33.3,0.5,22.0,0.0,90,LFMN
2026-06-23T16:00,32.6,6.5,19.8,0.0,76,LFMN
2026-06-23T17:00,31.0,8.2,22.3,0.0,83,LFMN
2026-06-23T18:00,30.6,6.0,20.9,0.0,80,LFMN
2026-06-23T19:00,29.5,2.7,14.0,0.0,45,LFMN
2026-06-23T20:00,28.7,1.4,5.4,0.0,48,LFMN
2026-06-23T21:00,28.1,3.8,7.9,0.0,88,LFMN
2026-06-23T22:00,27.1,5.1,10.4,0.0,93,LFMN
2026-06-23T23:00,26.1,4.6,10.8,0.0,91,LFMN
2026-06-24T00:00,25.3,6.4,13.7,0.0,25,LFMN
2026-06-24T01:00,25.1,9.5,18.7,0.0,70,LFMN
2026-06-24T02:00,25.3,11.0,21.6,0.0,13,LFMN
2026-06-24T03:00,24.9,11.6,22.7,0.0,0,LFMN
2026-06-24T04:00,24.5,11.7,23.0,0.0,0,LFMN
2026-06-24T05:00,25.6,12.1,23.8,0.0,1,LFMN
2026-06-24T06:00,28.1,5.5,23.8,0.0,13,LFMN
2026-06-24T07:00,31.5,3.3,17.3,0.0,25,LFMN
2026-06-24T08:00,32.4,2.3,14.4,0.0,27,LFMN
2026-06-24T09:00,31.3,16.7,34.6,0.0,74,LFMN
2026-06-24T10:00,30.4,8.8,54.7,0.3,98,LFMN
2026-06-24T11:00,31.8,5.2,24.1,0.2,98,LFMN
2026-06-24T12:00,31.6,10.5,19.8,0.0,97,LFMN
2026-06-24T13:00,29.8,3.6,27.7,0.2,94,LFMN
2026-06-24T14:00,31.6,3.2,16.9,0.1,98,LFMN
2026-06-24T15:00,30.8,7.0,21.6,0.0,98,LFMN
2026-06-24T16:00,30.9,6.4,22.0,0.0,93,LFMN
2026-06-24T17:00,29.9,10.1,23.8,0.0,95,LFMN
2026-06-24T18:00,30.1,7.1,29.9,0.0,98,LFMN
2026-06-24T19:00,27.6,6.2,15.1,0.0,95,LFMN
2026-06-24T20:00,27.0,5.1,13.3,0.0,78,LFMN
2026-06-24T21:00,26.6,4.5,10.4,0.0,5,LFMN
2026-06-24T22:00,25.9,2.9,9.4,0.0,4,LFMN
2026-06-24T23:00,24.9,6.5,13.7,0.0,4,LFMN
2026-06-25T00:00,24.7,9.8,18.0,0.0,0,LFMN
2026-06-25T01:00,24.2,11.6,23.0,0.0,1,LFMN
2026-06-25T02:00,24.0,12.1,23.8,0.0,1,LFMN
2026-06-25T03:00,24.2,12.4,24.1,0.0,1,LFMN
2026-06-25T04:00,24.1,11.9,24.5,0.0,0,LFMN
2026-06-25T05:00,25.0,9.7,23.4,0.0,0,LFMN
2026-06-25T06:00,27.5,5.2,20.5,0.0,0,LFMN
2026-06-25T07:00,31.2,3.0,15.8,0.0,0,LFMN
2026-06-25T08:00,32.1,4.1,16.6,0.0,0,LFMN
2026-06-25T09:00,32.0,7.6,24.1,0.0,0,LFMN
2026-06-25T10:00,32.2,7.4,25.6,0.0,0,LFMN
2026-06-25T11:00,32.7,7.7,26.3,0.0,0,LFMN
2026-06-25T12:00,33.7,10.9,27.4,0.0,5,LFMN
2026-06-25T13:00,33.2,10.4,31.3,0.0,26,LFMN
2026-06-25T14:00,32.9,9.2,30.6,0.0,3,LFMN
2026-06-25T15:00,32.8,7.4,27.4,0.0,35,LFMN
2026-06-25T16:00,32.3,7.8,25.6,0.0,55,LFMN
2026-06-25T17:00,31.0,7.5,23.8,0.0,23,LFMN
2026-06-25T18:00,31.7,5.4,22.0,0.0,8,LFMN
2026-06-25T19:00,30.6,3.3,15.1,0.0,3,LFMN
2026-06-25T20:00,29.8,1.7,9.0,0.0,3,LFMN
2026-06-25T21:00,28.8,2.8,5.0,0.0,4,LFMN
2026-06-25T22:00,27.9,7.9,15.5,0.0,2,LFMN
2026-06-25T23:00,26.8,9.7,19.1,0.0,0,LFMN
2026-06-26T00:00,25.8,6.7,20.2,0.0,0,LFMN
2026-06-26T01:00,25.7,9.8,19.4,0.0,0,LFMN
2026-06-26T02:00,25.3,11.3,22.7,0.0,0,LFMN
2026-06-26T03:00,25.1,10.6,23.4,0.0,0,LFMN
2026-06-26T04:00,24.6,9.2,21.2,0.0,0,LFMN
2026-06-26T05:00,25.6,9.6,19.4,0.0,0,LFMN
2026-06-26T06:00,28.2,5.0,19.8,0.0,0,LFMN
2026-06-26T07:00,31.4,2.1,15.5,0.0,0,LFMN
2026-06-26T08:00,32.2,5.9,20.2,0.0,0,LFMN
2026-06-26T09:00,31.8,7.5,24.5,0.0,0,LFMN
2026-06-26T10:00,32.4,5.2,24.5,0.0,2,LFMN
2026-06-26T11:00,32.3,8.7,27.7,0.0,2,LFMN
2026-06-26T12:00,32.9,9.0,28.4,0.0,9,LFMN
2026-06-26T13:00,32.6,8.0,27.0,0.0,17,LFMN
2026-06-26T14:00,32.6,6.8,27.4,0.0,10,LFMN
2026-06-26T15:00,32.1,9.7,28.1,0.0,11,LFMN
2026-06-26T16:00,31.4,6.3,28.4,0.0,8,LFMN
2026-06-26T17:00,31.8,2.7,21.2,0.0,0,LFMN
2026-06-26T18:00,30.8,2.9,14.4,0.0,0,LFMN
2026-06-26T19:00,30.0,1.8,10.1,0.0,1,LFMN
2026-06-26T20:00,29.4,3.3,8.6,0.0,1,LFMN
2026-06-26T21:00,29.4,4.5,8.6,0.0,5,LFMN
2026-06-26T22:00,28.6,5.1,10.4,0.0,7,LFMN
2026-06-26T23:00,27.7,6.2,12.2,0.0,1,LFMN
2026-06-27T00:00,26.5,7.2,13.7,0.0,0,LFMN
2026-06-27T01:00,26.5,9.1,18.4,0.0,0,LFMN
2026-06-27T02:00,26.2,9.2,18.7,0.0,0,LFMN
2026-06-27T03:00,25.8,9.6,19.4,0.0,0,LFMN
2026-06-27T04:00,25.4,8.8,19.4,0.0,0,LFMN
2026-06-27T05:00,26.4,9.8,20.2,0.0,0,LFMN
2026-06-27T06:00,29.0,5.4,20.2,0.0,0,LFMN
2026-06-27T07:00,31.9,2.8,16.6,0.0,0,LFMN
2026-06-27T08:00,32.8,4.6,17.6,0.0,0,LFMN
2026-06-27T09:00,32.7,7.7,24.8,0.0,0,LFMN
2026-06-27T10:00,32.9,7.7,25.9,0.0,5,LFMN
2026-06-27T11:00,33.4,6.8,25.9,0.0,20,LFMN
2026-06-27T12:00,33.5,8.4,25.6,0.0,36,LFMN
2026-06-27T13:00,33.7,5.5,26.6,0.0,49,LFMN
2026-06-27T14:00,33.1,7.3,25.2,0.0,58,LFMN
2026-06-27T15:00,32.8,4.6,25.2,0.0,33,LFMN
2026-06-27T16:00,32.4,5.7,20.9,0.0,52,LFMN
2026-06-27T17:00,31.1,4.8,20.9,0.0,39,LFMN
2026-06-27T18:00,30.1,4.2,17.6,0.0,43,LFMN
2026-06-27T19:00,29.4,1.7,13.0,0.0,56,LFMN
2026-06-27T20:00,29.3,2.0,8.3,0.0,48,LFMN
2026-06-27T21:00,29.4,2.4,6.5,0.0,35,LFMN
2026-06-27T22:00,28.7,2.4,5.8,0.0,74,LFMN
2026-06-27T23:00,28.0,2.7,7.2,0.0,96,LFMN
2026-06-28T00:00,26.7,5.3,11.2,0.0,5,LFMN
2026-06-28T01:00,26.5,6.9,15.1,0.0,2,LFMN
2026-06-28T02:00,26.4,7.3,15.1,0.0,3,LFMN
2026-06-28T03:00,25.8,8.3,16.9,0.0,1,LFMN
2026-06-28T04:00,25.5,9.0,18.0,0.0,1,LFMN
2026-06-28T05:00,26.8,7.6,18.0,0.0,0,LFMN
2026-06-28T06:00,29.6,3.4,15.8,0.0,0,LFMN
2026-06-28T07:00,31.2,2.7,13.0,0.0,0,LFMN
2026-06-28T08:00,31.7,5.2,19.8,0.0,0,LFMN
2026-06-28T09:00,32.1,6.8,23.4,0.0,0,LFMN
2026-06-28T10:00,32.6,6.6,24.1,0.0,0,LFMN
2026-06-28T11:00,32.7,8.1,26.6,0.0,3,LFMN
2026-06-28T12:00,33.0,6.2,27.0,0.0,6,LFMN
2026-06-28T13:00,32.9,8.5,28.1,0.0,2,LFMN
2026-06-28T14:00,33.0,7.5,27.7,0.0,9,LFMN
2026-06-28T15:00,32.6,6.4,27.0,0.0,2,LFMN
2026-06-28T16:00,32.4,6.6,22.7,0.0,2,LFMN
2026-06-28T17:00,31.7,6.3,22.3,0.0,2,LFMN
2026-06-28T18:00,31.4,5.2,19.4,0.0,2,LFMN
2026-06-28T19:00,30.8,8.3,17.3,0.0,1,LFMN
2026-06-28T20:00,30.1,5.8,17.3,0.0,9,LFMN
2026-06-28T21:00,30.3,7.2,14.0,0.0,62,LFMN
2026-06-28T22:00,29.1,5.0,13.3,0.0,41,LFMN
2026-06-28T23:00,27.9,6.3,12.6,0.0,52,LFMN
2026-06-29T00:00,27.0,3.1,12.6,0.0,98,LFMN
2026-06-29T01:00,26.0,7.0,14.8,0.0,88,LFMN
2026-06-29T02:00,25.9,8.3,17.3,0.0,85,LFMN
2026-06-29T03:00,25.8,8.6,17.6,0.0,45,LFMN
2026-06-29T04:00,25.4,9.4,19.4,0.0,98,LFMN
2026-06-29T05:00,26.1,8.1,19.8,0.0,92,LFMN
2026-06-29T06:00,28.5,2.9,16.6,0.0,86,LFMN
2026-06-29T07:00,30.9,2.9,11.9,0.0,3,LFMN
2026-06-29T08:00,31.8,5.1,17.6,0.0,2,LFMN
2026-06-29T09:00,32.1,5.8,21.2,0.0,4,LFMN
2026-06-29T10:00,33.0,5.1,21.2,0.0,25,LFMN
2026-06-29T11:00,33.1,8.0,25.9,0.0,63,LFMN
2026-06-29T12:00,35.4,5.0,25.2,0.0,13,LFMN
2026-06-29T13:00,33.5,13.6,33.8,0.0,6,LFMN
2026-06-29T14:00,31.8,8.0,38.5,0.1,18,LFMN
2026-06-29T15:00,31.7,7.3,27.0,0.0,29,LFMN
2026-06-29T16:00,31.9,6.3,23.8,0.0,24,LFMN
2026-06-29T17:00,31.0,7.7,23.0,0.0,95,LFMN
2026-06-29T18:00,31.1,4.2,22.3,0.0,99,LFMN
2026-06-29T19:00,30.1,1.4,12.6,0.0,98,LFMN
2026-06-29T20:00,30.0,2.6,6.8,0.0,98,LFMN
2026-06-29T21:00,30.0,4.2,8.3,0.0,95,LFMN
2026-06-29T22:00,29.4,2.5,8.6,0.0,55,LFMN
2026-06-29T23:00,28.6,2.8,6.1,0.0,68,LFMN
2026-06-30T00:00,26.5,0.5,8.3,0.0,58,LFMN
2026-06-30T01:00,26.4,7.2,14.0,0.0,56,LFMN
2026-06-30T02:00,26.4,7.8,15.8,0.0,6,LFMN
2026-06-30T03:00,25.9,7.9,16.2,0.0,55,LFMN
2026-06-30T04:00,25.5,7.4,16.6,0.0,95,LFMN
2026-06-30T05:00,26.2,7.6,16.6,0.0,60,LFMN
2026-06-30T06:00,28.0,4.2,16.2,0.0,26,LFMN
2026-06-30T07:00,30.5,0.6,13.7,0.0,34,LFMN
2026-06-30T08:00,31.1,7.5,22.3,0.0,30,LFMN
2026-06-30T09:00,30.3,10.3,30.2,0.0,52,LFMN
2026-06-30T10:00,30.9,7.1,29.5,0.0,86,LFMN
2026-06-30T11:00,31.4,5.7,28.8,0.0,89,LFMN
2026-06-30T12:00,32.6,11.7,25.6,0.0,70,LFMN
2026-06-30T13:00,32.1,1.6,28.4,0.3,94,LFMN
2026-06-30T14:00,31.4,8.5,25.6,0.0,92,LFMN
2026-06-30T15:00,31.4,9.0,26.6,0.0,95,LFMN
2026-06-30T16:00,30.5,7.4,27.0,0.0,96,LFMN
2026-06-30T17:00,30.4,5.6,22.7,0.0,75,LFMN
2026-06-30T18:00,29.7,5.5,20.2,0.0,13,LFMN
2026-06-30T19:00,29.3,3.9,15.8,0.0,27,LFMN
2026-06-30T20:00,28.6,1.1,10.4,0.0,38,LFMN
2026-06-30T21:00,28.2,1.4,4.0,0.0,27,LFMN
2026-06-30T22:00,27.7,1.2,4.0,0.0,14,LFMN
2026-06-30T23:00,27.2,1.7,4.3,0.0,2,LFMN
2026-07-01T00:00,25.9,4.8,8.3,0.0,0,LFMN
2026-07-01T01:00,25.4,6.5,13.7,0.0,0,LFMN
2026-07-01T02:00,25.2,7.9,16.2,0.0,0,LFMN
2026-07-01T03:00,24.9,8.6,18.0,0.0,57,LFMN
2026-07-01T04:00,24.4,7.7,18.0,0.0,34,LFMN
2026-07-01T05:00,25.1,9.9,20.2,0.0,16,LFMN
2026-07-01T06:00,27.2,4.2,20.9,0.0,0,LFMN
2026-07-01T07:00,29.2,1.4,13.3,0.0,0,LFMN
2026-07-01T08:00,30.2,5.5,19.1,0.0,0,LFMN
2026-07-01T09:00,30.4,8.0,25.6,0.0,0,LFMN
2026-07-01T10:00,30.8,5.4,25.6,0.0,21,LFMN
2026-07-01T11:00,31.6,3.1,22.3,0.0,63,LFMN
2026-07-01T12:00,32.9,6.5,24.1,0.0,35,LFMN
2026-07-01T13:00,32.2,9.8,29.2,0.2,28,LFMN
2026-07-01T14:00,31.6,12.4,36.7,0.1,59,LFMN
2026-07-01T15:00,32.2,12.6,32.8,0.1,9,LFMN
2026-07-01T16:00,31.8,12.5,54.4,0.1,31,LFMN
2026-07-01T17:00,30.8,13.8,31.0,0.1,9,LFMN
2026-07-01T18:00,28.5,11.2,33.5,0.0,8,LFMN
2026-07-01T19:00,27.2,6.3,24.8,0.0,3,LFMN
2026-07-01T20:00,26.8,2.7,14.8,0.0,1,LFMN
2026-07-01T21:00,27.0,8.8,18.7,0.0,1,LFMN
2026-07-01T22:00,27.1,7.7,19.1,0.0,0,LFMN
2026-07-01T23:00,25.8,2.7,16.9,0.0,0,LFMN
2026-07-02T00:00,24.3,5.9,9.7,0.0,0,LFMN
2026-07-02T01:00,23.7,8.3,16.2,0.0,0,LFMN
2026-07-02T02:00,23.0,9.5,18.7,0.0,0,LFMN
2026-07-02T03:00,22.5,14.2,28.1,0.0,0,LFMN
2026-07-02T04:00,22.5,12.7,27.0,0.0,2,LFMN
2026-07-02T05:00,23.2,12.2,26.3,0.0,5,LFMN
2026-07-02T06:00,25.9,10.4,24.5,0.0,2,LFMN
2026-07-02T07:00,29.8,7.7,21.6,0.0,7,LFMN
2026-07-02T08:00,31.0,4.9,20.9,0.0,24,LFMN
2026-07-02T09:00,31.2,8.1,24.8,0.0,29,LFMN
2026-07-02T10:00,30.6,12.0,32.4,0.0,27,LFMN
2026-07-02T11:00,30.2,13.9,36.4,0.0,49,LFMN
2026-07-02T12:00,31.8,12.0,36.7,0.0,9,LFMN
2026-07-02T13:00,31.9,8.7,33.1,0.0,1,LFMN
2026-07-02T14:00,31.6,11.8,32.8,0.0,2,LFMN
2026-07-02T15:00,32.0,16.2,41.4,0.0,14,LFMN
2026-07-02T16:00,31.9,15.0,41.4,0.0,1,LFMN
2026-07-02T17:00,30.8,16.7,40.3,0.0,0,LFMN
2026-07-02T18:00,30.6,13.8,40.3,0.0,0,LFMN
2026-07-02T19:00,29.7,9.1,31.0,0.0,0,LFMN
2026-07-02T20:00,28.7,7.6,19.4,0.0,0,LFMN
2026-07-02T21:00,28.0,4.8,15.8,0.0,0,LFMN
2026-07-02T22:00,26.9,6.1,12.6,0.0,0,LFMN
2026-07-02T23:00,25.6,9.9,18.7,0.0,0,LFMN
2026-07-03T00:00,23.7,9.1,23.0,0.0,0,LFMN
2026-07-03T01:00,24.0,12.8,24.5,0.0,0,LFMN
2026-07-03T02:00,23.8,13.5,25.6,0.0,0,LFMN
2026-07-03T03:00,23.7,13.3,26.6,0.0,0,LFMN
2026-07-03T04:00,23.5,13.1,25.9,0.0,0,LFMN
2026-07-03T05:00,24.5,13.0,25.9,0.0,0,LFMN
2026-07-03T06:00,26.6,7.7,25.9,0.0,0,LFMN
2026-07-03T07:00,30.4,2.7,19.4,0.0,0,LFMN
2026-07-03T08:00,30.9,7.9,22.7,0.0,0,LFMN
2026-07-03T09:00,30.6,10.1,28.8,0.0,0,LFMN
2026-07-03T10:00,30.8,10.8,31.0,0.0,0,LFMN
2026-07-03T11:00,31.2,10.8,31.3,0.0,2,LFMN
2026-07-03T12:00,31.8,11.8,31.7,0.0,3,LFMN
2026-07-03T13:00,31.8,9.3,32.4,0.0,2,LFMN
2026-07-03T14:00,32.1,9.3,29.5,0.0,9,LFMN
2026-07-03T15:00,31.7,10.0,30.2,0.0,2,LFMN
2026-07-03T16:00,31.4,9.6,28.8,0.0,0,LFMN
2026-07-03T17:00,31.0,10.5,29.5,0.0,1,LFMN
2026-07-03T18:00,31.0,8.7,27.0,0.0,1,LFMN
2026-07-03T19:00,30.2,10.6,26.3,0.0,2,LFMN
2026-07-03T20:00,29.7,9.4,23.8,0.0,2,LFMN
2026-07-03T21:00,29.1,7.7,19.8,0.0,5,LFMN
2026-07-03T22:00,27.9,4.6,15.8,0.0,2,LFMN
2026-07-03T23:00,26.7,5.8,12.6,0.0,0,LFMN
2026-07-04T00:00,24.8,6.9,15.8,0.0,5,LFMN
2026-07-04T01:00,24.9,9.2,18.4,0.0,26,LFMN
2026-07-04T02:00,24.7,10.6,20.5,0.0,31,LFMN
2026-07-04T03:00,24.4,11.5,22.7,0.0,12,LFMN
2026-07-04T04:00,24.0,11.2,22.7,0.0,5,LFMN
2026-07-04T05:00,24.8,11.6,23.0,0.0,4,LFMN
2026-07-04T06:00,27.4,6.0,23.0,0.0,13,LFMN
2026-07-04T07:00,30.0,5.2,16.6,0.0,20,LFMN
2026-07-04T08:00,30.1,9.9,26.3,0.0,8,LFMN
2026-07-04T09:00,29.8,8.8,28.1,0.0,7,LFMN
2026-07-04T10:00,30.5,7.3,26.6,0.0,4,LFMN
2026-07-04T11:00,30.9,9.1,28.1,0.0,11,LFMN
2026-07-04T12:00,32.0,9.3,28.4,0.0,16,LFMN
2026-07-04T13:00,32.0,7.6,28.1,0.0,17,LFMN
2026-07-04T14:00,31.9,8.8,27.7,0.0,16,LFMN
2026-07-04T15:00,31.5,8.5,27.7,0.0,7,LFMN
2026-07-04T16:00,31.1,8.7,26.3,0.0,5,LFMN
2026-07-04T17:00,30.5,9.5,26.3,0.0,6,LFMN
2026-07-04T18:00,30.8,9.9,26.3,0.0,1,LFMN
2026-07-04T19:00,30.1,9.5,24.8,0.0,0,LFMN
2026-07-04T20:00,29.2,4.3,21.6,0.0,0,LFMN
2026-07-04T21:00,28.6,2.6,10.1,0.0,0,LFMN
2026-07-04T22:00,27.7,1.7,6.5,0.0,0,LFMN
2026-07-04T23:00,26.6,1.9,5.8,0.0,0,LFMN
2026-07-05T00:00,24.1,4.5,11.9,0.0,0,LFMN
2026-07-05T01:00,24.2,8.5,17.3,0.0,0,LFMN
2026-07-05T02:00,24.4,9.8,19.4,0.0,0,LFMN
2026-07-05T03:00,24.2,9.1,19.8,0.0,0,LFMN
2026-07-05T04:00,23.7,9.2,19.1,0.0,0,LFMN
2026-07-05T05:00,24.6,9.4,18.7,0.0,0,LFMN
2026-07-05T06:00,27.2,3.3,18.7,0.0,0,LFMN
2026-07-05T07:00,28.8,6.5,19.1,0.0,0,LFMN
2026-07-05T08:00,29.2,7.4,23.0,0.0,0,LFMN
2026-07-05T09:00,29.7,6.6,23.8,0.0,0,LFMN
2026-07-05T10:00,30.4,6.1,23.8,0.0,0,LFMN
2026-07-05T11:00,31.1,5.7,23.8,0.0,6,LFMN
2026-07-05T12:00,32.3,8.6,25.2,0.0,7,LFMN
2026-07-05T13:00,32.0,7.9,27.4,0.0,23,LFMN
2026-07-05T14:00,31.6,6.5,26.6,0.0,30,LFMN
2026-07-05T15:00,31.1,6.0,24.1,0.0,34,LFMN
2026-07-05T16:00,30.2,6.2,22.7,0.0,8,LFMN
2026-07-05T17:00,29.4,5.0,22.0,0.0,5,LFMN
2026-07-05T18:00,28.9,4.2,18.4,0.0,0,LFMN
2026-07-05T19:00,27.8,3.7,13.7,0.0,0,LFMN
2026-07-05T20:00,26.8,3.2,10.4,0.0,0,LFMN
2026-07-05T21:00,26.0,1.2,7.6,0.0,0,LFMN
2026-07-05T22:00,25.5,1.1,3.2,0.0,0,LFMN
2026-07-05T23:00,25.0,0.8,3.2,0.0,0,LFMN
2026-07-06T00:00,24.0,1.1,6.5,0.0,0,LFMN
2026-07-06T01:00,23.5,4.5,9.4,0.0,0,LFMN
2026-07-06T02:00,23.1,5.1,11.5,0.0,0,LFMN
2026-07-06T03:00,22.9,5.8,11.9,0.0,0,LFMN
2026-07-06T04:00,22.7,5.5,12.2,0.0,1,LFMN
2026-07-06T05:00,23.8,7.1,14.0,0.0,5,LFMN
2026-07-06T06:00,26.5,3.6,16.2,0.0,3,LFMN
2026-07-06T07:00,27.9,6.3,19.1,0.0,5,LFMN
2026-07-06T08:00,28.4,7.8,23.8,0.0,11,LFMN
2026-07-06T09:00,28.6,8.3,26.3,0.0,19,LFMN
2026-07-06T10:00,29.0,7.2,26.3,0.0,23,LFMN
2026-07-06T11:00,29.5,6.1,25.6,0.0,22,LFMN
2026-07-06T12:00,31.0,6.3,24.8,0.0,21,LFMN
2026-07-06T13:00,31.8,6.1,23.4,0.0,36,LFMN
2026-07-06T14:00,31.3,7.8,26.6,0.0,13,LFMN
2026-07-06T15:00,30.9,8.0,26.3,0.0,6,LFMN
2026-07-06T16:00,30.3,7.6,25.9,0.0,12,LFMN
2026-07-06T17:00,29.5,6.9,24.5,0.0,8,LFMN
2026-07-06T18:00,28.9,5.2,21.6,0.0,5,LFMN
2026-07-06T19:00,27.8,5.6,16.2,0.0,5,LFMN
2026-07-06T20:00,27.2,2.7,15.1,0.0,4,LFMN
2026-07-06T21:00,26.8,0.8,7.2,0.0,0,LFMN
2026-07-06T22:00,26.2,1.7,4.0,0.0,0,LFMN
2026-07-06T23:00,25.5,1.7,4.3,0.0,1,LFMN
2026-07-07T00:00,24.1,2.8,4.0,0.0,0,LFMN
2026-07-07T01:00,23.8,3.4,8.3,0.0,0,LFMN
2026-07-07T02:00,23.2,5.0,11.2,0.0,0,LFMN
2026-07-07T03:00,22.9,6.3,13.7,0.0,0,LFMN
2026-07-07T04:00,22.7,5.8,13.7,0.0,0,LFMN
2026-07-07T05:00,23.7,5.6,13.0,0.0,0,LFMN
2026-07-07T06:00,26.1,1.3,13.3,0.0,0,LFMN
2026-07-07T07:00,27.9,3.5,14.4,0.0,0,LFMN
2026-07-07T08:00,28.9,5.5,19.8,0.0,0,LFMN
2026-07-07T09:00,29.0,7.5,24.8,0.0,0,LFMN
2026-07-07T10:00,29.1,8.0,27.0,0.0,0,LFMN
2026-07-07T11:00,29.3,8.2,27.7,0.0,0,LFMN
2026-07-07T12:00,30.2,9.0,29.2,0.0,2,LFMN
2026-07-07T13:00,29.9,8.7,28.4,0.0,41,LFMN
2026-07-07T14:00,29.5,8.1,28.8,0.0,39,LFMN
2026-07-07T15:00,28.9,8.0,27.0,0.0,11,LFMN
2026-07-07T16:00,28.3,6.6,26.3,0.0,14,LFMN
2026-07-07T17:00,27.7,5.4,23.0,0.0,20,LFMN
2026-07-07T18:00,27.7,6.5,19.8,0.0,59,LFMN
2026-07-07T19:00,26.6,4.5,18.4,0.0,88,LFMN
2026-07-07T20:00,25.8,2.0,13.3,0.0,69,LFMN
2026-07-07T21:00,25.3,1.8,7.9,0.0,20,LFMN
2026-07-07T22:00,25.0,3.5,8.6,0.0,18,LFMN
2026-07-07T23:00,24.4,2.3,9.0,0.0,5,LFMN
2026-07-08T00:00,23.7,1.1,5.8,0.0,16,LFMN
2026-07-08T01:00,23.3,2.7,5.8,0.0,23,LFMN
2026-07-08T02:00,22.8,3.6,8.3,0.0,4,LFMN
2026-07-08T03:00,22.4,4.5,10.1,0.0,1,LFMN
2026-07-08T04:00,22.2,5.2,11.9,0.0,13,LFMN
2026-07-08T05:00,23.5,5.2,11.9,0.0,21,LFMN
2026-07-08T06:00,24.8,2.5,12.6,0.0,6,LFMN
2026-07-08T07:00,26.0,4.0,15.5,0.0,2,LFMN
2026-07-08T08:00,26.9,6.2,21.2,0.0,1,LFMN
2026-07-08T09:00,27.5,7.5,24.8,0.0,2,LFMN
2026-07-08T10:00,27.9,8.7,27.4,0.0,2,LFMN
2026-07-08T11:00,28.3,8.2,28.1,0.0,2,LFMN
2026-07-08T12:00,28.9,7.5,27.7,0.0,7,LFMN
2026-07-08T13:00,29.2,7.2,25.2,0.0,15,LFMN
2026-07-08T14:00,29.3,8.4,28.1,0.0,12,LFMN
2026-07-08T15:00,29.4,7.3,27.4,0.0,16,LFMN
2026-07-08T16:00,28.7,6.6,24.5,0.0,23,LFMN
2026-07-08T17:00,27.8,4.7,22.7,0.0,16,LFMN
2026-07-08T18:00,27.1,3.1,17.6,0.0,14,LFMN
2026-07-08T19:00,26.4,4.3,11.5,0.0,5,LFMN
2026-07-08T20:00,25.7,4.1,11.5,0.0,2,LFMN
2026-07-08T21:00,25.5,2.4,10.1,0.0,0,LFMN
2026-07-08T22:00,25.2,3.3,7.2,0.0,0,LFMN
2026-07-08T23:00,24.6,2.7,7.6,0.0,0,LFMN
2026-07-09T00:00,23.9,2.9,9.0,0.0,0,LFMN
2026-07-09T01:00,23.8,4.5,9.0,0.0,0,LFMN
2026-07-09T02:00,23.4,3.7,9.0,0.0,0,LFMN
2026-07-09T03:00,23.2,4.0,8.6,0.0,0,LFMN
2026-07-09T04:00,23.1,4.8,10.4,0.0,0,LFMN
2026-07-09T05:00,24.3,6.9,13.3,0.0,0,LFMN
2026-07-09T06:00,26.8,3.7,14.0,0.0,0,LFMN
2026-07-09T07:00,27.9,4.9,17.3,0.0,0,LFMN
2026-07-09T08:00,28.6,5.6,20.5,0.0,0,LFMN
2026-07-09T09:00,29.2,6.9,23.8,0.0,0,LFMN
2026-07-09T10:00,29.8,7.4,25.9,0.0,0,LFMN
2026-07-09T11:00,30.4,7.0,26.3,0.0,1,LFMN
2026-07-09T12:00,31.2,7.6,25.9,0.0,9,LFMN
2026-07-09T13:00,31.4,5.5,24.8,0.0,9,LFMN
2026-07-09T14:00,31.7,5.6,23.4,0.0,4,LFMN
2026-07-09T15:00,31.6,6.5,24.1,0.0,3,LFMN
2026-07-09T16:00,31.1,5.1,23.8,0.0,4,LFMN
2026-07-09T17:00,30.7,5.6,20.2,0.0,5,LFMN
2026-07-09T18:00,30.1,4.2,19.1,0.0,3,LFMN
2026-07-09T19:00,29.0,3.0,13.7,0.0,2,LFMN
2026-07-09T20:00,28.3,0.9,9.4,0.0,2,LFMN
2026-07-09T21:00,28.0,1.1,4.7,0.0,1,LFMN
2026-07-09T22:00,27.6,0.4,3.6,0.0,1,LFMN
2026-07-09T23:00,26.9,0.4,1.8,0.0,0,LFMN
2026-07-10T00:00,25.2,0.5,5.0,0.0,0,LFMN
2026-07-10T01:00,24.7,5.8,11.5,0.0,0,LFMN
2026-07-10T02:00,24.2,5.7,12.2,0.0,0,LFMN
2026-07-10T03:00,23.9,5.8,13.0,0.0,0,LFMN
2026-07-10T04:00,23.7,6.4,14.0,0.0,0,LFMN
2026-07-10T05:00,24.8,7.7,15.5,0.0,0,LFMN
2026-07-10T06:00,27.7,4.8,16.2,0.0,1,LFMN
2026-07-10T07:00,29.6,4.5,15.8,0.0,0,LFMN
2026-07-10T08:00,30.1,7.8,23.4,0.0,0,LFMN
2026-07-10T09:00,30.3,10.0,28.4,0.0,0,LFMN
2026-07-10T10:00,30.7,10.2,29.9,0.0,0,LFMN
2026-07-10T11:00,31.3,8.9,30.2,0.0,0,LFMN
2026-07-10T12:00,31.9,14.9,31.3,0.0,1,LFMN
2026-07-10T13:00,31.7,8.1,37.1,0.0,11,LFMN
2026-07-10T14:00,30.6,14.2,36.0,0.0,1,LFMN
2026-07-10T15:00,30.1,6.4,38.9,0.0,10,LFMN
2026-07-10T16:00,29.1,8.4,27.4,0.0,4,LFMN
2026-07-10T17:00,28.9,5.8,25.2,0.0,27,LFMN
2026-07-10T18:00,29.1,4.6,19.8,0.0,44,LFMN
2026-07-10T19:00,28.1,7.2,17.6,0.0,70,LFMN
2026-07-10T20:00,27.2,4.7,17.6,0.0,80,LFMN
2026-07-10T21:00,27.0,2.0,11.2,0.0,67,LFMN
2026-07-10T22:00,27.0,2.1,7.9,0.0,21,LFMN
2026-07-10T23:00,26.7,0.8,6.1,0.0,1,LFMN
2026-07-11T00:00,25.9,7.9,4.3,0.0,2,LFMN
2026-07-11T01:00,25.5,7.7,17.3,0.0,1,LFMN
2026-07-11T02:00,24.9,6.9,15.5,0.0,0,LFMN
2026-07-11T03:00,24.6,6.2,14.8,0.0,0,LFMN
2026-07-11T04:00,24.3,3.6,13.0,0.0,0,LFMN
2026-07-11T05:00,25.3,1.7,9.0,0.0,0,LFMN
2026-07-11T06:00,27.3,1.2,9.4,0.0,0,LFMN
2026-07-11T07:00,28.8,4.4,15.1,0.0,0,LFMN
2026-07-11T08:00,29.2,9.5,25.9,0.0,2,LFMN
2026-07-11T09:00,29.2,11.4,30.6,0.0,0,LFMN
2026-07-11T10:00,29.4,11.2,33.1,0.0,2,LFMN
2026-07-11T11:00,29.4,12.9,34.9,0.0,23,LFMN
2026-07-11T12:00,31.6,10.5,35.3,0.0,19,LFMN
2026-07-11T13:00,31.9,7.2,28.4,0.0,45,LFMN
2026-07-11T14:00,31.2,13.1,34.2,0.0,68,LFMN
2026-07-11T15:00,30.7,7.6,33.1,0.0,76,LFMN
2026-07-11T16:00,29.0,13.8,33.8,0.0,62,LFMN
2026-07-11T17:00,27.9,10.4,33.8,0.0,20,LFMN
2026-07-11T18:00,28.1,6.8,26.6,0.0,43,LFMN
2026-07-11T19:00,26.9,3.4,17.6,0.0,80,LFMN
2026-07-11T20:00,26.9,4.0,10.1,0.0,95,LFMN
2026-07-11T21:00,27.1,4.8,11.2,0.0,95,LFMN
2026-07-11T22:00,27.0,1.3,9.0,0.0,70,LFMN
2026-07-11T23:00,26.2,1.7,5.0,0.0,59,LFMN
2026-07-12T00:00,23.7,3.4,4.0,0.0,0,LFMN
2026-07-12T01:00,23.6,5.2,11.9,0.0,5,LFMN
2026-07-12T02:00,23.8,5.5,11.9,0.0,32,LFMN
2026-07-12T03:00,23.5,6.1,13.3,0.0,9,LFMN
2026-07-12T04:00,23.2,6.5,14.0,0.0,12,LFMN
2026-07-12T05:00,24.1,7.9,15.8,0.0,17,LFMN
2026-07-12T06:00,26.9,5.4,16.2,0.0,2,LFMN
2026-07-12T07:00,28.9,2.4,13.3,0.0,0,LFMN
2026-07-12T08:00,29.8,6.6,21.2,0.0,0,LFMN
2026-07-12T09:00,29.6,9.8,28.1,0.0,0,LFMN
2026-07-12T10:00,29.0,11.5,32.0,0.0,4,LFMN
2026-07-12T11:00,29.2,10.6,32.4,0.0,20,LFMN
2026-07-12T12:00,30.6,9.2,31.3,0.0,27,LFMN
2026-07-12T13:00,30.0,8.5,27.7,0.0,48,LFMN
2026-07-12T14:00,30.4,6.0,27.0,0.0,31,LFMN
2026-07-12T15:00,31.0,7.4,25.2,0.0,2,LFMN
2026-07-12T16:00,30.7,6.6,24.5,0.0,7,LFMN
2026-07-12T17:00,30.1,4.9,22.0,0.0,37,LFMN
2026-07-12T18:00,29.9,3.2,18.0,0.0,53,LFMN
2026-07-12T19:00,29.0,2.5,11.5,0.0,4,LFMN
2026-07-12T20:00,28.7,2.2,8.3,0.0,6,LFMN
2026-07-12T21:00,28.3,2.7,6.5,0.0,51,LFMN
2026-07-12T22:00,27.7,2.7,6.5,0.0,95,LFMN
2026-07-12T23:00,27.1,2.3,5.8,0.0,88,LFMN
2026-07-13T00:00,25.4,2.3,10.1,0.0,19,LFMN
2026-07-13T01:00,25.0,4.9,10.1,0.0,12,LFMN
2026-07-13T02:00,24.7,6.2,14.0,0.0,17,LFMN
2026-07-13T03:00,24.4,6.5,13.7,0.0,42,LFMN
2026-07-13T04:00,24.4,6.1,14.0,0.0,43,LFMN
2026-07-13T05:00,25.1,7.0,14.0,0.0,52,LFMN
2026-07-13T06:00,27.4,3.9,15.8,0.0,77,LFMN
2026-07-13T07:00,29.5,1.8,11.9,0.0,82,LFMN
2026-07-13T08:00,30.8,4.2,16.9,0.0,56,LFMN
2026-07-13T09:00,31.1,8.3,25.6,0.0,13,LFMN
2026-07-13T10:00,31.5,7.1,26.6,0.0,38,LFMN
2026-07-13T11:00,32.0,6.7,25.2,0.0,76,LFMN
2026-07-13T12:00,32.3,10.3,25.2,0.0,52,LFMN
2026-07-13T13:00,31.8,7.3,29.9,0.0,85,LFMN
2026-07-13T14:00,31.6,5.1,26.3,0.0,40,LFMN
2026-07-13T15:00,31.8,6.1,22.3,0.0,99,LFMN
2026-07-13T16:00,31.0,4.5,23.0,0.0,49,LFMN
2026-07-13T17:00,31.0,4.2,16.9,0.0,53,LFMN
2026-07-13T18:00,29.5,3.8,16.2,0.0,45,LFMN
2026-07-13T19:00,28.5,2.4,11.9,0.0,23,LFMN
2026-07-13T20:00,28.0,6.4,11.5,0.0,34,LFMN
2026-07-13T21:00,27.6,8.5,15.8,0.0,52,LFMN
2026-07-13T22:00,26.8,7.2,15.8,0.0,41,LFMN
2026-07-13T23:00,25.8,5.6,14.0,0.0,94,LFMN
2026-07-14T00:00,25.4,2.7,13.0,0.0,74,LFMN
2026-07-14T01:00,25.4,4.6,11.5,0.0,27,LFMN
2026-07-14T02:00,24.6,6.4,14.0,0.0,53,LFMN
2026-07-14T03:00,24.2,6.6,15.1,0.0,10,LFMN
2026-07-14T04:00,23.4,7.2,15.8,0.0,34,LFMN
2026-07-14T05:00,24.2,7.2,16.2,0.0,5,LFMN
2026-07-14T06:00,27.5,4.9,15.5,0.0,2,LFMN
2026-07-14T07:00,28.8,5.5,18.0,0.0,0,LFMN
2026-07-14T08:00,29.4,7.5,23.0,0.0,0,LFMN
2026-07-14T09:00,29.5,8.9,27.0,0.0,0,LFMN
2026-07-14T10:00,29.9,7.7,27.0,0.0,0,LFMN
2026-07-14T11:00,30.3,8.0,27.4,0.0,0,LFMN
2026-07-14T12:00,31.3,8.6,28.8,0.0,2,LFMN
2026-07-14T13:00,31.0,7.6,27.7,0.0,25,LFMN
2026-07-14T14:00,30.5,8.3,28.4,0.0,24,LFMN
2026-07-14T15:00,30.7,6.8,27.0,0.0,9,LFMN
2026-07-14T16:00,30.4,5.5,23.8,0.0,11,LFMN
2026-07-14T17:00,29.4,4.9,20.5,0.0,7,LFMN
2026-07-14T18:00,29.0,7.9,18.0,0.0,9,LFMN
2026-07-14T19:00,27.7,5.1,21.6,0.0,14,LFMN
2026-07-14T20:00,27.3,2.2,13.7,0.0,6,LFMN
2026-07-14T21:00,27.1,2.1,7.9,0.0,9,LFMN
2026-07-14T22:00,26.7,3.4,8.6,0.0,12,LFMN
2026-07-14T23:00,26.1,3.6,8.3,0.0,34,LFMN
2026-07-15T00:00,25.2,1.3,17.6,0.0,2,LFMN
2026-07-15T01:00,25.1,4.2,9.0,0.0,13,LFMN
2026-07-15T02:00,24.8,7.2,14.4,0.0,36,LFMN
2026-07-15T03:00,24.7,6.0,14.0,0.0,20,LFMN
2026-07-15T04:00,24.4,8.4,15.8,0.0,10,LFMN
2026-07-15T05:00,25.1,3.7,16.2,0.0,19,LFMN
2026-07-15T06:00,26.4,1.4,9.0,0.0,18,LFMN
2026-07-15T07:00,27.8,0.2,10.1,0.0,9,LFMN
2026-07-15T08:00,29.1,2.7,15.5,0.0,1,LFMN
2026-07-15T09:00,30.0,6.9,23.8,0.0,0,LFMN
2026-07-15T10:00,30.1,10.5,29.5,0.0,0,LFMN
2026-07-15T11:00,30.2,9.6,33.1,0.0,0,LFMN
2026-07-15T12:00,30.7,11.8,31.0,0.0,2,LFMN
2026-07-15T13:00,31.0,8.9,31.3,0.0,13,LFMN
2026-07-15T14:00,30.5,11.5,32.8,0.0,42,LFMN
2026-07-15T15:00,30.0,8.7,32.4,0.0,10,LFMN
2026-07-15T16:00,30.1,11.5,31.0,0.0,77,LFMN
2026-07-15T17:00,30.0,10.2,31.3,0.0,99,LFMN
2026-07-15T18:00,28.4,9.2,27.7,0.1,13,LFMN
2026-07-15T19:00,27.3,3.7,22.3,0.0,9,LFMN
2026-07-15T20:00,26.7,6.3,13.0,0.0,5,LFMN
2026-07-15T21:00,26.4,8.4,23.8,0.0,99,LFMN
2026-07-15T22:00,26.6,3.8,17.6,0.0,23,LFMN
2026-07-15T23:00,26.3,5.2,10.4,0.0,9,LFMN
2026-07-16T00:00,25.2,5.2,11.2,0.0,5,LFMN
2026-07-16T01:00,25.6,6.7,13.7,0.0,0,LFMN
2026-07-16T02:00,25.3,1.8,13.7,0.0,1,LFMN
2026-07-16T03:00,25.1,2.5,6.1,0.0,0,LFMN
2026-07-16T04:00,24.5,6.5,13.0,0.0,3,LFMN
2026-07-16T05:00,25.0,7.1,14.0,0.0,2,LFMN
2026-07-16T06:00,26.6,5.4,14.8,0.0,76,LFMN
2026-07-16T07:00,27.5,1.4,16.6,0.0,48,LFMN
2026-07-16T08:00,28.8,2.6,14.4,0.0,33,LFMN
2026-07-16T09:00,29.9,5.1,20.2,0.0,31,LFMN
2026-07-16T10:00,29.8,8.9,27.7,0.0,63,LFMN
2026-07-16T11:00,29.7,9.9,30.6,0.0,25,LFMN
2026-07-16T12:00,30.8,8.8,29.5,0.0,55,LFMN
2026-07-16T13:00,30.5,7.7,28.8,0.0,52,LFMN
2026-07-16T14:00,30.7,10.3,29.9,0.0,76,LFMN
2026-07-16T15:00,28.9,9.3,30.2,0.0,27,LFMN
2026-07-16T16:00,29.3,8.2,25.9,0.0,63,LFMN
2026-07-16T17:00,28.7,5.2,25.2,0.0,57,LFMN
2026-07-16T18:00,27.8,8.6,17.3,0.0,96,LFMN
2026-07-16T19:00,26.9,4.1,22.7,0.0,86,LFMN
2026-07-16T20:00,27.2,6.0,15.1,0.0,10,LFMN
2026-07-16T21:00,26.7,3.6,14.8,0.0,9,LFMN
2026-07-16T22:00,26.4,7.8,14.8,0.0,12,LFMN
2026-07-16T23:00,25.7,7.8,15.1,0.0,9,LFMN
2026-07-17T00:00,25.5,5.0,16.6,0.0,1,LFMN
2026-07-17T01:00,26.1,4.9,11.9,0.0,30,LFMN
2026-07-17T02:00,25.7,5.0,11.5,0.0,30,LFMN
2026-07-17T03:00,24.9,4.8,13.0,0.0,27,LFMN
2026-07-17T04:00,24.5,2.9,9.0,0.0,18,LFMN
2026-07-17T05:00,25.3,5.3,10.1,0.0,10,LFMN
2026-07-17T06:00,26.9,3.6,14.8,0.0,8,LFMN
2026-07-17T07:00,28.3,2.6,13.7,0.0,5,LFMN
2026-07-17T08:00,29.3,4.3,18.0,0.0,2,LFMN
2026-07-17T09:00,29.9,6.9,23.4,0.0,7,LFMN
2026-07-17T10:00,30.1,8.3,27.4,0.0,16,LFMN
2026-07-17T11:00,30.3,8.5,28.1,0.0,16,LFMN
2026-07-17T12:00,30.9,7.5,29.5,0.0,17,LFMN
2026-07-17T13:00,30.8,6.7,25.6,0.0,28,LFMN
2026-07-17T14:00,30.5,9.2,28.1,0.0,18,LFMN
2026-07-17T15:00,30.4,8.7,28.4,0.0,44,LFMN
2026-07-17T16:00,30.2,8.6,27.7,0.0,2,LFMN
2026-07-17T17:00,29.4,7.4,27.4,0.0,8,LFMN
2026-07-17T18:00,28.9,6.4,22.3,0.0,2,LFMN
2026-07-17T19:00,27.7,3.4,16.6,0.0,4,LFMN
2026-07-17T20:00,27.0,6.1,13.3,0.0,1,LFMN
2026-07-17T21:00,26.7,5.8,15.5,0.0,1,LFMN
2026-07-17T22:00,26.7,2.7,11.9,0.0,1,LFMN
2026-07-17T23:00,26.5,3.0,9.0,0.0,0,LFMN
2026-07-18T00:00,25.7,5.6,11.9,0.0,0,LFMN
2026-07-18T01:00,25.8,9.0,18.7,0.0,0,LFMN
2026-07-18T02:00,25.9,10.9,22.3,0.0,0,LFMN
2026-07-18T03:00,25.5,9.8,22.3,0.0,0,LFMN
2026-07-18T04:00,25.0,8.1,20.2,0.0,0,LFMN
2026-07-18T05:00,25.6,6.5,17.6,0.0,0,LFMN
2026-07-18T06:00,27.7,4.3,14.0,0.0,0,LFMN
2026-07-18T07:00,29.1,4.1,14.8,0.0,0,LFMN
2026-07-18T08:00,29.7,6.6,21.2,0.0,0,LFMN
2026-07-18T09:00,30.2,7.8,24.8,0.0,1,LFMN
2026-07-18T10:00,30.9,8.0,25.9,0.0,4,LFMN
2026-07-18T11:00,31.8,7.8,26.3,0.0,5,LFMN
2026-07-18T12:00,31.6,10.0,30.2,0.0,30,LFMN
2026-07-18T13:00,31.1,6.3,27.7,0.0,82,LFMN
2026-07-18T14:00,31.8,3.8,22.3,0.0,16,LFMN
2026-07-18T15:00,32.4,6.2,23.8,0.0,47,LFMN
2026-07-18T16:00,31.2,10.5,25.2,0.0,25,LFMN
2026-07-18T17:00,31.4,8.9,26.3,0.0,7,LFMN
2026-07-18T18:00,30.0,13.6,23.0,0.0,9,LFMN
2026-07-18T19:00,29.1,17.9,33.5,0.0,8,LFMN
2026-07-18T20:00,28.8,9.3,31.3,0.0,2,LFMN
2026-07-18T21:00,28.8,4.6,18.0,0.0,3,LFMN
2026-07-18T22:00,29.1,5.9,14.0,0.0,9,LFMN
2026-07-18T23:00,28.0,9.0,19.1,0.0,62,LFMN
2026-07-19T00:00,26.9,10.7,20.9,0.0,44,LFMN
2026-07-19T01:00,26.7,11.7,24.5,0.0,30,LFMN
2026-07-19T02:00,26.1,11.5,24.1,0.0,33,LFMN
2026-07-19T03:00,25.6,10.5,23.4,0.0,86,LFMN
2026-07-19T04:00,25.1,9.8,21.6,0.0,1,LFMN
2026-07-19T05:00,25.2,10.7,22.0,0.0,2,LFMN
2026-07-19T06:00,27.0,5.8,21.6,0.0,7,LFMN
2026-07-19T07:00,30.1,3.4,16.6,0.0,4,LFMN
2026-07-19T08:00,29.0,9.1,25.2,0.0,11,LFMN
2026-07-19T09:00,29.1,8.8,27.4,0.0,20,LFMN
2026-07-19T10:00,29.5,10.0,29.2,0.0,18,LFMN
2026-07-19T11:00,29.7,11.7,32.4,0.0,16,LFMN
2026-07-19T12:00,30.1,13.0,33.1,0.0,9,LFMN
2026-07-19T13:00,30.0,10.5,33.1,0.0,5,LFMN
2026-07-19T14:00,30.1,9.6,31.0,0.0,25,LFMN
2026-07-19T15:00,30.2,7.5,29.2,0.0,34,LFMN
2026-07-19T16:00,30.2,6.9,24.5,0.0,49,LFMN
2026-07-19T17:00,29.6,7.8,22.3,0.0,48,LFMN
2026-07-19T18:00,28.9,9.8,21.2,0.0,19,LFMN
2026-07-19T19:00,28.2,7.8,22.3,0.0,91,LFMN
2026-07-19T20:00,28.2,6.9,16.9,0.0,78,LFMN
2026-07-19T21:00,28.0,2.0,13.0,0.0,95,LFMN
2026-07-19T22:00,27.9,0.6,5.4,0.0,84,LFMN
2026-07-19T23:00,27.1,0.7,4.3,0.0,95,LFMN
2026-07-20T00:00,26.4,0.4,4.0,0.0,8,LFMN
2026-07-20T01:00,25.8,0.6,5.4,0.0,17,LFMN
2026-07-20T02:00,25.5,2.3,7.6,0.0,22,LFMN
2026-07-20T03:00,24.8,5.8,14.0,0.0,0,LFMN
2026-07-20T04:00,24.2,2.8,14.0,0.0,1,LFMN
2026-07-20T05:00,24.5,5.6,13.7,0.0,0,LFMN
2026-07-20T06:00,27.7,1.2,15.8,0.0,0,LFMN
2026-07-20T07:00,28.8,3.3,14.0,0.0,0,LFMN
2026-07-20T08:00,29.3,3.7,17.6,0.0,0,LFMN
2026-07-20T09:00,29.8,6.6,22.7,0.0,0,LFMN
2026-07-20T10:00,30.1,9.2,27.7,0.0,13,LFMN
2026-07-20T11:00,30.4,8.3,28.1,0.0,75,LFMN
2026-07-20T12:00,30.9,6.4,27.7,0.0,65,LFMN
2026-07-20T13:00,30.5,7.1,24.1,0.0,71,LFMN
2026-07-20T14:00,29.9,8.3,26.3,0.0,42,LFMN
2026-07-20T15:00,30.2,6.5,25.9,0.0,50,LFMN
2026-07-20T16:00,30.0,5.0,22.0,0.0,19,LFMN
2026-07-20T17:00,29.5,8.4,23.0,0.0,8,LFMN
2026-07-20T18:00,29.6,9.0,24.8,0.0,30,LFMN
2026-07-20T19:00,28.7,7.7,20.2,0.0,73,LFMN
2026-07-20T20:00,28.2,10.4,19.8,0.0,78,LFMN
2026-07-20T21:00,27.9,7.0,20.5,0.0,10,LFMN
2026-07-20T22:00,27.2,7.0,15.1,0.0,41,LFMN
2026-07-20T23:00,26.7,3.9,14.4,0.0,0,LFMN
2026-07-21T00:00,25.4,3.9,12.6,0.0,88,LFMN
2026-07-21T01:00,25.8,4.3,11.5,0.0,34,LFMN
2026-07-21T02:00,25.3,5.8,13.7,0.0,5,LFMN
2026-07-21T03:00,25.0,5.1,13.3,0.0,57,LFMN
2026-07-21T04:00,24.5,3.8,14.4,0.0,50,LFMN
2026-07-21T05:00,24.9,7.1,15.8,0.0,37,LFMN
2026-07-21T06:00,27.4,5.4,15.5,0.0,50,LFMN
2026-07-21T07:00,28.7,2.4,14.4,0.0,7,LFMN
2026-07-21T08:00,30.0,3.9,15.1,0.0,22,LFMN
2026-07-21T09:00,29.9,11.6,30.2,0.0,33,LFMN
2026-07-21T10:00,29.4,8.3,31.0,0.0,59,LFMN
2026-07-21T11:00,29.6,6.5,26.3,0.0,52,LFMN
2026-07-21T12:00,30.9,5.5,25.6,0.0,23,LFMN
2026-07-21T13:00,31.7,6.8,22.3,0.1,59,LFMN
2026-07-21T14:00,30.1,2.0,24.1,0.2,24,LFMN
2026-07-21T15:00,30.8,3.9,18.4,0.0,29,LFMN
2026-07-21T16:00,30.1,6.8,22.3,0.0,45,LFMN
2026-07-21T17:00,29.9,6.6,22.3,0.0,12,LFMN
2026-07-21T18:00,29.5,5.3,20.5,0.0,4,LFMN
2026-07-21T19:00,28.3,6.2,13.3,0.0,0,LFMN
2026-07-21T20:00,27.1,11.9,20.9,0.0,0,LFMN
2026-07-21T21:00,26.8,8.8,23.0,0.0,0,LFMN
2026-07-21T22:00,26.5,5.4,17.3,0.0,33,LFMN
2026-07-21T23:00,25.8,1.1,9.7,0.0,22,LFMN
2026-07-22T00:00,25.6,2.3,4.7,0.0,0,LFMN
2026-07-22T01:00,26.0,5.0,11.5,0.0,0,LFMN
2026-07-22T02:00,25.3,7.4,15.5,0.0,0,LFMN
2026-07-22T03:00,25.0,9.5,18.7,0.0,0,LFMN
2026-07-22T04:00,24.5,10.6,21.2,0.0,0,LFMN
2026-07-22T05:00,24.1,10.5,22.7,0.0,1,LFMN
2026-07-22T06:00,26.6,6.0,22.7,0.0,1,LFMN
2026-07-22T07:00,29.2,3.3,15.1,0.0,6,LFMN
2026-07-22T08:00,29.5,9.0,25.2,0.0,27,LFMN
2026-07-22T09:00,29.5,8.1,25.6,0.1,26,LFMN
2026-07-22T10:00,30.2,9.6,28.4,0.0,17,LFMN
2026-07-22T11:00,30.9,10.8,31.0,0.0,9,LFMN
2026-07-22T12:00,31.4,13.5,38.9,0.0,9,LFMN
2026-07-22T13:00,30.7,14.1,40.3,0.0,25,LFMN
2026-07-22T14:00,30.3,10.0,37.8,0.0,32,LFMN
2026-07-22T15:00,29.7,6.6,29.5,0.0,18,LFMN
2026-07-22T16:00,29.4,5.6,22.7,0.0,7,LFMN
2026-07-22T17:00,28.5,6.5,21.6,0.0,4,LFMN
2026-07-22T18:00,28.5,6.2,20.5,0.0,0,LFMN
2026-07-22T19:00,27.6,4.8,16.9,0.0,0,LFMN
2026-07-22T20:00,27.0,3.1,12.2,0.0,0,LFMN
2026-07-22T21:00,26.6,5.7,11.9,0.0,2,LFMN
2026-07-22T22:00,25.8,5.4,12.2,0.0,9,LFMN
2026-07-22T23:00,24.7,5.1,11.9,0.0,23,LFMN
2026-07-23T00:00,22.8,6.8,14.0,0.0,2,LFMN
2026-07-23T01:00,22.4,9.1,18.4,0.0,35,LFMN
2026-07-23T02:00,22.1,9.9,20.2,0.0,41,LFMN
2026-07-23T03:00,22.0,10.8,21.2,0.0,69,LFMN
2026-07-23T04:00,21.7,11.4,22.3,0.0,67,LFMN
2026-07-23T05:00,22.1,11.5,23.4,0.0,54,LFMN
2026-07-23T06:00,24.4,7.6,23.0,0.0,49,LFMN
2026-07-23T07:00,28.0,4.7,19.1,0.0,40,LFMN
2026-07-23T08:00,29.3,6.8,21.2,0.0,52,LFMN
2026-07-23T09:00,29.4,10.3,28.8,0.0,16,LFMN
2026-07-23T10:00,29.3,11.4,32.0,0.0,23,LFMN
2026-07-23T11:00,29.6,8.7,32.0,0.0,6,LFMN
2026-07-23T12:00,29.9,8.5,28.1,0.0,1,LFMN
2026-07-23T13:00,29.8,6.1,27.0,0.0,9,LFMN
2026-07-23T14:00,30.0,7.0,25.6,0.0,9,LFMN
2026-07-23T15:00,29.5,5.6,25.2,0.0,9,LFMN
2026-07-23T16:00,29.0,3.9,22.0,0.0,15,LFMN
2026-07-23T17:00,28.8,5.1,19.1,0.0,11,LFMN
2026-07-23T18:00,28.9,1.7,18.4,0.0,2,LFMN
2026-07-23T19:00,28.0,3.5,10.4,0.0,1,LFMN
2026-07-23T20:00,27.3,0.4,9.7,0.0,1,LFMN
2026-07-23T21:00,27.0,2.3,5.4,0.0,0,LFMN
2026-07-23T22:00,26.5,2.2,5.4,0.0,0,LFMN
2026-07-23T23:00,25.9,4.4,8.6,0.0,1,LFMN
2026-07-24T00:00,23.8,7.2,14.0,0.0,3,LFMN
2026-07-24T01:00,24.3,9.1,18.0,0.0,5,LFMN
2026-07-24T02:00,24.1,8.4,18.4,0.0,0,LFMN
2026-07-24T03:00,23.7,8.0,17.6,0.0,0,LFMN
2026-07-24T04:00,23.5,8.4,16.9,0.0,0,LFMN
2026-07-24T05:00,24.0,9.1,18.0,0.0,0,LFMN
2026-07-24T06:00,26.4,5.3,19.1,0.0,0,LFMN
2026-07-24T07:00,28.8,2.4,14.8,0.0,2,LFMN
2026-07-24T08:00,30.0,4.6,17.3,0.0,2,LFMN
2026-07-24T09:00,30.4,10.1,28.4,0.0,2,LFMN
2026-07-24T10:00,30.3,13.3,35.6,0.0,14,LFMN
2026-07-24T11:00,29.7,14.3,39.2,0.0,9,LFMN
2026-07-24T12:00,30.4,12.5,36.7,0.0,2,LFMN
2026-07-24T13:00,30.3,10.1,34.2,0.0,1,LFMN
2026-07-24T14:00,30.2,9.9,31.0,0.0,12,LFMN
2026-07-24T15:00,29.9,8.2,30.6,0.0,10,LFMN
2026-07-24T16:00,29.2,6.9,26.3,0.0,7,LFMN
2026-07-24T17:00,28.7,5.6,22.7,0.0,1,LFMN
2026-07-24T18:00,28.7,5.8,19.1,0.0,0,LFMN
2026-07-24T19:00,27.9,2.7,16.2,0.0,1,LFMN
2026-07-24T20:00,27.4,3.9,9.0,0.0,0,LFMN
2026-07-24T21:00,26.7,4.4,9.0,0.0,0,LFMN
2026-07-24T22:00,25.8,4.6,9.4,0.0,0,LFMN
2026-07-24T23:00,24.6,7.2,14.0,0.0,42,LFMN
2026-07-25T00:00,22.5,5.9,15.8,0.0,15,LFMN
2026-07-25T01:00,23.0,8.7,17.6,0.0,17,LFMN
2026-07-25T02:00,23.1,9.8,19.4,0.0,0,LFMN
2026-07-25T03:00,22.6,10.3,20.9,0.0,2,LFMN
2026-07-25T04:00,22.2,9.3,20.2,0.0,3,LFMN
2026-07-25T05:00,22.8,9.6,19.4,0.0,3,LFMN
2026-07-25T06:00,25.4,6.2,19.4,0.0,5,LFMN
2026-07-25T07:00,27.7,7.2,20.2,0.0,3,LFMN
2026-07-25T08:00,28.9,8.1,23.4,0.0,23,LFMN
2026-07-25T09:00,29.2,11.3,30.2,0.0,34,LFMN
2026-07-25T10:00,29.3,10.5,30.6,0.0,44,LFMN
2026-07-25T11:00,29.3,12.8,34.6,0.0,36,LFMN
2026-07-25T12:00,29.4,15.2,36.0,0.0,49,LFMN
2026-07-25T13:00,29.9,14.1,37.8,0.0,1,LFMN
2026-07-25T14:00,30.6,14.0,36.7,0.0,10,LFMN
2026-07-25T15:00,29.8,16.6,41.0,0.0,19,LFMN
2026-07-25T16:00,29.0,14.8,40.7,0.0,11,LFMN
2026-07-25T17:00,28.2,13.2,36.4,0.0,51,LFMN
2026-07-25T18:00,27.9,15.7,32.0,0.0,41,LFMN
2026-07-25T19:00,27.2,11.3,34.6,0.0,16,LFMN
2026-07-25T20:00,26.7,7.7,24.1,0.0,32,LFMN
2026-07-25T21:00,26.2,4.0,14.8,0.0,25,LFMN
2026-07-25T22:00,25.6,4.5,9.4,0.0,20,LFMN
2026-07-25T23:00,25.2,5.7,11.2,0.0,91,LFMN
2026-07-26T00:00,24.3,3.1,13.7,0.0,45,LFMN
2026-07-26T01:00,23.1,9.2,17.3,0.0,51,LFMN
2026-07-26T02:00,22.5,9.2,20.9,0.0,10,LFMN
2026-07-26T03:00,22.2,7.5,18.4,0.0,15,LFMN
2026-07-26T04:00,21.3,8.3,17.6,0.0,10,LFMN
2026-07-26T05:00,21.5,8.2,18.0,0.0,2,LFMN
2026-07-26T06:00,25.8,5.2,18.7,0.0,7,LFMN
2026-07-26T07:00,27.8,1.1,12.6,0.0,1,LFMN
2026-07-26T08:00,28.6,6.5,21.2,0.0,17,LFMN
2026-07-26T09:00,28.4,8.5,25.9,0.0,61,LFMN
2026-07-26T10:00,27.4,13.0,34.2,0.0,80,LFMN
2026-07-26T11:00,27.5,12.9,35.3,0.1,59,LFMN
2026-07-26T12:00,26.2,9.7,32.0,0.2,66,LFMN
2026-07-26T13:00,28.7,8.2,25.6,0.4,48,LFMN
2026-07-26T14:00,30.5,4.5,25.9,0.2,16,LFMN
2026-07-26T15:00,29.3,13.0,33.8,0.0,25,LFMN
2026-07-26T16:00,28.8,8.7,34.2,0.0,28,LFMN
2026-07-26T17:00,28.3,6.4,25.2,0.0,7,LFMN
2026-07-26T18:00,27.6,7.7,27.7,0.0,9,LFMN
2026-07-26T19:00,26.5,3.0,17.6,0.0,1,LFMN
2026-07-26T20:00,26.3,2.1,7.6,0.0,5,LFMN
2026-07-26T21:00,25.9,1.8,4.7,0.0,2,LFMN
2026-07-26T22:00,25.2,0.9,4.3,0.0,0,LFMN
2026-07-26T23:00,24.6,2.2,4.3,0.0,0,LFMN
2026-07-27T00:00,23.3,2.3,5.8,0.0,0,LFMN
2026-07-27T01:00,23.0,3.5,9.0,0.0,0,LFMN
2026-07-27T02:00,22.6,5.2,11.5,0.0,0,LFMN
2026-07-27T03:00,22.4,4.8,11.5,0.0,0,LFMN
2026-07-27T04:00,22.3,5.6,12.6,0.0,0,LFMN
2026-07-27T05:00,22.7,6.9,14.0,0.0,0,LFMN
2026-07-27T06:00,25.2,4.3,16.6,0.0,0,LFMN
2026-07-27T07:00,27.6,1.7,13.0,0.0,0,LFMN
2026-07-27T08:00,28.9,4.9,18.4,0.0,0,LFMN
2026-07-27T09:00,29.2,8.6,26.6,0.0,0,LFMN
2026-07-27T10:00,29.3,10.6,30.6,0.0,0,LFMN
2026-07-27T11:00,29.2,9.9,31.0,0.0,0,LFMN
2026-07-27T12:00,30.1,9.0,30.2,0.0,0,LFMN
2026-07-27T13:00,30.3,6.3,27.4,0.0,0,LFMN
2026-07-27T14:00,30.3,7.2,24.8,0.0,3,LFMN
2026-07-27T15:00,29.8,6.9,25.9,0.0,1,LFMN
2026-07-27T16:00,29.4,6.8,24.8,0.0,5,LFMN
2026-07-27T17:00,28.8,4.3,22.7,0.0,2,LFMN
2026-07-27T18:00,28.8,0.5,16.9,0.0,2,LFMN
2026-07-27T19:00,28.3,1.3,7.6,0.0,0,LFMN
2026-07-27T20:00,27.8,1.1,4.3,0.0,0,LFMN
2026-07-27T21:00,27.3,0.4,3.6,0.0,0,LFMN
2026-07-27T22:00,26.6,2.2,4.3,0.0,0,LFMN
2026-07-27T23:00,25.9,4.1,8.6,0.0,0,LFMN
2026-07-28T00:00,24.4,3.8,10.8,0.0,0,LFMN
2026-07-28T01:00,24.0,5.4,11.9,0.0,0,LFMN
2026-07-28T02:00,24.0,6.3,13.0,0.0,0,LFMN
2026-07-28T03:00,23.8,6.7,14.0,0.0,0,LFMN
2026-07-28T04:00,23.5,6.4,13.3,0.0,0,LFMN
2026-07-28T05:00,23.8,7.7,15.1,0.0,0,LFMN
2026-07-28T06:00,26.0,4.9,16.2,0.0,0,LFMN
2026-07-28T07:00,28.2,3.8,13.3,0.0,0,LFMN
2026-07-28T08:00,29.1,5.3,18.0,0.0,0,LFMN
2026-07-28T09:00,29.1,8.5,25.2,0.0,0,LFMN
2026-07-28T10:00,29.1,9.4,28.1,0.0,0,LFMN
2026-07-28T11:00,29.5,8.4,28.1,0.0,0,LFMN
2026-07-28T12:00,31.2,8.1,27.4,0.0,0,LFMN
2026-07-28T13:00,31.4,6.0,27.4,0.0,0,LFMN
2026-07-28T14:00,31.8,5.6,24.1,0.0,0,LFMN
2026-07-28T15:00,31.6,6.7,23.8,0.0,1,LFMN
2026-07-28T16:00,31.1,6.1,23.8,0.0,1,LFMN
2026-07-28T17:00,30.4,5.0,21.6,0.0,2,LFMN
2026-07-28T18:00,30.5,5.9,18.0,0.0,3,LFMN
2026-07-28T19:00,29.1,5.7,16.6,0.0,2,LFMN
2026-07-28T20:00,28.4,4.5,13.7,0.0,1,LFMN
2026-07-28T21:00,28.1,2.1,9.4,0.0,1,LFMN
2026-07-28T22:00,27.5,1.4,5.0,0.0,0,LFMN
2026-07-28T23:00,26.8,3.3,7.9,0.0,0,LFMN
2026-07-29T00:00,24.9,4.3,10.1,0.0,0,LFMN
2026-07-29T01:00,24.9,6.2,14.0,0.0,0,LFMN
2026-07-29T02:00,24.8,6.9,14.8,0.0,0,LFMN
2026-07-29T03:00,24.5,7.8,16.2,0.0,0,LFMN
2026-07-29T04:00,24.3,7.5,16.2,0.0,0,LFMN
2026-07-29T05:00,24.7,7.9,16.2,0.0,0,LFMN
2026-07-29T06:00,26.9,5.5,16.6,0.0,0,LFMN
2026-07-29T07:00,30.4,2.8,15.1,0.0,0,LFMN
2026-07-29T08:00,31.9,3.3,15.1,0.0,0,LFMN
2026-07-29T09:00,32.4,6.6,22.7,0.0,0,LFMN
2026-07-29T10:00,32.4,8.9,27.0,0.0,0,LFMN
2026-07-29T11:00,32.6,9.3,28.4,0.0,0,LFMN
2026-07-29T12:00,33.3,11.0,29.5,0.0,0,LFMN
2026-07-29T13:00,32.7,10.4,31.3,0.0,0,LFMN
2026-07-29T14:00,32.6,9.6,30.6,0.0,0,LFMN
2026-07-29T15:00,32.5,9.8,29.2,0.0,0,LFMN
2026-07-29T16:00,32.1,10.1,29.2,0.0,0,LFMN
2026-07-29T17:00,31.7,7.5,28.4,0.0,0,LFMN
2026-07-29T18:00,31.6,4.8,22.3,0.0,0,LFMN
2026-07-29T19:00,30.9,2.8,13.3,0.0,0,LFMN
2026-07-29T20:00,30.6,1.7,7.6,0.0,0,LFMN
2026-07-29T21:00,29.8,1.9,5.4,0.0,0,LFMN
2026-07-29T22:00,28.9,4.0,9.0,0.0,0,LFMN
2026-07-29T23:00,28.1,6.7,13.7,0.0,0,LFMN
2026-07-30T00:00,26.1,3.8,14.0,0.0,0,LFMN
2026-07-30T01:00,26.3,6.3,13.7,0.0,0,LFMN
2026-07-30T02:00,26.3,7.6,15.1,0.0,0,LFMN
2026-07-30T03:00,26.1,8.4,16.9,0.0,0,LFMN
2026-07-30T04:00,25.7,7.7,16.6,0.0,0,LFMN
2026-07-30T05:00,25.8,7.8,15.5,0.0,0,LFMN
2026-07-30T06:00,28.3,3.2,15.5,0.0,0,LFMN
2026-07-30T07:00,30.7,1.3,10.8,0.0,0,LFMN
2026-07-30T08:00,31.7,4.0,16.9,0.0,0,LFMN
2026-07-30T09:00,32.1,6.7,23.0,0.0,0,LFMN
2026-07-30T10:00,32.5,8.0,26.3,0.0,0,LFMN
2026-07-30T11:00,33.0,8.2,26.6,0.0,2,LFMN
2026-07-30T12:00,33.7,10.4,28.4,0.0,11,LFMN
2026-07-30T13:00,33.3,9.4,29.2,0.0,6,LFMN
2026-07-30T14:00,33.4,9.5,28.8,0.0,9,LFMN
2026-07-30T15:00,33.1,9.1,28.8,0.0,11,LFMN
2026-07-30T16:00,32.3,8.0,27.0,0.0,20,LFMN
2026-07-30T17:00,31.1,7.0,24.5,0.0,1,LFMN
2026-07-30T18:00,30.2,5.1,20.9,0.0,1,LFMN
2026-07-30T19:00,29.2,2.5,14.0,0.0,2,LFMN
2026-07-30T20:00,28.7,2.7,9.4,0.0,0,LFMN
2026-07-30T21:00,28.5,0.4,6.8,0.0,0,LFMN
2026-07-30T22:00,28.2,1.0,3.6,0.0,0,LFMN
2026-07-30T23:00,28.0,2.3,5.8,0.0,0,LFMN
2026-07-31T00:00,26.6,3.6,8.6,0.0,0,LFMN
2026-07-31T01:00,26.7,5.4,12.6,0.0,0,LFMN
2026-07-31T02:00,26.5,5.9,13.0,0.0,0,LFMN
2026-07-31T03:00,25.9,3.6,12.6,0.0,1,LFMN
2026-07-31T04:00,25.3,3.3,7.9,0.0,0,LFMN
2026-07-31T05:00,25.5,4.6,10.1,0.0,0,LFMN
2026-07-31T06:00,28.0,0.4,10.4,0.0,2,LFMN
2026-07-31T07:00,29.9,1.0,10.1,0.0,1,LFMN
2026-07-31T08:00,30.5,5.9,19.8,0.0,3,LFMN
2026-07-31T09:00,30.3,7.7,24.5,0.0,14,LFMN
2026-07-31T10:00,30.5,7.1,25.6,0.0,0,LFMN
2026-07-31T11:00,30.9,7.6,25.9,0.0,1,LFMN
2026-07-31T12:00,31.9,9.4,28.1,0.0,8,LFMN
2026-07-31T13:00,31.5,12.8,34.9,0.0,32,LFMN
2026-07-31T14:00,32.5,7.2,34.6,0.0,23,LFMN
2026-07-31T15:00,33.6,7.1,25.9,0.0,84,LFMN
2026-07-31T16:00,33.3,5.6,21.2,0.1,86,LFMN
2026-07-31T17:00,30.9,5.6,31.3,0.0,91,LFMN
2026-07-31T18:00,30.7,7.4,18.0,0.0,12,LFMN
2026-07-31T19:00,29.4,9.0,18.4,0.2,89,LFMN
2026-07-31T20:00,29.8,5.6,21.6,0.0,55,LFMN
2026-07-31T21:00,29.3,2.5,11.9,0.0,4,LFMN
2026-07-31T22:00,28.3,2.7,7.9,0.0,3,LFMN
2026-07-31T23:00,27.8,5.6,11.5,0.0,20,LFMN
2026-08-01T00:00,27.1,5.5,20.5,0.0,4,LFMN
2026-08-01T01:00,27.2,7.1,16.6,0.0,0,LFMN
2026-08-01T02:00,26.7,7.6,15.5,0.0,6,LFMN
2026-08-01T03:00,26.0,7.7,15.8,0.0,9,LFMN
2026-08-01T04:00,25.5,10.2,18.7,0.0,1,LFMN
2026-08-01T05:00,25.7,6.0,19.1,0.0,1,LFMN
2026-08-01T06:00,27.9,1.5,14.4,0.0,0,LFMN
2026-08-01T07:00,29.2,4.7,15.5,0.0,0,LFMN
2026-08-01T08:00,30.0,5.5,19.4,0.0,0,LFMN
2026-08-01T09:00,30.2,7.2,23.8,0.0,2,LFMN
2026-08-01T10:00,30.3,8.0,26.3,0.0,0,LFMN
2026-08-01T11:00,30.7,8.0,27.0,0.0,2,LFMN
2026-08-01T12:00,31.9,9.2,27.7,0.0,16,LFMN
2026-08-01T13:00,31.3,8.1,28.1,0.0,36,LFMN
2026-08-01T14:00,30.9,7.9,27.0,0.0,30,LFMN
2026-08-01T15:00,30.2,6.1,25.6,0.0,13,LFMN
2026-08-01T16:00,29.9,4.4,22.3,0.0,10,LFMN
2026-08-01T17:00,29.8,6.2,18.7,0.0,13,LFMN
2026-08-01T18:00,28.9,6.5,19.1,0.0,13,LFMN
2026-08-01T19:00,28.2,7.6,18.0,0.0,8,LFMN
2026-08-01T20:00,27.4,8.5,19.1,0.0,5,LFMN
2026-08-01T21:00,27.3,7.0,19.1,0.0,5,LFMN
2026-08-01T22:00,27.0,6.4,14.4,0.0,5,LFMN
2026-08-01T23:00,26.4,3.7,12.2,0.0,2,LFMN
2026-08-02T00:00,25.3,2.3,7.6,0.0,1,LFMN
2026-08-02T01:00,25.2,1.8,6.5,0.0,0,LFMN
2026-08-02T02:00,25.0,1.5,5.0,0.0,0,LFMN
2026-08-02T03:00,24.9,1.8,5.4,0.0,0,LFMN
2026-08-02T04:00,24.7,1.7,6.1,0.0,0,LFMN
2026-08-02T05:00,25.3,1.7,4.7,0.0,0,LFMN
2026-08-02T06:00,27.0,1.9,6.8,0.0,0,LFMN
2026-08-02T07:00,28.3,3.6,14.0,0.0,0,LFMN
2026-08-02T08:00,29.0,7.0,22.0,0.0,0,LFMN
2026-08-02T09:00,29.4,7.8,24.8,0.0,0,LFMN
2026-08-02T10:00,29.9,7.5,25.6,0.0,3,LFMN
2026-08-02T11:00,30.4,8.9,28.4,0.0,7,LFMN
2026-08-02T12:00,31.1,2.8,28.1,0.0,83,LFMN
2026-08-02T13:00,31.5,6.5,22.7,0.0,97,LFMN
2026-08-02T14:00,31.7,5.9,22.3,0.0,95,LFMN
2026-08-02T15:00,31.0,7.9,28.4,0.0,91,LFMN
2026-08-02T16:00,30.5,7.5,24.5,0.0,91,LFMN
2026-08-02T17:00,30.3,4.3,22.0,0.0,66,LFMN
2026-08-02T18:00,29.6,3.8,15.5,0.0,54,LFMN
2026-08-02T19:00,28.9,2.7,11.2,0.0,41,LFMN
2026-08-02T20:00,28.7,2.4,7.6,0.0,27,LFMN
2026-08-02T21:00,28.9,5.1,10.1,0.0,4,LFMN
2026-08-02T22:00,28.2,1.3,10.1,0.0,1,LFMN
2026-08-02T23:00,27.5,0.6,2.9,0.0,0,LFMN
2026-08-03T00:00,26.5,5.6,9.0,0.0,0,LFMN
2026-08-03T01:00,26.4,7.8,15.5,0.0,0,LFMN
2026-08-03T02:00,26.2,7.4,16.2,0.0,0,LFMN
2026-08-03T03:00,26.0,7.4,15.5,0.0,0,LFMN
2026-08-03T04:00,25.7,7.6,15.8,0.0,0,LFMN
2026-08-03T05:00,25.6,9.1,18.4,0.0,0,LFMN
2026-08-03T06:00,27.2,5.5,19.1,0.0,0,LFMN
2026-08-03T07:00,30.6,1.8,15.5,0.0,0,LFMN
2026-08-03T08:00,30.9,6.9,21.6,0.0,0,LFMN
2026-08-03T09:00,30.8,7.9,25.2,0.0,0,LFMN
2026-08-03T10:00,31.1,7.3,25.9,0.0,0,LFMN
2026-08-03T11:00,31.6,7.0,25.9,0.0,0,LFMN
2026-08-03T12:00,32.5,9.2,26.6,0.0,0,LFMN
2026-08-03T13:00,32.3,9.9,30.2,0.0,0,LFMN
2026-08-03T14:00,32.0,8.0,30.2,0.0,0,LFMN
2026-08-03T15:00,31.9,6.4,26.6,0.0,0,LFMN
2026-08-03T16:00,31.5,5.4,23.8,0.0,0,LFMN
2026-08-03T17:00,31.1,3.8,20.5,0.0,0,LFMN
2026-08-03T18:00,30.7,5.6,15.8,0.0,0,LFMN
2026-08-03T19:00,30.0,3.6,15.1,0.0,0,LFMN
2026-08-03T20:00,29.7,3.5,9.0,0.0,0,LFMN
2026-08-03T21:00,29.2,2.5,7.2,0.0,0,LFMN
2026-08-03T22:00,28.5,0.8,6.5,0.0,0,LFMN
2026-08-03T23:00,27.9,0.2,3.2,0.0,0,LFMN
2026-08-04T00:00,26.2,2.7,4.7,0.0,0,LFMN
2026-08-04T01:00,25.7,6.2,13.7,0.0,0,LFMN
2026-08-04T02:00,25.3,8.4,17.3,0.0,0,LFMN
2026-08-04T03:00,24.9,7.4,16.9,0.0,0,LFMN
2026-08-04T04:00,24.6,8.1,16.6,0.0,0,LFMN
2026-08-04T05:00,24.7,7.9,16.9,0.0,7,LFMN
2026-08-04T06:00,26.9,3.2,16.2,0.0,42,LFMN
2026-08-04T07:00,28.6,7.0,18.4,0.0,86,LFMN
2026-08-04T08:00,28.8,9.0,23.4,0.0,70,LFMN
2026-08-04T09:00,29.6,11.7,30.6,0.0,77,LFMN
2026-08-04T10:00,30.2,12.1,32.8,0.0,95,LFMN
2026-08-04T11:00,29.6,10.4,32.8,0.0,38,LFMN
2026-08-04T12:00,30.8,18.4,34.6,0.0,8,LFMN
2026-08-04T13:00,30.9,17.7,46.1,0.0,7,LFMN
2026-08-04T14:00,30.9,11.8,43.6,0.0,2,LFMN
2026-08-04T15:00,30.7,6.4,32.8,0.0,0,LFMN
2026-08-04T16:00,30.8,12.6,31.7,0.0,1,LFMN
2026-08-04T17:00,29.4,11.2,34.2,0.0,0,LFMN
2026-08-04T18:00,30.0,8.7,28.1,0.0,0,LFMN
2026-08-04T19:00,28.9,4.5,19.8,0.0,0,LFMN
2026-08-04T20:00,28.5,4.3,10.4,0.0,1,LFMN
2026-08-04T21:00,28.2,6.2,11.5,0.0,5,LFMN
2026-08-04T22:00,27.6,4.5,13.0,0.0,0,LFMN
2026-08-04T23:00,27.0,0.9,8.6,0.0,0,LFMN
2026-08-05T00:00,25.6,3.3,2.5,0.0,0,LFMN
2026-08-05T01:00,25.4,4.2,9.4,0.0,0,LFMN
2026-08-05T02:00,24.9,6.1,12.6,0.0,0,LFMN
2026-08-05T03:00,24.6,6.8,14.0,0.0,0,LFMN
2026-08-05T04:00,24.3,8.0,16.2,0.0,0,LFMN
2026-08-05T05:00,24.5,6.6,16.6,0.0,0,LFMN
2026-08-05T06:00,26.7,5.4,14.4,0.0,0,LFMN
2026-08-05T07:00,29.0,0.6,12.6,0.0,0,LFMN
2026-08-05T08:00,29.9,5.2,18.7,0.0,0,LFMN
2026-08-05T09:00,30.6,6.8,23.0,0.0,0,LFMN
2026-08-05T10:00,30.9,8.1,26.3,0.0,0,LFMN
2026-08-05T11:00,31.2,8.2,27.0,0.0,0,LFMN
2026-08-05T12:00,32.4,8.4,28.4,0.0,3,LFMN
2026-08-05T13:00,32.7,7.4,26.6,0.0,7,LFMN
2026-08-05T14:00,32.2,10.3,30.2,0.0,1,LFMN
2026-08-05T15:00,31.6,8.4,30.6,0.0,30,LFMN
2026-08-05T16:00,30.9,6.5,25.9,0.0,13,LFMN
2026-08-05T17:00,30.8,6.4,22.0,0.0,12,LFMN
2026-08-05T18:00,30.7,5.8,20.5,0.0,14,LFMN
2026-08-05T19:00,29.1,5.9,17.3,0.0,3,LFMN
2026-08-05T20:00,28.7,4.4,14.4,0.0,3,LFMN
2026-08-05T21:00,28.6,2.9,11.2,0.0,2,LFMN
2026-08-05T22:00,28.3,0.3,7.9,0.0,3,LFMN
2026-08-05T23:00,27.8,1.9,3.6,0.0,2,LFMN
2026-08-06T00:00,26.7,2.0,5.4,0.0,0,LFMN
2026-08-06T01:00,26.5,3.6,7.9,0.0,1,LFMN
2026-08-06T02:00,26.1,4.4,9.4,0.0,1,LFMN
2026-08-06T03:00,25.7,6.2,12.6,0.0,1,LFMN
2026-08-06T04:00,25.2,6.8,14.0,0.0,1,LFMN
2026-08-06T05:00,25.2,8.1,15.5,0.0,0,LFMN
2026-08-06T06:00,27.4,4.0,16.6,0.0,1,LFMN
2026-08-06T07:00,28.9,2.0,12.2,0.0,0,LFMN
2026-08-06T08:00,29.8,4.3,17.6,0.0,0,LFMN
2026-08-06T09:00,30.4,6.9,23.4,0.0,0,LFMN
2026-08-06T10:00,30.6,7.5,25.9,0.0,3,LFMN
2026-08-06T11:00,30.7,7.7,26.6,0.0,27,LFMN
2026-08-06T12:00,31.5,6.0,26.6,0.0,25,LFMN
2026-08-06T13:00,31.1,10.2,30.2,0.0,28,LFMN
2026-08-06T14:00,30.8,8.6,30.2,0.0,11,LFMN
2026-08-06T15:00,31.0,4.7,27.4,0.0,14,LFMN
2026-08-06T16:00,31.0,6.8,22.3,0.0,2,LFMN
2026-08-06T17:00,30.7,6.7,22.0,0.0,1,LFMN
2026-08-06T18:00,29.9,6.8,19.8,0.0,3,LFMN
2026-08-06T19:00,29.0,4.4,16.6,0.0,2,LFMN
2026-08-06T20:00,29.0,5.8,14.0,0.0,7,LFMN
2026-08-06T21:00,28.6,1.2,11.5,0.0,23,LFMN
2026-08-06T22:00,28.0,0.4,2.9,0.0,5,LFMN
2026-08-06T23:00,27.2,0.9,2.9,0.0,0,LFMN
2026-08-07T00:00,26.3,2.1,4.0,0.0,0,LFMN
2026-08-07T01:00,26.1,3.6,8.6,0.0,0,LFMN
2026-08-07T02:00,25.9,4.2,9.7,0.0,0,LFMN
2026-08-07T03:00,25.5,4.8,11.2,0.0,0,LFMN
2026-08-07T04:00,25.1,6.6,14.0,0.0,0,LFMN
2026-08-07T05:00,25.2,7.1,15.1,0.0,0,LFMN
2026-08-07T06:00,27.5,4.5,15.1,0.0,0,LFMN
2026-08-07T07:00,29.3,3.1,13.3,0.0,0,LFMN
2026-08-07T08:00,30.3,6.9,21.6,0.0,0,LFMN
2026-08-07T09:00,30.9,11.0,30.2,0.0,21,LFMN
2026-08-07T10:00,30.7,13.1,34.9,0.0,4,LFMN
2026-08-07T11:00,31.0,10.2,34.6,0.0,43,LFMN
2026-08-07T12:00,32.1,8.4,30.6,0.0,19,LFMN
2026-08-07T13:00,32.3,6.6,24.1,0.0,34,LFMN
2026-08-07T14:00,31.4,10.2,30.6,0.0,20,LFMN
2026-08-07T15:00,31.2,7.7,29.5,0.0,20,LFMN
2026-08-07T16:00,30.8,6.8,24.5,0.0,9,LFMN
2026-08-07T17:00,30.4,4.9,21.6,0.0,11,LFMN
2026-08-07T18:00,29.8,6.2,18.0,0.0,9,LFMN
2026-08-07T19:00,29.0,3.4,15.8,0.0,2,LFMN
2026-08-07T20:00,28.6,3.2,9.7,0.0,2,LFMN
2026-08-07T21:00,28.2,4.3,8.6,0.0,1,LFMN
2026-08-07T22:00,27.7,1.9,9.0,0.0,2,LFMN
2026-08-07T23:00,27.1,1.5,3.6,0.0,0,LFMN
2026-08-08T00:00,25.5,5.2,4.0,0.0,0,LFMN
2026-08-08T01:00,25.4,7.6,15.1,0.0,0,LFMN
2026-08-08T02:00,25.2,8.1,16.9,0.0,0,LFMN
2026-08-08T03:00,24.8,8.3,17.3,0.0,0,LFMN
2026-08-08T04:00,24.5,8.7,18.0,0.0,2,LFMN
2026-08-08T05:00,24.5,9.1,18.4,0.0,6,LFMN
2026-08-08T06:00,26.4,5.8,19.4,0.0,0,LFMN
2026-08-08T07:00,29.8,4.2,16.9,0.0,0,LFMN
2026-08-08T08:00,31.4,3.6,15.5,0.0,0,LFMN
2026-08-08T09:00,31.5,10.1,28.1,0.0,0,LFMN
2026-08-08T10:00,31.6,10.9,31.0,0.0,13,LFMN
2026-08-08T11:00,31.8,9.9,31.3,0.0,31,LFMN
2026-08-08T12:00,33.3,10.5,29.9,0.0,36,LFMN
2026-08-08T13:00,32.8,9.6,29.5,0.0,67,LFMN
2026-08-08T14:00,32.2,9.5,30.2,0.0,21,LFMN
2026-08-08T15:00,32.2,9.7,28.4,0.0,26,LFMN
2026-08-08T16:00,31.6,9.8,28.8,0.0,28,LFMN
2026-08-08T17:00,31.1,7.0,27.0,0.0,22,LFMN
2026-08-08T18:00,31.4,7.2,21.2,0.0,19,LFMN
2026-08-08T19:00,30.8,4.6,18.4,0.0,7,LFMN
2026-08-08T20:00,30.4,4.0,11.5,0.0,7,LFMN
2026-08-08T21:00,29.7,4.2,10.1,0.0,5,LFMN
2026-08-08T22:00,28.9,4.9,10.4,0.0,1,LFMN
2026-08-08T23:00,28.2,6.7,13.3,0.0,22,LFMN
2026-08-09T00:00,26.4,8.5,15.8,0.0,2,LFMN
2026-08-09T01:00,26.5,10.2,20.2,0.0,28,LFMN
2026-08-09T02:00,26.3,11.2,22.0,0.0,23,LFMN
2026-08-09T03:00,26.0,11.0,22.7,0.0,4,LFMN
2026-08-09T04:00,25.6,10.6,21.6,0.0,0,LFMN
2026-08-09T05:00,25.4,11.8,22.7,0.0,0,LFMN
2026-08-09T06:00,27.5,7.6,22.7,0.0,0,LFMN
2026-08-09T07:00,31.1,3.6,18.4,0.0,5,LFMN
2026-08-09T08:00,32.1,5.7,19.1,0.0,0,LFMN
2026-08-09T09:00,32.0,9.9,27.7,0.0,0,LFMN
2026-08-09T10:00,32.2,7.0,28.4,0.0,12,LFMN
2026-08-09T11:00,32.9,7.7,27.4,0.0,16,LFMN
2026-08-09T12:00,33.5,9.2,29.9,0.0,41,LFMN
2026-08-09T13:00,33.7,5.8,25.6,0.1,51,LFMN
2026-08-09T14:00,33.7,8.1,25.2,0.0,41,LFMN
2026-08-09T15:00,33.4,8.3,27.0,0.0,50,LFMN
2026-08-09T16:00,32.3,2.7,26.3,0.0,34,LFMN
2026-08-09T17:00,32.0,2.0,14.8,0.0,12,LFMN
2026-08-09T18:00,31.2,4.4,13.7,0.0,4,LFMN
2026-08-09T19:00,30.9,5.2,14.0,0.0,5,LFMN
2026-08-09T20:00,30.6,4.4,13.0,0.0,6,LFMN
2026-08-09T21:00,30.0,3.1,9.4,0.0,3,LFMN
2026-08-09T22:00,28.8,6.6,12.6,0.0,0,LFMN
2026-08-09T23:00,27.6,8.0,15.8,0.0,0,LFMN
2026-08-10T00:00,24.8,7.1,18.0,0.0,0,LFMN
2026-08-10T01:00,25.7,8.5,18.0,0.0,0,LFMN
2026-08-10T02:00,25.6,8.3,18.0,0.0,0,LFMN
2026-08-10T03:00,25.6,7.5,17.6,0.0,0,LFMN
2026-08-10T04:00,25.5,6.5,16.2,0.0,0,LFMN
2026-08-10T05:00,25.5,5.2,14.8,0.0,0,LFMN
2026-08-10T06:00,27.3,4.5,15.1,0.0,1,LFMN
2026-08-10T07:00,29.6,4.0,15.1,0.0,1,LFMN
2026-08-10T08:00,30.8,5.2,17.6,0.0,0,LFMN
2026-08-10T09:00,31.1,7.8,24.5,0.0,0,LFMN
2026-08-10T10:00,31.4,8.4,26.6,0.0,0,LFMN
2026-08-10T11:00,31.7,8.1,26.6,0.0,1,LFMN
2026-08-10T12:00,32.9,8.1,26.3,0.0,10,LFMN
2026-08-10T13:00,32.8,10.0,30.2,0.1,77,LFMN
2026-08-10T14:00,32.1,8.0,30.6,0.0,8,LFMN
2026-08-10T15:00,32.2,7.3,28.4,0.0,59,LFMN
2026-08-10T16:00,31.5,8.0,24.1,0.1,1,LFMN
2026-08-10T17:00,31.1,6.6,26.3,0.0,36,LFMN
2026-08-10T18:00,30.4,6.9,20.9,0.0,4,LFMN
2026-08-10T19:00,29.2,4.5,17.3,0.0,0,LFMN
2026-08-10T20:00,29.0,2.9,11.9,0.0,0,LFMN
2026-08-10T21:00,29.0,3.5,9.0,0.0,0,LFMN
2026-08-10T22:00,28.7,3.3,8.3,0.0,3,LFMN
2026-08-10T23:00,28.0,3.5,8.3,0.0,1,LFMN
2026-08-11T00:00,26.8,6.3,12.6,0.0,3,LFMN
2026-08-11T01:00,27.0,7.8,15.8,0.0,12,LFMN
2026-08-11T02:00,26.7,8.6,19.4,0.0,16,LFMN
2026-08-11T03:00,26.4,6.4,18.0,0.0,1,LFMN
2026-08-11T04:00,25.9,5.2,14.0,0.0,10,LFMN
2026-08-11T05:00,25.7,5.5,11.5,0.0,28,LFMN
2026-08-11T06:00,27.1,4.8,15.5,0.0,27,LFMN
2026-08-11T07:00,28.8,5.7,16.9,0.0,16,LFMN
2026-08-11T08:00,29.5,6.3,20.5,0.0,33,LFMN
2026-08-11T09:00,30.1,6.1,22.0,0.0,71,LFMN
2026-08-11T10:00,30.9,5.9,22.0,0.0,98,LFMN
2026-08-11T11:00,31.8,9.1,27.7,0.0,80,LFMN
2026-08-11T12:00,32.2,8.2,28.4,0.0,39,LFMN
2026-08-11T13:00,32.5,7.0,22.3,0.0,55,LFMN
2026-08-11T14:00,31.6,8.7,28.8,0.0,48,LFMN
2026-08-11T15:00,31.6,7.6,26.6,0.0,32,LFMN
2026-08-11T16:00,32.0,1.9,23.8,0.0,5,LFMN
2026-08-11T17:00,30.4,9.2,23.4,0.0,10,LFMN
2026-08-11T18:00,28.8,5.2,23.8,1.2,5,LFMN
2026-08-11T19:00,28.5,0.4,12.6,0.0,13,LFMN
2026-08-11T20:00,28.8,2.5,7.2,0.0,13,LFMN
2026-08-11T21:00,28.7,1.5,6.5,0.0,9,LFMN
2026-08-11T22:00,28.2,2.5,6.5,0.0,0,LFMN
2026-08-11T23:00,27.4,2.7,6.5,0.0,1,LFMN
2026-08-12T00:00,25.4,7.8,11.9,0.0,0,LFMN
2026-08-12T01:00,25.4,9.9,20.5,0.0,0,LFMN
2026-08-12T02:00,25.3,10.6,20.9,0.0,0,LFMN
2026-08-12T03:00,25.0,12.6,24.5,0.0,0,LFMN
2026-08-12T04:00,24.8,12.3,24.8,0.0,1,LFMN
2026-08-12T05:00,24.9,11.0,24.1,0.0,1,LFMN
2026-08-12T06:00,27.3,8.1,22.0,0.0,0,LFMN
2026-08-12T07:00,31.0,7.0,18.4,0.0,0,LFMN
2026-08-12T08:00,33.2,3.5,18.0,0.0,0,LFMN
2026-08-12T09:00,33.9,5.6,19.8,0.0,0,LFMN
2026-08-12T10:00,33.7,10.0,29.2,0.0,8,LFMN
2026-08-12T11:00,33.7,9.0,29.5,0.0,19,LFMN
2026-08-12T12:00,34.3,6.5,31.0,0.0,15,LFMN
2026-08-12T13:00,33.6,4.7,25.2,0.1,97,LFMN
2026-08-12T14:00,34.1,8.5,29.2,0.2,55,LFMN
2026-08-12T15:00,34.8,2.1,25.6,0.0,91,LFMN
2026-08-12T16:00,34.7,2.5,13.7,0.0,40,LFMN
2026-08-12T17:00,33.7,6.7,19.4,0.0,5,LFMN
2026-08-12T18:00,31.8,11.0,19.8,0.0,3,LFMN
2026-08-12T19:00,31.4,7.2,23.8,0.0,2,LFMN
2026-08-12T20:00,30.9,2.1,15.8,0.0,1,LFMN
2026-08-12T21:00,30.0,4.2,9.0,0.0,1,LFMN
2026-08-12T22:00,28.4,7.8,15.8,0.0,1,LFMN
2026-08-12T23:00,27.8,10.4,20.2,0.0,0,LFMN
2026-08-13T00:00,26.5,10.9,23.4,0.0,0,LFMN
2026-08-13T01:00,26.4,13.2,25.6,0.0,0,LFMN
2026-08-13T02:00,26.2,14.5,27.4,0.0,0,LFMN
2026-08-13T03:00,26.0,14.7,27.7,0.0,0,LFMN
2026-08-13T04:00,25.7,14.6,28.4,0.0,0,LFMN
2026-08-13T05:00,25.8,14.0,27.7,0.0,0,LFMN
2026-08-13T06:00,26.9,9.3,27.0,0.0,0,LFMN
2026-08-13T07:00,31.0,8.3,23.0,0.0,0,LFMN
2026-08-13T08:00,33.7,0.9,19.8,0.0,0,LFMN
2026-08-13T09:00,34.0,6.8,22.0,0.0,0,LFMN
2026-08-13T10:00,34.0,9.3,28.1,0.0,0,LFMN
2026-08-13T11:00,34.1,9.9,29.2,0.0,1,LFMN
2026-08-13T12:00,35.1,8.9,29.2,0.0,27,LFMN
2026-08-13T13:00,35.1,8.4,25.6,0.0,55,LFMN
2026-08-13T14:00,34.1,11.0,30.2,0.0,29,LFMN
2026-08-13T15:00,34.2,9.6,29.9,0.0,57,LFMN
2026-08-13T16:00,33.5,7.2,27.7,0.0,66,LFMN
2026-08-13T17:00,33.0,5.7,21.6,0.0,88,LFMN
2026-08-13T18:00,32.6,4.6,17.6,0.0,38,LFMN
2026-08-13T19:00,32.0,3.5,11.9,0.0,93,LFMN
2026-08-13T20:00,32.0,2.6,9.4,0.0,98,LFMN
2026-08-13T21:00,31.2,2.6,6.5,0.0,13,LFMN
2026-08-13T22:00,30.0,6.1,11.5,0.0,0,LFMN
2026-08-13T23:00,29.0,8.1,16.2,0.0,0,LFMN
2026-08-14T00:00,26.5,8.0,19.8,0.0,0,LFMN
2026-08-14T01:00,26.9,12.0,24.1,0.0,0,LFMN
2026-08-14T02:00,27.0,12.6,24.8,0.0,1,LFMN
2026-08-14T03:00,26.9,12.5,24.5,0.0,8,LFMN
2026-08-14T04:00,26.4,13.3,25.9,0.0,6,LFMN
2026-08-14T05:00,26.2,13.5,26.3,0.0,2,LFMN
2026-08-14T06:00,27.4,8.7,25.9,0.0,3,LFMN
2026-08-14T07:00,31.9,7.2,22.0,0.0,0,LFMN
2026-08-14T08:00,34.1,4.2,17.6,0.0,0,LFMN
2026-08-14T09:00,34.0,8.6,24.8,0.0,0,LFMN
2026-08-14T10:00,34.6,4.7,25.2,0.0,52,LFMN
2026-08-14T11:00,34.0,10.8,29.5,0.0,66,LFMN
2026-08-14T12:00,35.1,3.2,30.6,0.0,84,LFMN
2026-08-14T13:00,33.8,5.7,24.8,0.0,58,LFMN
2026-08-14T14:00,35.1,3.3,21.6,0.0,78,LFMN
2026-08-14T15:00,34.3,3.4,18.0,0.0,84,LFMN
2026-08-14T16:00,33.3,4.3,19.4,0.0,66,LFMN
2026-08-14T17:00,32.8,5.2,16.6,0.0,9,LFMN
2026-08-14T18:00,32.8,4.6,16.2,0.0,19,LFMN
2026-08-14T19:00,31.4,4.7,12.2,0.0,41,LFMN
2026-08-14T20:00,30.9,1.7,10.1,0.0,3,LFMN
2026-08-14T21:00,29.7,3.6,6.8,0.0,4,LFMN
2026-08-14T22:00,28.5,7.2,14.0,0.0,6,LFMN
2026-08-14T23:00,27.7,9.7,18.7,0.0,6,LFMN
2026-08-15T00:00,25.6,7.5,20.5,0.0,16,LFMN
2026-08-15T01:00,25.8,12.0,23.4,0.0,10,LFMN
2026-08-15T02:00,25.7,13.1,25.6,0.0,7,LFMN
2026-08-15T03:00,25.6,12.8,25.6,0.0,5,LFMN
2026-08-15T04:00,25.3,12.4,25.2,0.0,9,LFMN
2026-08-15T05:00,25.2,12.8,24.8,0.0,9,LFMN
2026-08-15T06:00,25.9,8.9,25.9,0.0,41,LFMN
2026-08-15T07:00,29.3,10.7,27.7,0.0,57,LFMN
2026-08-15T08:00,31.7,6.2,23.0,0.0,52,LFMN
2026-08-15T09:00,32.4,9.5,26.6,0.0,7,LFMN
2026-08-15T10:00,32.5,10.0,28.8,0.0,11,LFMN
2026-08-15T11:00,33.4,6.3,28.8,0.0,41,LFMN
2026-08-15T12:00,33.7,7.1,24.1,0.0,61,LFMN
2026-08-15T13:00,33.4,3.8,24.1,0.1,73,LFMN
2026-08-15T14:00,33.6,5.9,20.5,0.0,77,LFMN
2026-08-15T15:00,32.6,10.8,28.8,0.0,32,LFMN
2026-08-15T16:00,32.5,3.3,28.4,0.0,61,LFMN
2026-08-15T17:00,31.9,1.0,15.5,0.0,70,LFMN
2026-08-15T18:00,31.3,3.1,10.4,0.0,23,LFMN
2026-08-15T19:00,30.2,5.1,13.0,0.0,5,LFMN
2026-08-15T20:00,29.2,5.4,11.9,0.0,8,LFMN
2026-08-15T21:00,28.1,6.4,13.3,0.0,12,LFMN
2026-08-15T22:00,27.0,7.2,15.1,0.0,13,LFMN
2026-08-15T23:00,26.3,8.4,16.9,0.0,22,LFMN
2026-08-16T00:00,26.0,6.6,16.9,0.0,0,LFMN
2026-08-16T01:00,25.8,9.7,19.1,0.0,5,LFMN
2026-08-16T02:00,25.8,11.0,22.3,0.0,6,LFMN
2026-08-16T03:00,26.0,8.9,21.6,0.0,0,LFMN
2026-08-16T04:00,25.7,8.8,19.1,0.0,0,LFMN
2026-08-16T05:00,25.2,8.7,19.1,0.0,0,LFMN
2026-08-16T06:00,26.3,5.6,18.4,0.0,0,LFMN
2026-08-16T07:00,29.2,3.0,14.8,0.0,0,LFMN
2026-08-16T08:00,30.7,2.7,14.0,0.0,0,LFMN
2026-08-16T09:00,31.0,7.7,24.5,0.0,0,LFMN
2026-08-16T10:00,31.1,8.9,27.0,0.0,0,LFMN
2026-08-16T11:00,31.3,9.3,28.8,0.0,0,LFMN
2026-08-16T12:00,32.7,9.8,28.8,0.0,8,LFMN
2026-08-16T13:00,32.2,12.6,34.2,0.0,5,LFMN
2026-08-16T14:00,31.5,12.2,36.0,0.0,7,LFMN
2026-08-16T15:00,31.4,10.1,33.1,0.0,39,LFMN
2026-08-16T16:00,31.3,7.6,28.8,0.0,16,LFMN
2026-08-16T17:00,29.9,2.0,22.7,0.0,2,LFMN
2026-08-16T18:00,29.6,4.6,18.4,0.0,45,LFMN
2026-08-16T19:00,28.7,2.6,12.6,0.0,52,LFMN
2026-08-16T20:00,28.7,1.4,8.3,0.0,51,LFMN
2026-08-16T21:00,28.1,3.8,7.9,0.0,44,LFMN
2026-08-16T22:00,27.5,6.7,13.0,0.0,23,LFMN
2026-08-16T23:00,26.7,10.1,19.8,0.0,20,LFMN
2026-08-17T00:00,25.1,9.1,22.3,0.0,4,LFMN
2026-08-17T01:00,25.2,6.9,19.8,0.0,11,LFMN
2026-08-17T02:00,25.3,6.2,14.4,0.0,36,LFMN
2026-08-17T03:00,25.1,5.1,14.0,0.0,2,LFMN
2026-08-17T04:00,24.5,6.7,14.0,0.0,6,LFMN
2026-08-17T05:00,24.1,7.4,15.5,0.0,0,LFMN
2026-08-17T06:00,24.5,9.2,17.3,0.0,2,LFMN
2026-08-17T07:00,26.0,9.0,23.8,0.0,5,LFMN
2026-08-17T08:00,26.9,5.6,23.4,0.0,0,LFMN
2026-08-17T09:00,27.8,7.1,23.8,0.0,52,LFMN
2026-08-17T10:00,28.2,9.4,28.4,0.0,30,LFMN
2026-08-17T11:00,28.5,6.9,28.1,0.0,56,LFMN
2026-08-17T12:00,30.2,5.3,27.0,0.2,78,LFMN
2026-08-17T13:00,30.4,3.9,18.4,0.1,54,LFMN
2026-08-17T14:00,30.1,8.4,25.2,0.0,82,LFMN
2026-08-17T15:00,30.1,7.7,25.6,0.0,60,LFMN
2026-08-17T16:00,31.1,9.2,25.2,0.0,74,LFMN
2026-08-17T17:00,30.7,10.7,26.3,0.0,66,LFMN
2026-08-17T18:00,30.4,12.2,25.9,0.0,54,LFMN
2026-08-17T19:00,29.8,7.5,27.4,0.0,80,LFMN
2026-08-17T20:00,29.1,3.2,12.6,0.0,50,LFMN
2026-08-17T21:00,28.6,3.3,7.2,0.0,11,LFMN
2026-08-17T22:00,28.0,0.7,6.1,0.0,16,LFMN
2026-08-17T23:00,27.1,2.4,5.8,0.0,23,LFMN
2026-08-18T00:00,25.5,2.4,5.0,0.0,23,LFMN
2026-08-18T01:00,25.2,1.0,5.0,0.0,20,LFMN
2026-08-18T02:00,25.0,4.2,9.0,0.0,13,LFMN
2026-08-18T03:00,24.9,6.3,12.6,0.0,4,LFMN
2026-08-18T04:00,24.6,8.6,16.9,0.0,0,LFMN
2026-08-18T05:00,24.1,10.2,19.8,0.0,0,LFMN
2026-08-18T06:00,26.0,6.3,20.5,0.0,5,LFMN
2026-08-18T07:00,29.0,3.9,16.2,0.0,8,LFMN
2026-08-18T08:00,30.6,2.6,13.7,0.0,1,LFMN
2026-08-18T09:00,30.9,8.5,25.2,0.0,3,LFMN
2026-08-18T10:00,30.9,10.3,29.5,0.0,0,LFMN
2026-08-18T11:00,31.0,9.5,29.5,0.0,17,LFMN
2026-08-18T12:00,31.8,9.7,28.4,0.0,15,LFMN
2026-08-18T13:00,31.1,10.9,31.0,0.0,80,LFMN
2026-08-18T14:00,30.8,9.3,32.0,0.0,26,LFMN
2026-08-18T15:00,30.3,8.6,28.1,0.1,39,LFMN
2026-08-18T16:00,30.1,8.8,26.6,0.1,20,LFMN
2026-08-18T17:00,29.6,8.6,24.8,0.0,43,LFMN
2026-08-18T18:00,29.3,7.8,23.8,0.0,53,LFMN
2026-08-18T19:00,28.6,2.6,18.7,0.0,38,LFMN
2026-08-18T20:00,28.2,2.3,7.2,0.0,39,LFMN
2026-08-18T21:00,27.8,3.1,6.5,0.0,32,LFMN
2026-08-18T22:00,27.1,1.8,6.5,0.0,33,LFMN
2026-08-18T23:00,26.3,1.5,4.3,0.0,64,LFMN
2026-08-19T00:00,25.0,4.9,10.4,0.0,45,LFMN
2026-08-19T01:00,24.6,9.0,17.6,0.0,60,LFMN
2026-08-19T02:00,24.7,8.1,18.0,0.0,61,LFMN
2026-08-19T03:00,24.5,7.2,16.6,0.0,7,LFMN
2026-08-19T04:00,24.2,6.8,15.1,0.0,77,LFMN
2026-08-19T05:00,24.1,7.9,16.2,0.0,87,LFMN
2026-08-19T06:00,25.6,4.6,16.6,0.0,92,LFMN
2026-08-19T07:00,28.6,2.2,14.0,0.0,0,LFMN
2026-08-19T08:00,29.6,2.7,14.4,0.0,19,LFMN
2026-08-19T09:00,30.3,6.0,21.2,0.0,0,LFMN
2026-08-19T10:00,30.2,9.2,28.1,0.0,0,LFMN
2026-08-19T11:00,30.5,8.1,28.1,0.0,0,LFMN
2026-08-19T12:00,31.0,7.6,26.6,0.0,11,LFMN
2026-08-19T13:00,31.4,7.4,25.9,0.0,22,LFMN
2026-08-19T14:00,30.9,9.4,28.4,0.0,19,LFMN
2026-08-19T15:00,30.7,9.1,28.4,0.0,9,LFMN
2026-08-19T16:00,30.4,7.1,27.0,0.0,2,LFMN
2026-08-19T17:00,29.7,5.9,22.3,0.0,6,LFMN
2026-08-19T18:00,29.1,7.3,18.4,0.0,0,LFMN
2026-08-19T19:00,28.0,3.8,16.9,0.0,0,LFMN
2026-08-19T20:00,27.5,2.7,10.1,0.0,1,LFMN
2026-08-19T21:00,27.1,1.0,7.2,0.0,5,LFMN
2026-08-19T22:00,26.7,6.2,11.5,0.0,63,LFMN
2026-08-19T23:00,26.4,6.5,15.8,0.0,45,LFMN
2026-08-20T00:00,26.0,3.4,13.0,0.0,80,LFMN
2026-08-20T01:00,25.5,3.0,9.0,0.0,97,LFMN
2026-08-20T02:00,25.2,1.9,8.3,0.0,85,LFMN
2026-08-20T03:00,25.1,2.3,6.5,0.0,78,LFMN
2026-08-20T04:00,25.1,4.7,10.4,0.0,70,LFMN
2026-08-20T05:00,24.8,4.7,10.8,0.0,94,LFMN
2026-08-20T06:00,26.6,3.9,16.6,0.0,71,LFMN
2026-08-20T07:00,28.6,2.0,11.5,0.0,33,LFMN
2026-08-20T08:00,29.5,7.4,21.2,0.0,52,LFMN
2026-08-20T09:00,28.9,10.5,28.8,0.2,88,LFMN
2026-08-20T10:00,27.9,7.5,32.4,0.6,98,LFMN
2026-08-20T11:00,23.1,11.2,31.0,3.0,100,LFMN
2026-08-20T12:00,26.9,6.4,29.9,1.1,100,LFMN
2026-08-20T13:00,28.0,3.3,16.9,0.1,99,LFMN
2026-08-20T14:00,27.3,7.4,20.5,0.6,99,LFMN
2026-08-20T15:00,26.5,5.9,19.8,0.0,31,LFMN
2026-08-20T16:00,27.5,6.9,18.4,0.0,66,LFMN
2026-08-20T17:00,23.5,11.2,31.7,3.5,63,LFMN
2026-08-20T18:00,24.7,10.7,21.2,0.3,48,LFMN
2026-08-20T19:00,23.9,12.3,26.6,0.0,53,LFMN
2026-08-20T20:00,23.9,7.1,23.0,0.0,93,LFMN
2026-08-20T21:00,21.7,1.9,27.4,3.8,88,LFMN
2026-08-20T22:00,22.0,10.1,18.4,0.3,77,LFMN
2026-08-20T23:00,22.1,8.8,19.1,0.0,98,LFMN
2026-08-21T00:00,21.9,5.4,16.9,0.0,100,LFMN
2026-08-21T01:00,22.2,6.6,12.2,1.3,97,LFMN
2026-08-21T02:00,22.3,7.6,18.4,0.1,99,LFMN
2026-08-21T03:00,21.7,8.4,16.6,3.2,100,LFMN
2026-08-21T04:00,21.5,4.0,21.2,3.1,100,LFMN
2026-08-21T05:00,21.3,10.3,27.7,5.6,100,LFMN
2026-08-21T06:00,21.6,8.9,33.1,4.5,96,LFMN
2026-08-21T07:00,22.6,10.3,22.3,0.1,77,LFMN
2026-08-21T08:00,20.9,4.3,24.5,5.6,100,LFMN
2026-08-21T09:00,22.2,5.2,18.7,1.4,99,LFMN
2026-08-21T10:00,24.0,9.1,23.4,0.3,73,LFMN
2026-08-21T11:00,26.1,12.4,31.3,0.0,11,LFMN
2026-08-21T12:00,29.0,14.4,42.1,0.1,5,LFMN
2026-08-21T13:00,30.3,18.6,43.6,0.0,2,LFMN
2026-08-21T14:00,30.6,19.5,44.6,0.0,2,LFMN
2026-08-21T15:00,30.5,19.4,45.0,0.0,2,LFMN
2026-08-21T16:00,29.9,15.6,40.3,0.0,2,LFMN
2026-08-21T17:00,28.6,13.9,32.8,0.0,5,LFMN
2026-08-21T18:00,26.9,12.8,29.2,0.0,11,LFMN
2026-08-21T19:00,25.4,11.8,25.9,0.0,49,LFMN
2026-08-21T20:00,24.3,12.1,25.6,0.0,63,LFMN
2026-08-21T21:00,22.9,11.7,25.6,0.0,97,LFMN
2026-08-21T22:00,22.1,11.7,24.1,0.0,88,LFMN
2026-08-21T23:00,21.3,10.5,24.1,0.0,73,LFMN
2026-08-22T00:00,20.9,11.0,21.6,0.0,35,LFMN
2026-08-22T01:00,20.4,8.0,23.0,0.0,5,LFMN
2026-08-22T02:00,19.5,8.0,18.0,0.0,0,LFMN
2026-08-22T03:00,19.0,9.6,20.2,0.0,0,LFMN
2026-08-22T04:00,18.6,10.5,21.6,0.0,0,LFMN
2026-08-22T05:00,18.3,11.0,22.3,0.0,0,LFMN
2026-08-22T06:00,19.0,8.8,22.7,0.0,0,LFMN
2026-08-22T07:00,22.5,8.8,21.6,0.0,0,LFMN
2026-08-22T08:00,25.4,5.4,18.4,0.0,1,LFMN
2026-08-22T09:00,26.5,2.4,13.3,0.0,0,LFMN
2026-08-22T10:00,26.5,5.8,19.4,0.0,0,LFMN
2026-08-22T11:00,26.5,3.0,19.4,0.0,0,LFMN
2026-08-22T12:00,27.9,1.1,15.5,0.0,0,LFMN
2026-08-22T13:00,28.0,4.7,15.5,0.0,0,LFMN
2026-08-22T14:00,27.4,6.3,19.4,0.0,0,LFMN
2026-08-22T15:00,27.5,3.1,18.4,0.0,0,LFMN
2026-08-22T16:00,27.5,2.7,11.9,0.0,0,LFMN
2026-08-22T17:00,26.6,5.6,12.6,0.0,0,LFMN
2026-08-22T18:00,25.2,7.3,12.6,0.0,0,LFMN
2026-08-22T19:00,24.4,6.1,14.0,0.0,0,LFMN
2026-08-22T20:00,23.4,7.5,15.8,0.0,0,LFMN
2026-08-22T21:00,22.2,9.1,18.7,0.0,0,LFMN
2026-08-22T22:00,21.3,9.6,19.8,0.0,2,LFMN
2026-08-22T23:00,20.6,9.5,19.8,0.0,1,LFMN
2026-08-23T00:00,18.9,7.3,20.5,0.0,0,LFMN
2026-08-23T01:00,19.5,8.6,18.7,0.0,0,LFMN
2026-08-23T02:00,19.8,9.2,19.4,0.0,0,LFMN
2026-08-23T03:00,19.9,8.7,19.4,0.0,0,LFMN
2026-08-23T04:00,19.7,9.8,19.8,0.0,0,LFMN
2026-08-23T05:00,19.2,11.4,23.0,0.0,0,LFMN
2026-08-23T06:00,20.0,9.2,23.4,0.0,0,LFMN
2026-08-23T07:00,23.7,8.5,21.6,0.0,0,LFMN
2026-08-23T08:00,26.6,1.3,17.3,0.0,0,LFMN
2026-08-23T09:00,27.0,5.5,17.3,0.0,0,LFMN
2026-08-23T10:00,26.8,6.9,21.6,0.0,0,LFMN
2026-08-23T11:00,26.8,7.4,23.0,0.0,0,LFMN
2026-08-23T12:00,27.7,7.4,23.8,0.0,4,LFMN
2026-08-23T13:00,27.7,8.8,25.9,0.0,2,LFMN
2026-08-23T14:00,27.3,5.5,25.9,0.0,6,LFMN
2026-08-23T15:00,27.3,1.4,19.4,0.0,7,LFMN
2026-08-23T16:00,27.1,1.5,12.6,0.0,3,LFMN
2026-08-23T17:00,26.8,1.2,10.1,0.0,20,LFMN
2026-08-23T18:00,26.0,2.2,7.6,0.0,15,LFMN
2026-08-23T19:00,25.1,3.3,7.2,0.0,12,LFMN
2026-08-23T20:00,24.5,3.6,9.0,0.0,11,LFMN
2026-08-23T21:00,24.0,5.9,12.6,0.0,10,LFMN
2026-08-23T22:00,23.4,7.9,15.8,0.0,24,LFMN
2026-08-23T23:00,23.0,9.0,18.0,0.0,5,LFMN
2026-08-24T00:00,21.8,9.4,19.8,0.0,1,LFMN
2026-08-24T01:00,22.1,10.1,20.5,0.0,2,LFMN
2026-08-24T02:00,21.9,9.5,20.2,0.0,7,LFMN
2026-08-24T03:00,21.7,9.6,19.4,0.0,11,LFMN
2026-08-24T04:00,21.6,10.2,20.2,0.0,5,LFMN
2026-08-24T05:00,21.4,11.3,22.0,0.0,20,LFMN
2026-08-24T06:00,22.5,8.7,23.8,0.0,59,LFMN
2026-08-24T07:00,26.0,8.0,20.9,0.0,19,LFMN
2026-08-24T08:00,28.3,3.1,17.6,0.0,3,LFMN
2026-08-24T09:00,29.1,5.1,17.3,0.0,0,LFMN
2026-08-24T10:00,29.0,8.8,25.2,0.0,0,LFMN
2026-08-24T11:00,29.1,7.9,25.2,0.0,0,LFMN
2026-08-24T12:00,29.8,11.1,24.8,0.0,10,LFMN
2026-08-24T13:00,29.5,10.0,31.0,0.0,78,LFMN
2026-08-24T14:00,29.2,7.8,28.4,0.0,95,LFMN
2026-08-24T15:00,28.8,7.2,23.8,0.0,95,LFMN
2026-08-24T16:00,27.7,4.3,22.0,0.0,97,LFMN
2026-08-24T17:00,27.2,6.3,15.1,0.0,91,LFMN
2026-08-24T18:00,27.0,11.8,17.3,0.0,100,LFMN
2026-08-24T19:00,26.1,0.3,23.8,0.1,100,LFMN
2026-08-24T20:00,23.0,7.1,17.3,2.1,100,LFMN
2026-08-24T21:00,22.5,6.5,22.3,0.8,97,LFMN
2026-08-24T22:00,22.5,5.8,16.9,0.0,79,LFMN
2026-08-24T23:00,22.0,7.2,14.4,0.0,77,LFMN
2026-08-25T00:00,20.9,3.5,14.4,0.0,10,LFMN
2026-08-25T01:00,21.1,4.1,11.2,0.0,1,LFMN
2026-08-25T02:00,20.4,3.3,10.4,0.0,3,LFMN
2026-08-25T03:00,19.8,3.2,9.0,0.0,0,LFMN
2026-08-25T04:00,19.1,4.4,11.9,0.0,0,LFMN
2026-08-25T05:00,18.9,5.7,13.3,0.0,0,LFMN
2026-08-25T06:00,19.5,4.2,15.8,0.0,0,LFMN
2026-08-25T07:00,22.9,4.5,14.4,0.0,20,LFMN
2026-08-25T08:00,24.7,1.3,12.2,0.0,5,LFMN
2026-08-25T09:00,25.8,5.2,16.9,0.0,33,LFMN
2026-08-25T10:00,27.2,7.2,22.0,0.0,37,LFMN
2026-08-25T11:00,28.8,12.4,30.2,0.0,82,LFMN
2026-08-25T12:00,29.9,15.9,36.4,0.0,41,LFMN
2026-08-25T13:00,29.8,18.9,42.1,0.0,48,LFMN
2026-08-25T14:00,29.7,21.8,47.2,0.0,29,LFMN
2026-08-25T15:00,29.3,23.1,51.1,0.0,28,LFMN
2026-08-25T16:00,28.7,19.2,50.4,0.0,43,LFMN
2026-08-25T17:00,27.8,12.1,42.5,0.0,48,LFMN
2026-08-25T18:00,26.4,2.2,27.4,0.0,77,LFMN
2026-08-25T19:00,25.7,9.4,17.6,0.0,45,LFMN
2026-08-25T20:00,25.2,6.3,19.4,0.0,24,LFMN
2026-08-25T21:00,24.7,5.2,13.0,0.0,4,LFMN
2026-08-25T22:00,24.4,7.4,14.8,0.0,3,LFMN
2026-08-25T23:00,23.8,6.5,14.8,0.0,5,LFMN
2026-08-26T00:00,22.8,4.0,12.6,0.0,8,LFMN
2026-08-26T01:00,22.3,5.1,10.8,0.0,25,LFMN
2026-08-26T02:00,22.3,7.8,15.1,0.0,56,LFMN
2026-08-26T03:00,22.3,9.9,18.7,0.0,45,LFMN
2026-08-26T04:00,22.1,10.6,20.2,0.0,23,LFMN
2026-08-26T05:00,21.8,10.2,20.9,0.0,18,LFMN
2026-08-26T06:00,22.8,8.4,19.8,0.0,14,LFMN
2026-08-26T07:00,25.5,6.5,16.6,0.0,21,LFMN
2026-08-26T08:00,26.3,7.9,21.2,0.0,37,LFMN
2026-08-26T09:00,26.7,8.0,22.7,0.0,8,LFMN
2026-08-26T10:00,27.0,8.3,24.1,0.0,100,LFMN
2026-08-26T11:00,26.9,6.5,24.5,0.0,40,LFMN
2026-08-26T12:00,27.3,7.8,24.1,0.0,73,LFMN
2026-08-26T13:00,27.2,9.2,26.3,0.0,99,LFMN
2026-08-26T14:00,26.6,6.8,27.0,0.0,77,LFMN
2026-08-26T15:00,27.3,6.2,21.2,0.0,96,LFMN
2026-08-26T16:00,26.8,2.9,19.1,0.0,97,LFMN
2026-08-26T17:00,26.3,9.3,20.2,0.0,95,LFMN
2026-08-26T18:00,25.8,10.5,25.6,0.0,50,LFMN
2026-08-26T19:00,25.0,3.9,20.5,0.0,9,LFMN
2026-08-26T20:00,24.6,5.6,14.0,0.0,8,LFMN
2026-08-26T21:00,24.2,8.3,14.8,0.0,23,LFMN
2026-08-26T22:00,23.6,10.4,20.5,0.0,16,LFMN
2026-08-26T23:00,23.1,8.9,21.6,0.0,34,LFMN
2026-08-27T00:00,21.9,3.5,18.4,0.0,28,LFMN
2026-08-27T01:00,22.8,5.6,13.0,0.0,15,LFMN
2026-08-27T02:00,21.9,6.5,14.8,0.0,20,LFMN
2026-08-27T03:00,21.2,5.8,18.4,0.0,23,LFMN
2026-08-27T04:00,20.9,7.3,16.9,0.0,64,LFMN
2026-08-27T05:00,21.7,9.4,22.7,0.0,83,LFMN
2026-08-27T06:00,23.1,7.2,24.5,0.0,59,LFMN
2026-08-27T07:00,26.7,7.3,17.3,0.0,9,LFMN
2026-08-27T08:00,29.0,8.7,20.5,0.0,41,LFMN
2026-08-27T09:00,28.8,13.3,32.0,0.0,20,LFMN
2026-08-27T10:00,29.1,14.2,36.7,0.0,61,LFMN
2026-08-27T11:00,29.1,11.4,34.2,0.0,53,LFMN
2026-08-27T12:00,30.5,14.8,28.1,0.0,26,LFMN
2026-08-27T13:00,29.8,14.3,37.1,0.0,48,LFMN
2026-08-27T14:00,29.5,10.2,35.3,0.0,51,LFMN
2026-08-27T15:00,29.1,8.0,25.6,0.2,45,LFMN
2026-08-27T16:00,29.8,7.1,22.3,0.0,45,LFMN
2026-08-27T17:00,29.0,7.8,17.6,0.0,37,LFMN
2026-08-27T18:00,27.5,10.7,20.2,0.0,4,LFMN
2026-08-27T19:00,26.6,7.2,20.9,0.0,64,LFMN
2026-08-27T20:00,26.5,4.8,14.4,0.0,93,LFMN
2026-08-27T21:00,26.3,5.4,9.7,0.0,86,LFMN
2026-08-27T22:00,25.7,10.4,27.4,0.5,85,LFMN
2026-08-27T23:00,24.9,10.0,30.2,0.2,100,LFMN
2026-08-28T00:00,24.9,5.6,24.8,0.1,100,LFMN
2026-08-28T01:00,25.0,11.4,26.3,0.2,98,LFMN
2026-08-28T02:00,24.8,12.7,24.8,0.0,80,LFMN
2026-08-28T03:00,24.6,10.6,25.2,0.0,100,LFMN
2026-08-28T04:00,24.7,13.3,24.8,0.1,100,LFMN
2026-08-28T05:00,23.9,15.1,40.3,0.4,100,LFMN
2026-08-28T06:00,24.4,12.1,42.5,0.6,92,LFMN
2026-08-28T07:00,26.2,8.4,28.1,0.0,100,LFMN
2026-08-28T08:00,24.7,9.4,33.5,1.5,100,LFMN
2026-08-28T09:00,26.8,7.4,18.7,0.0,98,LFMN
2026-08-28T10:00,27.7,7.9,32.0,1.3,100,LFMN
2026-08-28T11:00,29.6,7.1,19.4,0.0,94,LFMN
2026-08-28T12:00,25.6,24.8,25.6,0.0,82,LFMN
2026-08-28T13:00,27.8,15.4,57.6,0.7,87,LFMN
2026-08-28T14:00,25.9,19.6,56.2,0.3,80,LFMN
2026-08-28T15:00,26.3,18.0,42.5,0.0,95,LFMN
2026-08-28T16:00,24.6,17.1,41.0,0.0,95,LFMN
2026-08-28T17:00,23.4,14.7,41.4,0.1,55,LFMN
2026-08-28T18:00,24.5,5.2,28.8,0.0,59,LFMN
2026-08-28T19:00,23.5,6.3,16.9,0.0,19,LFMN
2026-08-28T20:00,22.8,5.1,13.0,0.0,22,LFMN
2026-08-28T21:00,22.4,7.2,15.8,0.0,45,LFMN
2026-08-28T22:00,21.5,6.6,15.8,0.0,78,LFMN
2026-08-28T23:00,21.3,9.5,18.7,0.0,23,LFMN
2026-08-29T00:00,21.9,8.7,19.4,0.0,10,LFMN
2026-08-29T01:00,21.2,7.3,19.1,0.0,5,LFMN
2026-08-29T02:00,20.8,9.3,19.1,0.0,50,LFMN
2026-08-29T03:00,20.5,8.4,19.4,0.0,0,LFMN
2026-08-29T04:00,19.9,8.7,19.1,0.0,0,LFMN
2026-08-29T05:00,19.5,8.6,19.1,0.0,0,LFMN
2026-08-29T06:00,20.2,9.4,19.8,0.0,0,LFMN
2026-08-29T07:00,23.3,8.7,21.2,0.0,0,LFMN
2026-08-29T08:00,26.5,1.7,18.0,0.0,3,LFMN
2026-08-29T09:00,27.6,4.3,14.8,0.0,9,LFMN
2026-08-29T10:00,28.7,10.4,25.9,0.0,0,LFMN
2026-08-29T11:00,29.7,17.0,40.0,0.0,4,LFMN
2026-08-29T12:00,30.4,19.0,45.7,0.0,8,LFMN
2026-08-29T13:00,30.6,17.8,44.3,0.0,23,LFMN
2026-08-29T14:00,31.2,16.3,40.0,0.0,39,LFMN
2026-08-29T15:00,31.5,16.2,37.1,0.0,41,LFMN
2026-08-29T16:00,31.0,14.2,35.3,0.0,2,LFMN
2026-08-29T17:00,29.8,11.6,29.2,0.0,13,LFMN
2026-08-29T18:00,26.8,2.1,23.4,0.0,0,LFMN
2026-08-29T19:00,25.4,8.9,16.2,0.0,0,LFMN
2026-08-29T20:00,25.5,14.3,27.7,0.0,0,LFMN
2026-08-29T21:00,24.9,10.4,27.7,0.0,42,LFMN
2026-08-29T22:00,23.3,6.8,20.2,0.0,3,LFMN
2026-08-29T23:00,22.1,7.7,16.6,0.0,0,LFMN
2026-08-30T00:00,19.8,5.6,19.1,0.0,0,LFMN
2026-08-30T01:00,20.2,7.3,16.9,0.0,0,LFMN
2026-08-30T02:00,20.9,9.0,18.7,0.0,0,LFMN
2026-08-30T03:00,20.9,9.6,19.8,0.0,0,LFMN
2026-08-30T04:00,20.7,9.5,19.8,0.0,0,LFMN
2026-08-30T05:00,20.5,9.9,20.5,0.0,0,LFMN
2026-08-30T06:00,21.0,8.2,20.5,0.0,0,LFMN
2026-08-30T07:00,24.3,6.4,18.7,0.0,0,LFMN
2026-08-30T08:00,26.4,5.4,15.8,0.0,0,LFMN
2026-08-30T09:00,27.0,7.4,21.6,0.0,0,LFMN
2026-08-30T10:00,27.4,7.5,23.0,0.0,0,LFMN
2026-08-30T11:00,27.5,7.8,24.1,0.0,0,LFMN
2026-08-30T12:00,28.1,7.8,24.5,0.0,0,LFMN
2026-08-30T13:00,28.1,7.0,23.4,0.0,0,LFMN
2026-08-30T14:00,27.9,7.9,24.5,0.0,1,LFMN
2026-08-30T15:00,27.5,5.5,23.8,0.0,5,LFMN
2026-08-30T16:00,26.9,5.6,19.4,0.0,2,LFMN
2026-08-30T17:00,26.4,4.5,18.0,0.0,0,LFMN
2026-08-30T18:00,26.1,1.3,14.0,0.0,1,LFMN
2026-08-30T19:00,25.7,0.4,4.0,0.0,1,LFMN
2026-08-30T20:00,24.9,3.3,6.8,0.0,2,LFMN
2026-08-30T21:00,24.0,4.7,10.8,0.0,1,LFMN
2026-08-30T22:00,22.9,3.1,10.8,0.0,1,LFMN
2026-08-30T23:00,22.2,2.9,9.7,0.0,2,LFMN
2026-08-31T00:00,21.2,2.8,12.2,0.0,1,LFMN
2026-08-31T01:00,21.5,5.0,13.0,0.0,1,LFMN
2026-08-31T02:00,21.7,5.2,13.0,0.0,0,LFMN
2026-08-31T03:00,21.9,5.8,12.6,0.0,0,LFMN
2026-08-31T04:00,21.8,6.9,15.1,0.0,0,LFMN
2026-08-31T05:00,21.4,8.6,18.0,0.0,0,LFMN
2026-08-31T06:00,21.9,6.8,19.1,0.0,0,LFMN
2026-08-31T07:00,25.1,5.0,15.8,0.0,0,LFMN
2026-08-31T08:00,26.8,3.0,12.6,0.0,0,LFMN
2026-08-31T09:00,27.3,6.6,20.2,0.0,0,LFMN
2026-08-31T10:00,27.3,8.9,25.2,0.0,2,LFMN
2026-08-31T11:00,27.2,8.5,25.6,0.0,1,LFMN
2026-08-31T12:00,28.4,9.8,25.9,0.0,7,LFMN
2026-08-31T13:00,28.2,9.6,27.4,0.0,12,LFMN
2026-08-31T14:00,28.5,7.6,27.0,0.0,3,LFMN
2026-08-31T15:00,28.3,7.7,23.4,0.0,3,LFMN
2026-08-31T16:00,28.1,6.5,22.3,0.0,3,LFMN
2026-08-31T17:00,27.5,3.6,18.0,0.0,1,LFMN
2026-08-31T18:00,26.7,0.6,11.5,0.0,0,LFMN
2026-08-31T19:00,25.9,1.5,6.1,0.0,0,LFMN
2026-08-31T20:00,25.7,0.3,5.8,0.0,0,LFMN
2026-08-31T21:00,24.6,2.1,3.6,0.0,0,LFMN
2026-08-31T22:00,23.4,1.7,5.0,0.0,0,LFMN
2026-08-31T23:00,22.2,4.0,10.1,0.0,0,LFMN
2026-09-01T00:00,21.4,3.6,11.9,0.0,0,LFMN
2026-09-01T01:00,21.3,5.3,13.3,0.0,0,LFMN
2026-09-01T02:00,21.1,5.8,14.0,0.0,0,LFMN
2026-09-01T03:00,20.8,6.9,15.1,0.0,1,LFMN
2026-09-01T04:00,20.3,8.8,18.4,0.0,1,LFMN
2026-09-01T05:00,19.6,11.0,21.6,0.0,0,LFMN
2026-09-01T06:00,19.7,8.9,23.8,0.0,0,LFMN
2026-09-01T07:00,23.6,9.9,22.3,0.0,0,LFMN
2026-09-01T08:00,27.1,4.9,21.2,0.0,0,LFMN
2026-09-01T09:00,28.3,3.2,15.5,0.0,0,LFMN
2026-09-01T10:00,28.1,6.0,21.6,0.0,0,LFMN
2026-09-01T11:00,28.1,4.6,22.0,0.0,0,LFMN
2026-09-01T12:00,28.5,6.9,20.5,0.0,0,LFMN
2026-09-01T13:00,28.5,5.5,23.8,0.0,2,LFMN
2026-09-01T14:00,28.7,5.7,22.0,0.0,3,LFMN
2026-09-01T15:00,28.5,5.4,22.0,0.0,9,LFMN
2026-09-01T16:00,28.1,4.8,20.2,0.0,23,LFMN
2026-09-01T17:00,27.2,3.6,17.6,0.0,8,LFMN
2026-09-01T18:00,26.7,1.3,13.3,0.0,3,LFMN
2026-09-01T19:00,26.1,3.2,6.5,0.0,12,LFMN
2026-09-01T20:00,25.2,5.0,10.4,0.0,3,LFMN
2026-09-01T21:00,24.0,5.5,12.2,0.0,5,LFMN
2026-09-01T22:00,22.9,6.3,14.0,0.0,4,LFMN
2026-09-01T23:00,22.3,8.0,16.6,0.0,75,LFMN
2026-09-02T00:00,20.6,5.7,18.4,0.0,0,LFMN
2026-09-02T01:00,21.1,8.7,18.0,0.0,13,LFMN
2026-09-02T02:00,21.6,7.7,18.0,0.0,39,LFMN
2026-09-02T03:00,21.3,7.5,16.2,0.0,69,LFMN
2026-09-02T04:00,21.3,7.8,16.2,0.0,27,LFMN
2026-09-02T05:00,21.1,9.3,19.1,0.0,1,LFMN
2026-09-02T06:00,22.2,6.3,19.1,0.0,2,LFMN
2026-09-02T07:00,25.2,5.2,15.5,0.0,27,LFMN
2026-09-02T08:00,26.8,1.4,14.8,0.0,33,LFMN
2026-09-02T09:00,27.6,4.0,17.6,0.0,76,LFMN
2026-09-02T10:00,27.8,4.8,20.2,0.0,69,LFMN
2026-09-02T11:00,28.1,4.5,20.5,0.0,19,LFMN
2026-09-02T12:00,29.0,6.8,22.7,0.0,23,LFMN
2026-09-02T13:00,28.5,6.7,23.8,0.0,13,LFMN
2026-09-02T14:00,28.2,6.4,23.8,0.0,18,LFMN
2026-09-02T15:00,27.6,5.4,22.7,0.0,23,LFMN
2026-09-02T16:00,27.0,3.4,20.5,0.0,39,LFMN
2026-09-02T17:00,26.4,2.4,15.5,0.0,48,LFMN
2026-09-02T18:00,26.2,2.2,10.8,0.0,59,LFMN
2026-09-02T19:00,25.7,2.9,7.2,0.0,81,LFMN
2026-09-02T20:00,25.2,3.1,7.6,0.0,78,LFMN
2026-09-02T21:00,24.6,3.8,7.6,0.0,79,LFMN
2026-09-02T22:00,24.0,4.1,8.3,0.0,25,LFMN
2026-09-02T23:00,23.1,4.0,8.6,0.0,24,LFMN
2026-09-03T00:00,22.0,4.8,12.6,0.0,10,LFMN
2026-09-03T01:00,21.9,5.8,13.3,0.0,30,LFMN
2026-09-03T02:00,22.0,6.9,15.1,0.0,31,LFMN
2026-09-03T03:00,21.8,6.8,15.1,0.0,27,LFMN
2026-09-03T04:00,21.5,7.7,16.2,0.0,55,LFMN
2026-09-03T05:00,21.4,8.0,16.9,0.0,65,LFMN
2026-09-03T06:00,22.6,6.4,16.9,0.0,12,LFMN
2026-09-03T07:00,25.9,5.5,16.6,0.0,3,LFMN
2026-09-03T08:00,28.0,1.3,14.8,0.0,0,LFMN
2026-09-03T09:00,28.8,6.0,20.5,0.0,0,LFMN
2026-09-03T10:00,28.7,9.0,27.0,0.0,0,LFMN
2026-09-03T11:00,28.5,8.3,27.4,0.0,0,LFMN
2026-09-03T12:00,29.6,7.6,26.3,0.0,2,LFMN
2026-09-03T13:00,29.3,6.6,25.9,0.0,6,LFMN
2026-09-03T14:00,29.3,5.8,23.4,0.0,1,LFMN
2026-09-03T15:00,29.1,3.7,22.0,0.0,2,LFMN
2026-09-03T16:00,29.2,3.2,17.6,0.0,5,LFMN
2026-09-03T17:00,28.6,3.2,15.8,0.0,5,LFMN
2026-09-03T18:00,28.2,1.3,12.6,0.0,5,LFMN
2026-09-03T19:00,27.7,1.5,4.7,0.0,3,LFMN
2026-09-03T20:00,26.8,1.6,4.7,0.0,8,LFMN
2026-09-03T21:00,25.8,2.9,7.9,0.0,0,LFMN
2026-09-03T22:00,24.8,4.0,10.4,0.0,42,LFMN
2026-09-03T23:00,23.8,4.2,11.5,0.0,71,LFMN
2026-09-04T00:00,22.5,4.5,13.7,0.0,61,LFMN
2026-09-04T01:00,22.9,7.5,15.8,0.0,53,LFMN
2026-09-04T02:00,23.1,7.3,16.9,0.0,59,LFMN
2026-09-04T03:00,22.8,6.4,15.8,0.0,16,LFMN
2026-09-04T04:00,22.3,6.7,15.1,0.0,2,LFMN
2026-09-04T05:00,21.8,7.3,16.2,0.0,0,LFMN
2026-09-04T06:00,23.1,5.0,16.6,0.0,0,LFMN
2026-09-04T07:00,26.9,4.0,14.8,0.0,0,LFMN
2026-09-04T08:00,28.5,2.4,13.0,0.0,0,LFMN
2026-09-04T09:00,29.1,6.0,20.5,0.0,0,LFMN
2026-09-04T10:00,28.9,6.9,23.8,0.0,0,LFMN
2026-09-04T11:00,28.9,6.7,24.1,0.0,0,LFMN
2026-09-04T12:00,29.8,8.1,24.8,0.0,0,LFMN
2026-09-04T13:00,29.4,7.8,25.2,0.0,0,LFMN
2026-09-04T14:00,28.9,8.4,27.0,0.0,0,LFMN
2026-09-04T15:00,28.7,7.6,26.3,0.0,0,LFMN
2026-09-04T16:00,28.2,7.9,24.1,0.0,0,LFMN
2026-09-04T17:00,27.5,6.2,22.7,0.0,0,LFMN
2026-09-04T18:00,27.2,5.9,18.0,0.0,0,LFMN
2026-09-04T19:00,26.8,4.0,14.0,0.0,0,LFMN
2026-09-04T20:00,26.2,1.3,10.4,0.0,0,LFMN
2026-09-04T21:00,25.5,1.0,4.7,0.0,0,LFMN
2026-09-04T22:00,24.6,2.0,5.4,0.0,0,LFMN
2026-09-04T23:00,23.8,2.0,5.4,0.0,0,LFMN
2026-09-05T00:00,23.0,7.1,12.2,0.0,0,LFMN
2026-09-05T01:00,22.7,9.7,19.1,0.0,0,LFMN
2026-09-05T02:00,22.5,8.8,18.7,0.0,0,LFMN
2026-09-05T03:00,22.3,7.9,17.3,0.0,0,LFMN
2026-09-05T04:00,22.1,8.9,17.6,0.0,0,LFMN
2026-09-05T05:00,22.0,8.8,18.4,0.0,1,LFMN
2026-09-05T06:00,22.9,3.0,17.6,0.0,38,LFMN
2026-09-05T07:00,25.4,3.3,12.2,0.0,16,LFMN
2026-09-05T08:00,26.5,3.8,15.5,0.0,2,LFMN
2026-09-05T09:00,27.2,7.4,23.0,0.0,2,LFMN
2026-09-05T10:00,27.7,9.1,26.6,0.0,0,LFMN
2026-09-05T11:00,27.8,10.2,29.5,0.0,20,LFMN
2026-09-05T12:00,28.3,9.3,29.9,0.0,11,LFMN
2026-09-05T13:00,28.8,5.3,27.0,0.0,3,LFMN
2026-09-05T14:00,28.9,7.8,24.8,0.0,16,LFMN
2026-09-05T15:00,28.7,7.2,24.8,0.0,42,LFMN
2026-09-05T16:00,28.2,4.8,22.7,0.0,69,LFMN
2026-09-05T17:00,27.3,2.9,16.9,0.0,49,LFMN
2026-09-05T18:00,26.2,4.1,11.9,0.0,14,LFMN
2026-09-05T19:00,25.8,1.4,9.7,0.0,6,LFMN
2026-09-05T20:00,25.6,2.9,5.8,0.0,34,LFMN
2026-09-05T21:00,25.2,3.1,6.5,0.0,63,LFMN
2026-09-05T22:00,24.8,3.4,7.2,0.0,72,LFMN
2026-09-05T23:00,24.3,2.8,7.2,0.0,41,LFMN
2026-09-06T00:00,23.4,1.8,8.3,0.0,3,LFMN
2026-09-06T01:00,23.3,5.5,11.5,0.0,0,LFMN
2026-09-06T02:00,23.0,8.6,16.6,0.0,0,LFMN
2026-09-06T03:00,22.9,8.7,18.0,0.0,0,LFMN
2026-09-06T04:00,22.8,6.0,16.9,0.0,1,LFMN
2026-09-06T05:00,22.7,5.6,12.6,0.0,0,LFMN
2026-09-06T06:00,23.4,4.2,14.8,0.0,0,LFMN
2026-09-06T07:00,26.8,4.7,14.4,0.0,0,LFMN
2026-09-06T08:00,28.3,5.1,17.3,0.0,0,LFMN
2026-09-06T09:00,28.5,7.1,22.7,0.0,0,LFMN
2026-09-06T10:00,28.4,8.1,25.6,0.0,20,LFMN
2026-09-06T11:00,28.8,7.3,25.9,0.0,23,LFMN
2026-09-06T12:00,29.7,7.6,25.2,0.0,17,LFMN
2026-09-06T13:00,29.3,4.3,25.6,0.0,12,LFMN
2026-09-06T14:00,29.4,3.1,20.5,0.0,5,LFMN
2026-09-06T15:00,29.5,2.0,18.0,0.0,4,LFMN
2026-09-06T16:00,29.4,2.6,15.1,0.0,25,LFMN
2026-09-06T17:00,29.0,2.0,14.0,0.0,30,LFMN
2026-09-06T18:00,28.2,1.8,10.8,0.0,20,LFMN
2026-09-06T19:00,27.8,1.7,5.0,0.0,14,LFMN
2026-09-06T20:00,27.6,1.5,4.7,0.0,1,LFMN
2026-09-06T21:00,27.1,1.3,4.0,0.0,5,LFMN
2026-09-06T22:00,26.6,2.7,6.8,0.0,12,LFMN
2026-09-06T23:00,26.1,4.0,9.7,0.0,38,LFMN
2026-09-07T00:00,24.5,4.9,11.9,0.0,20,LFMN
2026-09-07T01:00,24.8,6.0,14.0,0.0,14,LFMN
2026-09-07T02:00,24.9,7.1,14.8,0.0,2,LFMN
2026-09-07T03:00,24.8,8.2,16.6,0.0,0,LFMN
2026-09-07T04:00,24.6,8.9,18.0,0.0,0,LFMN
2026-09-07T05:00,24.5,9.4,19.1,0.0,0,LFMN
2026-09-07T06:00,24.5,6.9,20.2,0.0,0,LFMN
2026-09-07T07:00,28.5,6.2,18.4,0.0,0,LFMN
2026-09-07T08:00,30.8,0.6,15.5,0.0,0,LFMN
2026-09-07T09:00,31.3,4.1,17.6,0.0,2,LFMN
2026-09-07T10:00,31.5,6.7,22.7,0.0,0,LFMN
2026-09-07T11:00,31.3,8.8,26.3,0.0,7,LFMN
2026-09-07T12:00,32.2,8.0,27.4,0.0,19,LFMN
2026-09-07T13:00,31.8,7.2,26.6,0.0,23,LFMN
2026-09-07T14:00,31.2,8.7,25.9,0.0,29,LFMN
2026-09-07T15:00,30.6,8.4,25.9,0.0,27,LFMN
2026-09-07T16:00,30.1,6.8,24.5,0.0,16,LFMN
2026-09-07T17:00,29.2,5.4,21.2,0.0,8,LFMN
2026-09-07T18:00,28.9,6.1,16.2,0.0,6,LFMN
2026-09-07T19:00,28.3,2.7,13.3,0.0,16,LFMN
2026-09-07T20:00,27.7,1.7,6.1,0.0,1,LFMN
2026-09-07T21:00,27.0,3.1,6.1,0.0,0,LFMN
2026-09-07T22:00,26.3,3.4,6.8,0.0,1,LFMN
2026-09-07T23:00,25.6,3.8,8.6,0.0,0,LFMN
2026-09-08T00:00,24.5,1.9,9.4,0.0,0,LFMN
2026-09-08T01:00,23.9,7.0,14.4,0.0,0,LFMN
2026-09-08T02:00,23.6,9.2,18.0,0.0,0,LFMN
2026-09-08T03:00,23.7,8.8,18.4,0.0,0,LFMN
2026-09-08T04:00,23.5,8.6,17.6,0.0,2,LFMN
2026-09-08T05:00,23.2,8.5,17.6,0.0,9,LFMN
2026-09-08T06:00,23.9,5.1,17.3,0.0,2,LFMN
2026-09-08T07:00,27.0,6.7,17.3,0.0,2,LFMN
2026-09-08T08:00,28.1,5.9,19.1,0.0,2,LFMN
2026-09-08T09:00,28.6,6.1,20.9,0.0,2,LFMN
2026-09-08T10:00,28.8,6.9,23.8,0.0,12,LFMN
2026-09-08T11:00,28.9,7.7,25.2,0.0,14,LFMN
2026-09-08T12:00,29.4,8.8,26.3,0.0,30,LFMN
2026-09-08T13:00,29.0,9.1,27.7,0.0,31,LFMN
2026-09-08T14:00,28.8,7.5,28.4,0.0,66,LFMN
2026-09-08T15:00,28.2,7.6,24.8,0.0,56,LFMN
2026-09-08T16:00,27.4,10.3,27.4,0.0,52,LFMN
2026-09-08T17:00,27.0,7.8,27.0,0.0,12,LFMN
2026-09-08T18:00,26.9,6.3,20.5,0.0,1,LFMN
2026-09-08T19:00,26.1,5.6,16.9,0.0,6,LFMN
2026-09-08T20:00,25.6,4.4,13.0,0.0,14,LFMN
2026-09-08T21:00,25.1,5.0,10.4,0.0,36,LFMN
2026-09-08T22:00,24.7,5.7,18.0,0.0,37,LFMN
2026-09-08T23:00,24.6,3.6,9.4,0.0,84,LFMN
2026-09-09T00:00,24.0,2.4,11.9,0.0,0,LFMN
2026-09-09T01:00,23.6,5.0,10.1,0.0,69,LFMN
2026-09-09T02:00,23.0,2.4,10.4,0.0,2,LFMN
2026-09-09T03:00,22.7,1.3,6.8,0.0,2,LFMN
2026-09-09T04:00,22.3,6.3,12.2,0.0,30,LFMN
2026-09-09T05:00,22.3,3.8,14.0,0.0,68,LFMN
2026-09-09T06:00,23.3,2.7,8.3,0.0,100,LFMN
2026-09-09T07:00,25.6,1.3,12.2,0.0,95,LFMN
2026-09-09T08:00,26.1,2.2,15.1,0.0,62,LFMN
2026-09-09T09:00,28.2,3.9,16.6,0.0,96,LFMN
2026-09-09T10:00,28.3,2.7,22.7,0.7,70,LFMN
2026-09-09T11:00,29.5,7.2,22.7,0.0,82,LFMN
2026-09-09T12:00,32.9,11.9,32.4,0.0,92,LFMN
2026-09-09T13:00,31.6,24.6,58.3,0.0,100,LFMN
2026-09-09T14:00,26.4,11.8,58.3,1.1,100,LFMN
2026-09-09T15:00,26.7,3.3,24.5,0.4,55,LFMN
2026-09-09T16:00,27.4,5.0,16.6,0.0,71,LFMN
2026-09-09T17:00,27.0,3.8,16.2,0.0,38,LFMN
2026-09-09T18:00,25.3,9.5,10.4,0.0,73,LFMN
2026-09-09T19:00,24.6,5.4,19.8,0.0,98,LFMN
2026-09-09T20:00,23.9,3.6,11.5,0.0,63,LFMN
2026-09-09T21:00,23.1,2.1,8.6,0.0,84,LFMN
2026-09-09T22:00,22.1,3.5,7.9,0.0,82,LFMN
2026-09-09T23:00,21.5,4.0,7.9,0.0,63,LFMN
2026-09-10T00:00,20.7,5.8,15.1,0.0,45,LFMN
2026-09-10T01:00,21.2,11.0,22.0,0.0,13,LFMN
2026-09-10T02:00,20.9,7.2,20.9,0.0,13,LFMN
2026-09-10T03:00,20.9,8.5,17.3,0.0,5,LFMN
2026-09-10T04:00,21.1,8.5,18.7,0.0,38,LFMN
2026-09-10T05:00,21.2,9.8,20.9,0.0,20,LFMN
2026-09-10T06:00,21.5,5.0,21.6,0.0,8,LFMN
2026-09-10T07:00,23.2,3.2,10.1,0.0,88,LFMN
2026-09-10T08:00,24.6,13.9,33.5,0.1,75,LFMN
2026-09-10T09:00,24.7,13.1,36.7,0.1,29,LFMN
2026-09-10T10:00,24.2,9.5,32.8,0.1,36,LFMN
2026-09-10T11:00,24.1,14.8,37.1,0.1,33,LFMN
2026-09-10T12:00,24.1,11.1,46.4,0.5,29,LFMN
2026-09-10T13:00,23.3,1.8,32.8,0.4,76,LFMN
2026-09-10T14:00,23.3,1.0,22.0,0.8,51,LFMN
2026-09-10T15:00,24.6,4.4,13.7,0.1,24,LFMN
2026-09-10T16:00,24.7,2.3,18.0,0.1,20,LFMN
2026-09-10T17:00,24.0,6.5,15.5,0.0,8,LFMN
2026-09-10T18:00,22.5,5.9,16.2,0.0,2,LFMN
2026-09-10T19:00,22.4,3.8,11.9,0.0,2,LFMN
2026-09-10T20:00,21.9,2.5,8.3,0.0,1,LFMN
2026-09-10T21:00,21.8,1.0,5.8,0.0,1,LFMN
2026-09-10T22:00,21.5,0.3,2.9,0.0,2,LFMN
2026-09-10T23:00,20.7,2.1,4.0,0.0,1,LFMN
2026-09-11T00:00,19.3,8.4,7.9,0.0,5,LFMN
2026-09-11T01:00,19.1,7.4,17.3,0.0,1,LFMN
2026-09-11T02:00,18.7,6.0,15.5,0.0,0,LFMN
2026-09-11T03:00,18.9,6.2,13.7,0.0,0,LFMN
2026-09-11T04:00,18.6,9.0,18.0,0.0,2,LFMN
2026-09-11T05:00,17.8,11.9,23.4,0.0,6,LFMN
2026-09-11T06:00,17.5,8.6,24.1,0.0,3,LFMN
2026-09-11T07:00,20.9,9.8,21.6,0.0,3,LFMN
2026-09-11T08:00,23.6,3.2,19.8,0.0,59,LFMN
2026-09-11T09:00,24.9,3.4,14.0,0.0,98,LFMN
2026-09-11T10:00,25.0,7.0,20.9,0.0,79,LFMN
2026-09-11T11:00,25.7,8.6,25.2,0.0,99,LFMN
2026-09-11T12:00,25.5,9.7,25.6,0.0,98,LFMN
2026-09-11T13:00,25.4,11.1,28.8,0.0,59,LFMN
2026-09-11T14:00,25.6,11.0,30.2,0.0,0,LFMN
2026-09-11T15:00,25.1,10.8,28.1,0.0,0,LFMN
2026-09-11T16:00,24.5,7.7,27.4,0.0,1,LFMN
2026-09-11T17:00,23.8,4.8,20.2,0.0,2,LFMN
2026-09-11T18:00,22.9,1.0,12.2,0.0,9,LFMN
2026-09-11T19:00,22.7,2.2,4.7,0.0,3,LFMN
2026-09-11T20:00,22.0,3.0,6.5,0.0,2,LFMN
2026-09-11T21:00,21.3,2.6,6.5,0.0,2,LFMN
2026-09-11T22:00,20.7,4.2,8.6,0.0,2,LFMN
2026-09-11T23:00,20.1,6.6,13.3,0.0,3,LFMN
2026-09-12T00:00,19.0,7.6,16.6,0.0,30,LFMN
2026-09-12T01:00,19.5,9.8,19.4,0.0,56,LFMN
2026-09-12T02:00,19.4,10.2,20.5,0.0,73,LFMN
2026-09-12T03:00,18.9,11.4,22.0,0.0,63,LFMN
2026-09-12T04:00,18.6,12.1,23.8,0.0,9,LFMN
2026-09-12T05:00,18.3,12.1,24.5,0.0,9,LFMN
2026-09-12T06:00,18.3,10.1,24.8,0.0,9,LFMN
2026-09-12T07:00,21.8,11.3,24.1,0.0,2,LFMN
2026-09-12T08:00,24.8,6.0,22.3,0.0,0,LFMN
2026-09-12T09:00,26.2,1.4,15.8,0.0,0,LFMN
2026-09-12T10:00,26.7,6.9,21.6,0.0,0,LFMN
2026-09-12T11:00,26.5,11.1,29.9,0.0,0,LFMN
2026-09-12T12:00,27.1,10.5,31.3,0.0,2,LFMN
2026-09-12T13:00,27.2,6.8,28.4,0.0,10,LFMN
2026-09-12T14:00,27.0,4.9,23.0,0.0,13,LFMN
2026-09-12T15:00,26.7,5.5,19.4,0.0,8,LFMN
2026-09-12T16:00,26.2,5.8,19.8,0.0,12,LFMN
2026-09-12T17:00,25.5,6.1,18.4,0.0,5,LFMN
2026-09-12T18:00,25.0,6.7,15.8,0.0,3,LFMN
2026-09-12T19:00,24.5,4.0,14.4,0.0,1,LFMN
2026-09-12T20:00,23.8,3.0,9.4,0.0,17,LFMN
2026-09-12T21:00,22.9,1.9,7.2,0.0,27,LFMN
2026-09-12T22:00,22.0,6.8,12.6,0.0,20,LFMN
2026-09-12T23:00,21.4,9.8,18.7,0.0,30,LFMN
2026-09-13T00:00,19.9,8.0,19.8,0.0,31,LFMN
2026-09-13T01:00,20.0,10.4,20.5,0.0,36,LFMN
2026-09-13T02:00,19.7,11.3,22.3,0.0,43,LFMN
2026-09-13T03:00,19.7,11.4,22.7,0.0,70,LFMN
2026-09-13T04:00,19.5,11.6,23.0,0.0,92,LFMN
2026-09-13T05:00,19.4,11.1,22.7,0.0,86,LFMN
2026-09-13T06:00,19.6,9.5,22.0,0.0,48,LFMN
2026-09-13T07:00,23.2,8.0,21.2,0.0,32,LFMN
2026-09-13T08:00,25.8,2.5,16.9,0.0,13,LFMN
2026-09-13T09:00,26.5,5.6,18.0,0.0,0,LFMN
2026-09-13T10:00,26.8,8.0,24.1,0.0,0,LFMN
2026-09-13T11:00,27.0,8.3,25.2,0.0,0,LFMN
2026-09-13T12:00,27.6,9.7,25.6,0.0,0,LFMN
2026-09-13T13:00,27.2,10.0,27.7,0.0,1,LFMN
2026-09-13T14:00,26.8,10.3,28.1,0.0,1,LFMN
2026-09-13T15:00,26.4,10.3,28.8,0.0,2,LFMN
2026-09-13T16:00,25.8,8.7,28.1,0.0,15,LFMN
2026-09-13T17:00,25.2,6.7,23.8,0.0,75,LFMN
2026-09-13T18:00,24.7,5.9,17.3,0.0,40,LFMN
2026-09-13T19:00,24.2,3.3,12.2,0.0,36,LFMN
2026-09-13T20:00,23.6,2.1,7.2,0.0,1,LFMN
2026-09-13T21:00,23.0,1.5,5.0,0.0,0,LFMN
2026-09-13T22:00,22.1,2.5,5.4,0.0,0,LFMN
2026-09-13T23:00,21.5,6.3,12.6,0.0,0,LFMN
2026-09-14T00:00,20.3,5.9,14.8,0.0,0,LFMN
2026-09-14T01:00,20.3,6.0,13.7,0.0,1,LFMN
2026-09-14T02:00,20.2,7.6,15.5,0.0,0,LFMN
2026-09-14T03:00,20.1,8.4,16.9,0.0,1,LFMN
2026-09-14T04:00,20.0,8.8,18.0,0.0,2,LFMN
2026-09-14T05:00,19.8,9.1,18.4,0.0,5,LFMN
2026-09-14T06:00,19.8,6.8,18.7,0.0,2,LFMN
2026-09-14T07:00,23.4,6.3,18.0,0.0,13,LFMN
2026-09-14T08:00,25.6,2.3,14.8,0.0,46,LFMN
2026-09-14T09:00,26.4,5.8,19.1,0.0,16,LFMN
2026-09-14T10:00,26.6,8.3,25.2,0.0,8,LFMN
2026-09-14T11:00,26.8,8.4,26.3,0.0,2,LFMN
2026-09-14T12:00,27.7,7.7,26.3,0.0,5,LFMN
2026-09-14T13:00,27.8,6.0,24.1,0.0,3,LFMN
2026-09-14T14:00,27.9,5.3,22.0,0.0,13,LFMN
2026-09-14T15:00,27.5,5.5,20.9,0.0,5,LFMN
2026-09-14T16:00,26.9,5.2,19.1,0.0,22,LFMN
2026-09-14T17:00,25.8,3.3,16.9,0.0,15,LFMN
2026-09-14T18:00,25.3,0.8,10.8,0.0,8,LFMN
2026-09-14T19:00,25.1,0.5,1.8,0.0,5,LFMN
2026-09-14T20:00,24.8,0.9,2.9,0.0,9,LFMN
2026-09-14T21:00,24.3,1.8,4.0,0.0,2,LFMN
2026-09-14T22:00,23.8,2.7,6.5,0.0,1,LFMN
2026-09-14T23:00,23.2,3.4,8.3,0.0,0,LFMN
2026-09-15T00:00,21.1,1.9,8.3,0.0,5,LFMN
2026-09-15T01:00,21.0,5.6,12.6,0.0,7,LFMN
2026-09-15T02:00,21.1,7.9,15.8,0.0,1,LFMN
2026-09-15T03:00,21.5,8.5,17.6,0.0,2,LFMN
2026-09-15T04:00,21.3,8.2,17.6,0.0,2,LFMN
2026-09-15T05:00,21.0,8.1,16.9,0.0,2,LFMN
2026-09-15T06:00,21.1,4.8,16.6,0.0,2,LFMN
2026-09-15T07:00,24.7,5.7,15.8,0.0,3,LFMN
2026-09-15T08:00,26.7,0.8,14.0,0.0,3,LFMN
2026-09-15T09:00,27.7,4.1,16.9,0.0,2,LFMN
2026-09-15T10:00,28.1,6.6,22.3,0.0,0,LFMN
2026-09-15T11:00,28.2,7.1,24.1,0.0,0,LFMN
2026-09-15T12:00,28.5,8.7,25.9,0.0,20,LFMN
2026-09-15T13:00,28.0,9.4,27.7,0.0,3,LFMN
2026-09-15T14:00,27.5,8.1,27.4,0.0,3,LFMN
2026-09-15T15:00,27.0,5.8,24.8,0.0,11,LFMN
2026-09-15T16:00,26.6,5.1,20.5,0.0,2,LFMN
2026-09-15T17:00,25.7,6.0,18.4,0.0,1,LFMN
2026-09-15T18:00,25.4,5.8,17.3,0.0,1,LFMN
2026-09-15T19:00,25.1,3.1,13.3,0.0,0,LFMN
2026-09-15T20:00,24.6,0.6,8.3,0.0,0,LFMN
2026-09-15T21:00,23.9,2.3,4.7,0.0,0,LFMN
2026-09-15T22:00,23.3,3.6,7.6,0.0,0,LFMN
2026-09-15T23:00,22.5,4.4,9.4,0.0,0,LFMN
2026-09-16T00:00,21.1,6.2,12.2,0.0,0,LFMN
2026-09-16T01:00,21.1,10.4,19.1,0.0,0,LFMN
2026-09-16T02:00,21.1,10.1,19.4,0.0,0,LFMN
2026-09-16T03:00,21.1,10.2,19.8,0.0,0,LFMN
2026-09-16T04:00,21.0,9.0,19.4,0.0,2,LFMN
2026-09-16T05:00,20.8,10.1,19.1,0.0,1,LFMN
2026-09-16T06:00,21.1,7.2,21.6,0.0,2,LFMN
2026-09-16T07:00,24.3,8.2,19.1,0.0,8,LFMN
2026-09-16T08:00,25.4,8.3,23.0,0.0,2,LFMN
2026-09-16T09:00,26.2,8.6,25.2,0.0,2,LFMN
2026-09-16T10:00,26.4,8.6,26.3,0.0,18,LFMN
2026-09-16T11:00,26.6,7.7,26.3,0.0,15,LFMN
2026-09-16T12:00,27.7,8.2,25.2,0.0,10,LFMN
2026-09-16T13:00,27.3,9.6,28.1,0.0,23,LFMN
2026-09-16T14:00,26.6,9.5,28.4,0.1,16,LFMN
2026-09-16T15:00,26.2,7.0,27.4,0.1,9,LFMN
2026-09-16T16:00,25.7,6.5,22.3,0.0,17,LFMN
2026-09-16T17:00,24.8,4.3,19.8,0.0,8,LFMN
2026-09-16T18:00,24.6,4.4,13.7,0.0,4,LFMN
2026-09-16T19:00,24.0,2.9,9.0,0.0,4,LFMN
2026-09-16T20:00,23.8,5.9,11.5,0.0,2,LFMN
2026-09-16T21:00,23.4,5.3,11.9,0.0,2,LFMN
2026-09-16T22:00,22.8,5.9,11.5,0.0,23,LFMN
2026-09-16T23:00,22.1,4.8,11.5,0.0,9,LFMN
2026-09-17T00:00,21.2,4.0,9.7,0.0,7,LFMN
2026-09-17T01:00,21.1,6.6,14.0,0.0,15,LFMN
2026-09-17T02:00,20.8,5.9,14.0,0.0,38,LFMN
2026-09-17T03:00,20.6,7.0,14.8,0.0,2,LFMN
2026-09-17T04:00,20.2,6.2,14.8,0.0,67,LFMN
2026-09-17T05:00,20.1,8.5,17.6,0.0,19,LFMN
2026-09-17T06:00,20.2,5.0,17.3,0.0,0,LFMN
2026-09-17T07:00,23.2,3.8,12.6,0.0,0,LFMN
2026-09-17T08:00,24.6,2.4,12.2,0.0,0,LFMN
2026-09-17T09:00,25.4,5.4,18.7,0.0,0,LFMN
2026-09-17T10:00,25.7,9.4,27.0,0.0,0,LFMN
2026-09-17T11:00,25.2,13.5,36.0,0.0,53,LFMN
2026-09-17T12:00,26.2,12.4,36.7,0.4,16,LFMN
2026-09-17T13:00,26.1,9.3,32.0,0.0,30,LFMN
2026-09-17T14:00,26.2,8.7,26.6,0.0,26,LFMN
2026-09-17T15:00,25.9,8.3,25.2,0.0,26,LFMN
2026-09-17T16:00,25.3,7.0,23.8,0.0,9,LFMN
2026-09-17T17:00,24.4,4.6,19.4,0.0,2,LFMN
2026-09-17T18:00,23.6,2.8,11.9,0.0,3,LFMN
2026-09-17T19:00,23.5,4.1,8.6,0.0,7,LFMN
2026-09-17T20:00,23.1,3.4,8.6,0.0,10,LFMN
2026-09-17T21:00,22.5,3.3,7.6,0.0,6,LFMN
2026-09-17T22:00,22.1,2.2,6.8,0.0,32,LFMN
2026-09-17T23:00,21.6,0.4,4.3,0.0,51,LFMN
2026-06-01T00:00,16.8,10.3,19.4,0.0,20,EDDF
2026-06-01T01:00,16.1,9.8,18.7,0.0,8,EDDF
2026-06-01T02:00,15.2,8.9,17.6,0.0,8,EDDF
2026-06-01T03:00,14.6,7.8,15.8,0.0,6,EDDF
2026-06-01T04:00,14.5,8.0,14.0,0.0,1,EDDF
2026-06-01T05:00,15.9,8.1,16.2,0.0,2,EDDF
2026-06-01T06:00,17.7,7.6,20.5,0.0,13,EDDF
2026-06-01T07:00,18.9,7.1,20.5,0.0,20,EDDF
2026-06-01T08:00,20.1,5.5,20.5,0.1,43,EDDF
2026-06-01T09:00,21.2,5.2,18.7,0.1,58,EDDF
2026-06-01T10:00,22.0,6.1,21.2,0.0,29,EDDF
2026-06-01T11:00,22.8,6.8,22.3,0.0,39,EDDF
2026-06-01T12:00,23.8,7.8,23.4,0.0,30,EDDF
2026-06-01T13:00,23.7,7.8,24.5,0.0,52,EDDF
2026-06-01T14:00,24.2,7.3,23.8,0.0,91,EDDF
2026-06-01T15:00,24.3,5.6,22.0,0.0,98,EDDF
2026-06-01T16:00,23.8,4.5,18.0,0.0,63,EDDF
2026-06-01T17:00,23.5,2.7,13.7,0.0,14,EDDF
2026-06-01T18:00,22.8,6.3,9.0,0.0,34,EDDF
2026-06-01T19:00,20.9,3.9,11.9,0.0,84,EDDF
2026-06-01T20:00,19.6,1.0,6.5,0.0,88,EDDF
2026-06-01T21:00,18.0,4.2,6.5,0.0,55,EDDF
2026-06-01T22:00,17.2,7.2,13.0,0.0,30,EDDF
2026-06-01T23:00,16.4,5.5,12.6,0.0,75,EDDF
2026-06-02T00:00,15.5,4.2,10.1,0.0,95,EDDF
2026-06-02T01:00,15.1,3.6,8.6,0.0,94,EDDF
2026-06-02T02:00,14.4,4.0,7.2,0.0,93,EDDF
2026-06-02T03:00,14.0,5.4,9.7,0.0,95,EDDF
2026-06-02T04:00,14.1,5.8,10.4,0.0,100,EDDF
2026-06-02T05:00,15.3,4.3,10.4,0.0,99,EDDF
2026-06-02T06:00,16.7,3.1,10.8,0.0,99,EDDF
2026-06-02T07:00,18.7,2.6,10.8,0.0,98,EDDF
2026-06-02T08:00,20.9,0.6,10.8,0.0,97,EDDF
2026-06-02T09:00,22.8,3.1,13.3,0.0,100,EDDF
2026-06-02T10:00,23.5,7.0,19.4,0.0,89,EDDF
2026-06-02T11:00,22.3,19.1,41.0,0.5,95,EDDF
2026-06-02T12:00,22.1,10.0,42.8,0.7,95,EDDF
2026-06-02T13:00,22.6,10.6,26.3,0.0,94,EDDF
2026-06-02T14:00,22.8,11.6,33.5,0.0,97,EDDF
2026-06-02T15:00,22.0,10.8,29.2,0.0,100,EDDF
2026-06-02T16:00,20.1,12.3,32.8,0.3,98,EDDF
2026-06-02T17:00,17.5,11.3,28.8,4.0,100,EDDF
2026-06-02T18:00,17.7,12.4,28.1,0.4,100,EDDF
2026-06-02T19:00,16.9,15.7,31.7,0.2,99,EDDF
2026-06-02T20:00,15.8,14.3,31.7,0.3,78,EDDF
2026-06-02T21:00,15.0,13.2,28.1,0.0,30,EDDF
2026-06-02T22:00,14.5,14.1,27.4,0.0,59,EDDF
2026-06-02T23:00,14.0,13.2,27.4,0.0,43,EDDF
2026-06-03T00:00,13.1,13.2,25.6,0.0,55,EDDF
2026-06-03T01:00,12.5,10.4,24.1,0.0,3,EDDF
2026-06-03T02:00,12.1,10.5,19.4,0.0,9,EDDF
2026-06-03T03:00,12.1,11.4,21.2,0.0,38,EDDF
2026-06-03T04:00,12.2,12.1,22.7,0.2,63,EDDF
2026-06-03T05:00,13.0,13.5,25.9,0.2,52,EDDF
2026-06-03T06:00,13.5,14.1,32.4,0.1,63,EDDF
2026-06-03T07:00,14.4,15.4,36.4,0.2,45,EDDF
2026-06-03T08:00,16.0,16.8,40.3,0.0,50,EDDF
2026-06-03T09:00,17.8,18.2,45.0,0.0,43,EDDF
2026-06-03T10:00,18.8,17.0,45.0,0.0,38,EDDF
2026-06-03T11:00,19.6,16.2,41.4,0.1,30,EDDF
2026-06-03T12:00,18.6,17.5,38.5,0.1,38,EDDF
2026-06-03T13:00,19.3,18.4,42.5,0.1,17,EDDF
2026-06-03T14:00,19.7,18.8,42.5,0.1,70,EDDF
2026-06-03T15:00,19.9,19.8,43.2,0.1,83,EDDF
2026-06-03T16:00,19.8,20.7,45.7,0.0,75,EDDF
2026-06-03T17:00,19.4,16.3,46.4,0.0,84,EDDF
2026-06-03T18:00,18.8,14.1,34.2,0.0,95,EDDF
2026-06-03T19:00,18.0,11.5,28.4,0.0,93,EDDF
2026-06-03T20:00,17.2,12.7,24.8,0.0,82,EDDF
2026-06-03T21:00,16.7,12.0,25.6,0.0,88,EDDF
2026-06-03T22:00,16.2,16.4,31.7,0.5,100,EDDF
2026-06-03T23:00,15.6,16.3,34.2,0.5,100,EDDF
2026-06-04T00:00,16.8,15.5,31.0,0.0,100,EDDF
2026-06-04T01:00,16.6,14.6,31.0,0.0,100,EDDF
2026-06-04T02:00,16.7,15.9,32.4,0.0,100,EDDF
2026-06-04T03:00,16.6,15.8,32.8,0.0,100,EDDF
2026-06-04T04:00,16.3,14.8,32.4,0.2,100,EDDF
2026-06-04T05:00,16.2,15.0,29.5,0.2,96,EDDF
2026-06-04T06:00,17.6,17.6,34.6,0.2,100,EDDF
2026-06-04T07:00,17.9,17.0,39.2,0.0,100,EDDF
2026-06-04T08:00,17.9,16.3,36.0,0.2,100,EDDF
2026-06-04T09:00,18.7,20.9,45.4,0.3,100,EDDF
2026-06-04T10:00,19.1,20.2,45.4,0.2,100,EDDF
2026-06-04T11:00,19.3,21.8,47.2,0.1,100,EDDF
2026-06-04T12:00,18.3,16.5,51.5,0.1,100,EDDF
2026-06-04T13:00,18.5,18.7,45.4,0.1,100,EDDF
2026-06-04T14:00,17.5,20.8,49.0,0.3,100,EDDF
2026-06-04T15:00,17.9,19.3,41.8,0.0,100,EDDF
2026-06-04T16:00,15.8,20.9,51.5,1.7,100,EDDF
2026-06-04T17:00,14.8,20.4,46.1,0.8,100,EDDF
2026-06-04T18:00,15.4,16.8,41.4,0.1,100,EDDF
2026-06-04T19:00,14.8,16.9,37.4,0.1,99,EDDF
2026-06-04T20:00,12.8,15.6,37.8,1.4,100,EDDF
2026-06-04T21:00,13.3,16.5,31.0,0.1,100,EDDF
2026-06-04T22:00,13.0,15.7,31.7,0.0,95,EDDF
2026-06-04T23:00,12.5,13.2,29.9,0.0,70,EDDF
2026-06-05T00:00,12.7,11.6,25.2,0.0,41,EDDF
2026-06-05T01:00,12.4,11.8,22.7,0.0,31,EDDF
2026-06-05T02:00,12.0,11.0,22.7,0.0,15,EDDF
2026-06-05T03:00,11.5,10.3,20.9,0.0,16,EDDF
2026-06-05T04:00,11.5,11.4,21.2,0.0,18,EDDF
2026-06-05T05:00,12.8,12.9,28.1,0.0,56,EDDF
2026-06-05T06:00,13.6,11.8,31.7,0.0,37,EDDF
2026-06-05T07:00,14.7,13.1,34.2,0.0,25,EDDF
2026-06-05T08:00,15.8,15.2,37.8,0.3,36,EDDF
2026-06-05T09:00,16.9,14.6,38.9,0.1,100,EDDF
2026-06-05T10:00,15.2,16.1,37.8,0.8,91,EDDF
2026-06-05T11:00,14.7,10.0,37.1,1.0,42,EDDF
2026-06-05T12:00,17.7,14.5,36.7,0.2,21,EDDF
2026-06-05T13:00,19.0,13.2,34.2,0.0,18,EDDF
2026-06-05T14:00,19.6,12.2,33.8,0.0,17,EDDF
2026-06-05T15:00,19.9,11.3,32.8,0.0,13,EDDF
2026-06-05T16:00,19.8,11.5,27.7,0.0,10,EDDF
2026-06-05T17:00,19.4,9.8,27.0,0.0,13,EDDF
2026-06-05T18:00,18.4,8.6,21.6,0.0,17,EDDF
2026-06-05T19:00,16.7,5.4,16.2,0.0,14,EDDF
2026-06-05T20:00,15.2,4.3,9.4,0.0,5,EDDF
2026-06-05T21:00,14.7,1.6,6.5,0.0,2,EDDF
2026-06-05T22:00,13.9,2.2,3.6,0.0,1,EDDF
2026-06-05T23:00,12.7,4.8,7.6,0.0,9,EDDF
2026-06-06T00:00,11.5,2.9,7.9,0.0,1,EDDF
2026-06-06T01:00,10.9,6.2,10.1,0.0,1,EDDF
2026-06-06T02:00,10.4,3.1,10.8,0.0,1,EDDF
2026-06-06T03:00,9.8,3.2,4.7,0.0,1,EDDF
2026-06-06T04:00,10.1,8.7,14.4,0.0,89,EDDF
2026-06-06T05:00,11.7,6.0,16.9,0.0,99,EDDF
2026-06-06T06:00,13.6,5.0,13.7,0.0,99,EDDF
2026-06-06T07:00,15.8,5.4,15.8,0.0,100,EDDF
2026-06-06T08:00,17.9,4.8,16.2,0.0,100,EDDF
2026-06-06T09:00,20.0,3.4,15.1,0.0,99,EDDF
2026-06-06T10:00,20.5,5.6,21.2,0.0,99,EDDF
2026-06-06T11:00,21.3,9.9,24.8,0.0,84,EDDF
2026-06-06T12:00,22.4,11.1,28.8,0.1,39,EDDF
2026-06-06T13:00,23.1,10.2,27.7,0.0,27,EDDF
2026-06-06T14:00,23.3,12.3,29.5,0.0,17,EDDF
2026-06-06T15:00,23.7,13.3,30.6,0.0,86,EDDF
2026-06-06T16:00,23.4,13.6,31.7,0.0,81,EDDF
2026-06-06T17:00,22.6,12.9,32.4,0.0,95,EDDF
2026-06-06T18:00,20.0,7.9,26.6,0.0,74,EDDF
2026-06-06T19:00,19.0,3.4,20.2,0.0,33,EDDF
2026-06-06T20:00,17.1,7.4,11.9,0.0,9,EDDF
2026-06-06T21:00,17.1,13.7,26.6,0.0,56,EDDF
2026-06-06T22:00,16.6,13.9,27.0,0.0,7,EDDF
2026-06-06T23:00,15.7,13.2,28.1,0.0,13,EDDF
2026-06-07T00:00,15.1,11.1,25.6,0.0,30,EDDF
2026-06-07T01:00,14.4,9.9,20.2,0.0,8,EDDF
2026-06-07T02:00,13.5,8.7,18.0,0.0,29,EDDF
2026-06-07T03:00,13.0,8.0,15.5,0.0,5,EDDF
2026-06-07T04:00,12.9,8.9,15.8,0.0,3,EDDF
2026-06-07T05:00,14.1,8.2,17.3,0.0,6,EDDF
2026-06-07T06:00,15.6,9.8,22.7,0.0,27,EDDF
2026-06-07T07:00,16.8,12.5,28.8,0.0,34,EDDF
2026-06-07T08:00,17.8,17.2,39.2,0.0,100,EDDF
2026-06-07T09:00,18.6,17.4,40.3,0.0,63,EDDF
2026-06-07T10:00,19.5,16.9,40.3,0.0,62,EDDF
2026-06-07T11:00,20.2,15.4,39.6,0.0,52,EDDF
2026-06-07T12:00,21.0,15.5,36.7,0.0,42,EDDF
2026-06-07T13:00,21.1,13.4,36.4,0.0,9,EDDF
2026-06-07T14:00,21.5,11.7,33.1,0.0,10,EDDF
2026-06-07T15:00,21.8,10.4,29.5,0.0,24,EDDF
2026-06-07T16:00,21.6,8.3,27.0,0.0,14,EDDF
2026-06-07T17:00,21.2,6.9,21.2,0.0,58,EDDF
2026-06-07T18:00,20.4,6.5,16.9,0.0,64,EDDF
2026-06-07T19:00,18.6,4.2,11.5,0.0,20,EDDF
2026-06-07T20:00,17.0,5.0,8.6,0.0,6,EDDF
2026-06-07T21:00,16.3,4.4,8.3,0.0,9,EDDF
2026-06-07T22:00,15.5,1.2,6.1,0.0,2,EDDF
2026-06-07T23:00,14.5,0.0,2.2,0.0,2,EDDF
2026-06-08T00:00,12.6,1.6,2.2,0.0,2,EDDF
2026-06-08T01:00,11.5,3.6,6.1,0.0,24,EDDF
2026-06-08T02:00,11.1,4.0,7.2,0.0,89,EDDF
2026-06-08T03:00,10.7,5.7,9.7,0.0,96,EDDF
2026-06-08T04:00,11.0,7.3,13.0,0.0,92,EDDF
2026-06-08T05:00,12.8,6.4,13.0,0.0,98,EDDF
2026-06-08T06:00,14.8,6.0,13.7,0.0,88,EDDF
2026-06-08T07:00,17.5,5.3,16.2,0.0,95,EDDF
2026-06-08T08:00,19.4,1.6,15.5,0.0,95,EDDF
2026-06-08T09:00,21.1,1.9,11.9,0.0,95,EDDF
2026-06-08T10:00,22.8,4.0,15.8,0.0,100,EDDF
2026-06-08T11:00,24.0,7.6,22.0,0.0,100,EDDF
2026-06-08T12:00,25.0,9.8,28.1,0.0,99,EDDF
2026-06-08T13:00,24.3,11.8,28.4,0.0,99,EDDF
2026-06-08T14:00,24.3,10.4,28.1,0.0,99,EDDF
2026-06-08T15:00,24.2,15.6,33.8,0.0,100,EDDF
2026-06-08T16:00,20.6,11.1,35.6,0.2,100,EDDF
2026-06-08T17:00,19.8,5.6,21.2,0.2,100,EDDF
2026-06-08T18:00,19.3,7.9,11.2,0.0,99,EDDF
2026-06-08T19:00,19.2,10.2,18.7,0.0,51,EDDF
2026-06-08T20:00,18.7,12.4,22.7,0.0,45,EDDF
2026-06-08T21:00,18.1,14.0,27.0,0.0,81,EDDF
2026-06-08T22:00,16.9,11.6,28.1,0.7,80,EDDF
2026-06-08T23:00,16.3,13.1,24.1,0.0,97,EDDF
2026-06-09T00:00,16.4,11.0,24.5,0.0,99,EDDF
2026-06-09T01:00,16.1,10.4,19.8,0.0,98,EDDF
2026-06-09T02:00,15.5,10.3,19.1,0.0,99,EDDF
2026-06-09T03:00,14.5,8.5,19.8,0.1,98,EDDF
2026-06-09T04:00,14.2,6.9,15.8,0.0,98,EDDF
2026-06-09T05:00,14.6,10.0,23.0,0.2,100,EDDF
2026-06-09T06:00,13.5,11.3,30.2,0.7,100,EDDF
2026-06-09T07:00,13.5,13.5,25.9,0.1,99,EDDF
2026-06-09T08:00,14.7,14.6,31.7,0.0,73,EDDF
2026-06-09T09:00,17.2,15.9,37.4,0.0,8,EDDF
2026-06-09T10:00,18.9,17.5,41.8,0.0,22,EDDF
2026-06-09T11:00,19.9,17.7,41.8,0.0,45,EDDF
2026-06-09T12:00,19.8,16.7,42.8,0.0,26,EDDF
2026-06-09T13:00,19.9,16.7,39.6,0.0,7,EDDF
2026-06-09T14:00,20.8,16.2,39.6,0.0,30,EDDF
2026-06-09T15:00,20.9,17.8,40.3,0.0,44,EDDF
2026-06-09T16:00,20.2,18.3,40.7,0.0,74,EDDF
2026-06-09T17:00,19.6,14.7,40.3,0.0,92,EDDF
2026-06-09T18:00,18.4,14.3,31.7,0.0,89,EDDF
2026-06-09T19:00,17.1,11.3,28.8,0.0,85,EDDF
2026-06-09T20:00,15.5,7.7,22.0,0.0,95,EDDF
2026-06-09T21:00,14.5,7.8,14.0,0.0,98,EDDF
2026-06-09T22:00,13.7,8.0,14.4,0.0,80,EDDF
2026-06-09T23:00,12.9,6.3,14.4,0.0,70,EDDF
2026-06-10T00:00,12.9,8.5,10.8,0.0,95,EDDF
2026-06-10T01:00,12.3,8.0,18.0,0.1,91,EDDF
2026-06-10T02:00,11.9,1.4,14.0,0.0,98,EDDF
2026-06-10T03:00,11.5,2.8,5.8,0.0,96,EDDF
2026-06-10T04:00,11.4,5.4,9.4,0.0,100,EDDF
2026-06-10T05:00,12.3,6.9,13.7,0.0,100,EDDF
2026-06-10T06:00,13.1,3.4,14.4,0.0,100,EDDF
2026-06-10T07:00,14.1,3.4,11.5,0.0,100,EDDF
2026-06-10T08:00,15.3,3.7,14.0,0.0,100,EDDF
2026-06-10T09:00,16.3,4.8,21.2,0.0,100,EDDF
2026-06-10T10:00,17.2,7.3,25.2,0.0,98,EDDF
2026-06-10T11:00,16.8,11.8,28.8,0.1,100,EDDF
2026-06-10T12:00,18.3,9.3,35.3,2.8,77,EDDF
2026-06-10T13:00,16.5,11.7,30.6,0.9,100,EDDF
2026-06-10T14:00,16.0,13.1,33.1,0.5,100,EDDF
2026-06-10T15:00,16.5,12.3,32.0,0.0,100,EDDF
2026-06-10T16:00,17.2,13.4,32.0,0.0,98,EDDF
2026-06-10T17:00,16.5,14.8,32.8,0.0,97,EDDF
2026-06-10T18:00,14.6,9.5,32.0,1.0,80,EDDF
2026-06-10T19:00,12.9,11.9,22.0,1.4,70,EDDF
2026-06-10T20:00,11.7,9.2,23.8,1.1,71,EDDF
2026-06-10T21:00,11.2,7.6,21.6,0.0,93,EDDF
2026-06-10T22:00,10.7,7.2,18.4,0.0,91,EDDF
2026-06-10T23:00,10.5,7.6,16.6,0.0,76,EDDF
2026-06-11T00:00,10.0,12.7,16.6,0.0,62,EDDF
2026-06-11T01:00,9.9,8.7,22.7,0.0,70,EDDF
2026-06-11T02:00,9.9,9.8,18.0,0.0,39,EDDF
2026-06-11T03:00,9.7,11.3,20.5,0.0,8,EDDF
2026-06-11T04:00,9.6,7.9,20.9,0.0,16,EDDF
2026-06-11T05:00,10.5,8.4,16.6,0.0,2,EDDF
2026-06-11T06:00,11.7,9.1,22.0,0.0,31,EDDF
2026-06-11T07:00,13.0,9.6,27.7,0.2,11,EDDF
2026-06-11T08:00,14.5,10.6,31.7,0.1,24,EDDF
2026-06-11T09:00,15.6,11.6,32.8,0.1,40,EDDF
2026-06-11T10:00,16.5,11.6,32.8,0.0,42,EDDF
2026-06-11T11:00,17.3,12.6,33.1,0.1,73,EDDF
2026-06-11T12:00,18.0,14.3,33.1,0.0,89,EDDF
2026-06-11T13:00,16.6,15.1,38.2,0.4,99,EDDF
2026-06-11T14:00,17.7,13.5,36.0,0.0,99,EDDF
2026-06-11T15:00,18.4,15.9,36.0,0.0,100,EDDF
2026-06-11T16:00,17.8,15.5,36.0,0.0,100,EDDF
2026-06-11T17:00,17.7,13.4,33.5,0.0,100,EDDF
2026-06-11T18:00,17.1,10.8,27.7,0.0,100,EDDF
2026-06-11T19:00,16.3,11.2,22.3,0.0,100,EDDF
2026-06-11T20:00,15.4,12.0,24.8,0.0,97,EDDF
2026-06-11T21:00,14.4,11.3,24.5,0.0,100,EDDF
2026-06-11T22:00,13.7,9.3,23.4,0.1,100,EDDF
2026-06-11T23:00,13.0,11.1,20.2,0.4,100,EDDF
2026-06-12T00:00,12.6,14.4,28.1,0.4,100,EDDF
2026-06-12T01:00,12.2,15.4,30.2,0.4,100,EDDF
2026-06-12T02:00,12.2,16.1,31.3,0.3,100,EDDF
2026-06-12T03:00,12.4,16.3,31.7,0.1,100,EDDF
2026-06-12T04:00,12.6,16.9,33.1,0.1,100,EDDF
2026-06-12T05:00,12.8,17.5,35.6,0.2,100,EDDF
2026-06-12T06:00,12.6,15.4,34.6,0.5,100,EDDF
2026-06-12T07:00,13.1,15.3,29.9,0.5,100,EDDF
2026-06-12T08:00,14.1,15.9,32.0,0.1,100,EDDF
2026-06-12T09:00,15.2,14.4,33.5,0.0,100,EDDF
2026-06-12T10:00,16.5,12.9,29.2,0.1,100,EDDF
2026-06-12T11:00,17.4,14.0,29.9,0.1,100,EDDF
2026-06-12T12:00,19.0,17.4,32.4,0.1,99,EDDF
2026-06-12T13:00,19.8,16.5,39.2,0.1,100,EDDF
2026-06-12T14:00,20.5,17.2,40.7,0.1,95,EDDF
2026-06-12T15:00,21.0,18.1,45.4,0.6,80,EDDF
2026-06-12T16:00,21.4,18.2,45.7,0.3,54,EDDF
2026-06-12T17:00,21.0,20.1,42.5,0.2,76,EDDF
2026-06-12T18:00,20.1,19.7,42.1,0.1,82,EDDF
2026-06-12T19:00,18.8,16.6,40.7,0.2,83,EDDF
2026-06-12T20:00,18.1,15.3,33.5,0.0,92,EDDF
2026-06-12T21:00,18.2,14.4,30.6,0.0,34,EDDF
2026-06-12T22:00,17.0,12.7,29.2,0.0,30,EDDF
2026-06-12T23:00,16.3,11.9,24.8,0.2,84,EDDF
2026-06-13T00:00,16.3,12.7,23.8,0.3,45,EDDF
2026-06-13T01:00,15.9,10.1,24.1,0.1,21,EDDF
2026-06-13T02:00,15.4,10.8,19.4,0.0,20,EDDF
2026-06-13T03:00,15.0,12.1,22.7,0.0,35,EDDF
2026-06-13T04:00,14.6,12.3,23.0,0.0,47,EDDF
2026-06-13T05:00,15.4,12.5,24.5,0.0,33,EDDF
2026-06-13T06:00,17.4,10.9,28.1,0.0,30,EDDF
2026-06-13T07:00,18.4,14.6,32.4,0.0,3,EDDF
2026-06-13T08:00,19.5,17.2,38.5,0.0,2,EDDF
2026-06-13T09:00,20.5,19.0,43.2,0.0,2,EDDF
2026-06-13T10:00,21.5,19.3,44.6,0.0,10,EDDF
2026-06-13T11:00,22.4,19.5,44.6,0.0,5,EDDF
2026-06-13T12:00,23.9,17.9,46.8,0.0,1,EDDF
2026-06-13T13:00,24.2,18.8,43.6,0.0,11,EDDF
2026-06-13T14:00,24.4,22.0,50.4,0.0,2,EDDF
2026-06-13T15:00,24.5,22.0,51.5,0.0,30,EDDF
2026-06-13T16:00,23.6,21.6,50.4,0.0,15,EDDF
2026-06-13T17:00,22.8,19.9,46.8,0.0,51,EDDF
2026-06-13T18:00,22.1,16.7,42.5,0.0,79,EDDF
2026-06-13T19:00,20.2,9.6,33.8,0.0,91,EDDF
2026-06-13T20:00,18.1,9.0,19.1,0.0,76,EDDF
2026-06-13T21:00,17.0,13.0,28.1,0.0,68,EDDF
2026-06-13T22:00,15.8,10.0,26.3,0.0,77,EDDF
2026-06-13T23:00,15.1,8.6,19.8,0.0,74,EDDF
2026-06-14T00:00,15.1,10.5,16.9,0.0,87,EDDF
2026-06-14T01:00,14.6,10.1,20.5,0.0,56,EDDF
2026-06-14T02:00,13.6,9.0,20.2,0.0,39,EDDF
2026-06-14T03:00,12.3,5.1,16.9,0.0,72,EDDF
2026-06-14T04:00,13.0,8.1,14.4,0.0,82,EDDF
2026-06-14T05:00,14.1,7.4,15.8,0.0,100,EDDF
2026-06-14T06:00,14.0,9.0,25.2,0.0,100,EDDF
2026-06-14T07:00,14.3,10.5,23.4,0.0,66,EDDF
2026-06-14T08:00,16.3,13.5,31.7,0.1,83,EDDF
2026-06-14T09:00,16.7,15.9,37.8,0.3,51,EDDF
2026-06-14T10:00,18.4,16.6,38.9,0.0,100,EDDF
2026-06-14T11:00,19.1,16.5,39.2,0.0,34,EDDF
2026-06-14T12:00,18.8,17.1,41.8,0.0,88,EDDF
2026-06-14T13:00,19.2,17.6,41.0,0.0,59,EDDF
2026-06-14T14:00,19.3,17.4,41.4,0.0,100,EDDF
2026-06-14T15:00,19.1,17.0,40.3,0.0,86,EDDF
2026-06-14T16:00,18.9,16.5,38.5,0.0,78,EDDF
2026-06-14T17:00,18.9,16.3,36.7,0.0,80,EDDF
2026-06-14T18:00,18.4,14.0,35.3,0.0,58,EDDF
2026-06-14T19:00,17.1,12.3,29.2,0.0,45,EDDF
2026-06-14T20:00,15.6,10.1,25.6,0.0,48,EDDF
2026-06-14T21:00,14.6,8.5,19.4,0.0,25,EDDF
2026-06-14T22:00,13.6,6.8,15.8,0.0,3,EDDF
2026-06-14T23:00,12.9,6.7,11.9,0.0,1,EDDF
2026-06-15T00:00,12.5,7.3,11.9,0.0,0,EDDF
2026-06-15T01:00,11.7,8.0,14.0,0.0,0,EDDF
2026-06-15T02:00,11.1,8.5,15.1,0.0,0,EDDF
2026-06-15T03:00,10.5,7.8,15.1,0.0,0,EDDF
2026-06-15T04:00,10.3,8.1,14.0,0.0,0,EDDF
2026-06-15T05:00,11.8,8.5,19.4,0.0,0,EDDF
2026-06-15T06:00,13.1,10.0,20.5,0.0,35,EDDF
2026-06-15T07:00,14.2,10.7,27.4,0.0,100,EDDF
2026-06-15T08:00,14.8,10.8,28.1,0.0,100,EDDF
2026-06-15T09:00,15.4,10.0,27.7,0.0,100,EDDF
2026-06-15T10:00,16.5,10.5,26.6,0.0,100,EDDF
2026-06-15T11:00,18.0,11.2,28.8,0.0,100,EDDF
2026-06-15T12:00,17.8,9.5,29.2,0.0,100,EDDF
2026-06-15T13:00,18.7,9.7,25.9,0.0,91,EDDF
2026-06-15T14:00,19.8,10.4,27.4,0.0,90,EDDF
2026-06-15T15:00,20.0,12.1,30.6,0.0,28,EDDF
2026-06-15T16:00,19.6,9.9,31.0,0.0,45,EDDF
2026-06-15T17:00,19.0,8.8,25.6,0.0,86,EDDF
2026-06-15T18:00,18.4,7.8,22.3,0.0,100,EDDF
2026-06-15T19:00,16.9,8.0,17.3,0.0,67,EDDF
2026-06-15T20:00,15.1,9.7,18.4,0.0,47,EDDF
2026-06-15T21:00,13.6,5.2,18.0,0.0,93,EDDF
2026-06-15T22:00,12.8,4.0,9.0,0.0,96,EDDF
2026-06-15T23:00,12.6,3.2,6.8,0.0,86,EDDF
2026-06-16T00:00,12.4,6.6,7.6,0.0,95,EDDF
2026-06-16T01:00,11.7,6.0,12.2,0.0,98,EDDF
2026-06-16T02:00,11.4,2.3,10.4,0.0,89,EDDF
2026-06-16T03:00,11.4,1.9,4.0,0.0,99,EDDF
2026-06-16T04:00,12.2,1.7,4.0,0.0,100,EDDF
2026-06-16T05:00,13.4,5.2,9.7,0.0,100,EDDF
2026-06-16T06:00,14.7,7.3,13.7,0.0,99,EDDF
2026-06-16T07:00,16.7,9.8,22.3,0.0,100,EDDF
2026-06-16T08:00,16.9,14.1,32.4,0.4,100,EDDF
2026-06-16T09:00,16.1,12.3,29.9,1.3,90,EDDF
2026-06-16T10:00,19.0,12.7,29.5,0.0,98,EDDF
2026-06-16T11:00,20.6,10.5,30.2,0.1,96,EDDF
2026-06-16T12:00,22.9,10.5,32.8,0.0,94,EDDF
2026-06-16T13:00,23.4,14.4,32.4,0.0,20,EDDF
2026-06-16T14:00,25.0,19.0,42.8,0.0,51,EDDF
2026-06-16T15:00,25.0,19.6,45.4,0.0,52,EDDF
2026-06-16T16:00,22.8,13.4,44.3,0.3,83,EDDF
2026-06-16T17:00,21.5,8.6,28.4,0.6,66,EDDF
2026-06-16T18:00,23.3,15.0,19.8,0.3,63,EDDF
2026-06-16T19:00,22.0,8.1,29.5,0.1,23,EDDF
2026-06-16T20:00,20.1,6.1,14.4,0.0,20,EDDF
2026-06-16T21:00,19.2,5.8,9.7,0.0,41,EDDF
2026-06-16T22:00,18.3,5.9,9.4,0.0,22,EDDF
2026-06-16T23:00,17.4,5.3,9.4,0.0,6,EDDF
2026-06-17T00:00,17.3,5.8,8.6,0.0,26,EDDF
2026-06-17T01:00,16.2,3.8,8.3,0.0,11,EDDF
2026-06-17T02:00,15.2,2.3,5.4,0.0,14,EDDF
2026-06-17T03:00,14.5,1.0,3.2,0.0,21,EDDF
2026-06-17T04:00,14.6,0.0,1.8,0.0,51,EDDF
2026-06-17T05:00,16.2,1.5,6.1,0.0,76,EDDF
2026-06-17T06:00,17.4,0.2,12.2,0.7,80,EDDF
2026-06-17T07:00,19.3,2.2,10.1,0.0,73,EDDF
2026-06-17T08:00,22.1,3.3,14.0,0.0,48,EDDF
2026-06-17T09:00,23.8,5.8,18.4,0.0,74,EDDF
2026-06-17T10:00,24.9,10.1,27.4,0.0,76,EDDF
2026-06-17T11:00,25.2,8.8,27.0,0.0,66,EDDF
2026-06-17T12:00,25.7,4.0,23.8,0.0,47,EDDF
2026-06-17T13:00,25.7,2.7,14.8,0.1,45,EDDF
2026-06-17T14:00,26.4,2.3,13.7,0.0,34,EDDF
2026-06-17T15:00,26.8,1.2,12.2,0.0,30,EDDF
2026-06-17T16:00,27.2,4.3,14.4,0.0,20,EDDF
2026-06-17T17:00,26.5,6.3,16.6,0.0,20,EDDF
2026-06-17T18:00,26.3,7.3,16.2,0.0,5,EDDF
2026-06-17T19:00,24.7,6.9,16.2,0.0,8,EDDF
2026-06-17T20:00,22.9,8.3,14.4,0.0,16,EDDF
2026-06-17T21:00,21.9,6.1,14.8,0.0,16,EDDF
2026-06-17T22:00,20.9,6.3,10.8,0.0,2,EDDF
2026-06-17T23:00,20.0,5.2,10.8,0.0,0,EDDF
2026-06-18T00:00,19.0,6.3,10.4,0.0,0,EDDF
2026-06-18T01:00,18.2,6.0,11.9,0.0,2,EDDF
2026-06-18T02:00,17.7,5.7,10.4,0.0,1,EDDF
2026-06-18T03:00,17.2,6.0,10.8,0.0,5,EDDF
2026-06-18T04:00,17.1,6.9,12.2,0.0,16,EDDF
2026-06-18T05:00,18.6,5.2,12.6,0.0,29,EDDF
2026-06-18T06:00,21.0,3.1,10.8,0.0,50,EDDF
2026-06-18T07:00,23.5,0.7,10.4,0.0,55,EDDF
2026-06-18T08:00,25.6,1.3,10.8,0.0,50,EDDF
2026-06-18T09:00,27.5,2.6,13.3,0.0,4,EDDF
2026-06-18T10:00,29.0,5.3,18.4,0.0,10,EDDF
2026-06-18T11:00,30.0,6.5,20.9,0.0,19,EDDF
2026-06-18T12:00,31.8,6.8,22.0,0.0,34,EDDF
2026-06-18T13:00,31.8,6.3,21.6,0.0,2,EDDF
2026-06-18T14:00,32.2,4.4,20.5,0.0,5,EDDF
2026-06-18T15:00,32.3,1.2,16.9,0.0,9,EDDF
2026-06-18T16:00,32.2,1.7,10.8,0.0,5,EDDF
2026-06-18T17:00,31.8,2.4,10.4,0.0,5,EDDF
2026-06-18T18:00,30.5,1.0,8.6,0.0,6,EDDF
2026-06-18T19:00,29.2,1.5,4.3,0.0,24,EDDF
2026-06-18T20:00,26.6,8.0,10.8,0.0,15,EDDF
2026-06-18T21:00,25.0,7.4,16.9,0.0,1,EDDF
2026-06-18T22:00,23.4,5.5,12.6,0.0,1,EDDF
2026-06-18T23:00,22.8,3.2,9.4,0.0,1,EDDF
2026-06-19T00:00,21.0,4.0,4.7,0.0,1,EDDF
2026-06-19T01:00,20.1,4.0,7.2,0.0,1,EDDF
2026-06-19T02:00,19.6,3.6,6.5,0.0,2,EDDF
2026-06-19T03:00,19.4,0.6,5.8,0.0,4,EDDF
2026-06-19T04:00,19.5,4.0,5.8,0.0,16,EDDF
2026-06-19T05:00,21.4,7.2,14.0,0.0,6,EDDF
2026-06-19T06:00,23.2,6.7,15.8,0.0,1,EDDF
2026-06-19T07:00,25.6,2.9,15.5,0.0,6,EDDF
2026-06-19T08:00,27.8,2.8,13.7,0.0,3,EDDF
2026-06-19T09:00,29.8,1.8,13.7,0.0,32,EDDF
2026-06-19T10:00,31.5,3.5,15.8,0.0,65,EDDF
2026-06-19T11:00,32.3,4.1,18.4,0.0,2,EDDF
2026-06-19T12:00,30.6,1.3,20.5,0.0,95,EDDF
2026-06-19T13:00,28.9,4.2,17.6,0.4,95,EDDF
2026-06-19T14:00,31.4,4.0,16.9,0.4,57,EDDF
2026-06-19T15:00,32.4,6.5,20.9,0.1,48,EDDF
2026-06-19T16:00,32.5,6.5,19.4,0.0,10,EDDF
2026-06-19T17:00,31.8,3.6,18.7,0.0,23,EDDF
2026-06-19T18:00,29.6,5.8,11.2,0.0,38,EDDF
2026-06-19T19:00,28.7,7.6,17.3,0.0,63,EDDF
2026-06-19T20:00,25.4,14.8,38.9,0.2,95,EDDF
2026-06-19T21:00,23.6,15.3,29.9,0.2,84,EDDF
2026-06-19T22:00,22.4,11.5,29.9,0.0,98,EDDF
2026-06-19T23:00,21.9,1.2,23.8,0.0,100,EDDF
2026-06-20T00:00,20.5,9.4,2.5,0.0,100,EDDF
2026-06-20T01:00,20.3,11.7,21.6,0.1,100,EDDF
2026-06-20T02:00,19.9,8.0,20.9,1.3,100,EDDF
2026-06-20T03:00,19.9,10.5,18.7,1.3,100,EDDF
2026-06-20T04:00,20.0,7.5,20.2,0.5,100,EDDF
2026-06-20T05:00,20.6,6.5,12.2,0.0,96,EDDF
2026-06-20T06:00,21.3,7.8,13.3,0.0,48,EDDF
2026-06-20T07:00,24.3,2.0,15.8,0.0,27,EDDF
2026-06-20T08:00,26.5,2.3,11.2,0.0,0,EDDF
2026-06-20T09:00,28.6,7.6,20.9,0.0,0,EDDF
2026-06-20T10:00,30.4,10.5,26.6,0.0,0,EDDF
2026-06-20T11:00,31.6,12.1,29.9,0.0,0,EDDF
2026-06-20T12:00,33.4,12.3,30.6,0.0,5,EDDF
2026-06-20T13:00,33.3,10.6,30.6,0.0,23,EDDF
2026-06-20T14:00,32.9,5.9,29.2,0.0,12,EDDF
2026-06-20T15:00,32.8,3.0,18.4,0.0,63,EDDF
2026-06-20T16:00,33.0,3.0,11.9,0.0,23,EDDF
2026-06-20T17:00,33.4,0.6,13.7,0.0,28,EDDF
2026-06-20T18:00,27.2,2.6,8.6,0.0,63,EDDF
2026-06-20T19:00,27.0,4.3,9.0,0.0,31,EDDF
2026-06-20T20:00,26.4,16.1,27.7,0.0,11,EDDF
2026-06-20T21:00,24.0,8.8,37.4,0.0,0,EDDF
2026-06-20T22:00,22.9,3.7,16.2,0.0,22,EDDF
2026-06-20T23:00,22.4,3.5,5.8,0.0,94,EDDF
2026-06-21T00:00,24.2,4.7,7.9,0.0,92,EDDF
2026-06-21T01:00,24.0,7.8,16.6,0.0,91,EDDF
2026-06-21T02:00,22.9,3.4,13.7,0.0,41,EDDF
2026-06-21T03:00,22.3,7.3,13.0,0.0,89,EDDF
2026-06-21T04:00,22.4,3.1,12.6,0.0,100,EDDF
2026-06-21T05:00,22.4,9.1,17.6,0.0,94,EDDF
2026-06-21T06:00,23.5,13.9,19.4,0.0,89,EDDF
2026-06-21T07:00,25.2,9.0,29.2,0.0,100,EDDF
2026-06-21T08:00,26.6,7.8,22.0,0.0,13,EDDF
2026-06-21T09:00,28.9,8.4,23.8,0.0,0,EDDF
2026-06-21T10:00,30.4,9.7,27.0,0.0,0,EDDF
2026-06-21T11:00,31.9,6.6,27.0,0.0,9,EDDF
2026-06-21T12:00,31.4,3.6,26.3,0.0,49,EDDF
2026-06-21T13:00,33.2,3.9,21.2,0.0,53,EDDF
2026-06-21T14:00,32.7,6.6,20.9,0.0,95,EDDF
2026-06-21T15:00,31.9,9.9,24.1,0.0,53,EDDF
2026-06-21T16:00,30.7,7.2,27.0,0.1,97,EDDF
2026-06-21T17:00,28.8,0.4,19.4,0.0,99,EDDF
2026-06-21T18:00,24.4,11.9,16.2,0.0,98,EDDF
2026-06-21T19:00,25.1,8.2,25.6,0.0,53,EDDF
2026-06-21T20:00,24.4,0.6,13.7,0.0,95,EDDF
2026-06-21T21:00,24.0,2.8,6.1,0.0,97,EDDF
2026-06-21T22:00,23.2,4.4,12.6,0.0,61,EDDF
2026-06-21T23:00,22.4,6.3,11.5,0.0,17,EDDF
2026-06-22T00:00,23.0,11.5,13.7,0.0,48,EDDF
2026-06-22T01:00,22.4,9.1,20.5,0.0,65,EDDF
2026-06-22T02:00,21.8,8.5,16.9,0.0,64,EDDF
2026-06-22T03:00,21.2,9.0,17.6,0.0,69,EDDF
2026-06-22T04:00,21.2,7.6,16.9,0.0,95,EDDF
2026-06-22T05:00,22.3,8.2,17.3,0.0,89,EDDF
2026-06-22T06:00,24.5,9.9,21.2,0.0,0,EDDF
2026-06-22T07:00,26.1,6.8,23.8,0.0,0,EDDF
2026-06-22T08:00,28.3,5.7,20.2,0.0,0,EDDF
2026-06-22T09:00,30.3,7.5,23.4,0.0,0,EDDF
2026-06-22T10:00,31.5,10.2,29.2,0.0,7,EDDF
2026-06-22T11:00,32.3,9.4,29.9,0.0,15,EDDF
2026-06-22T12:00,34.3,8.2,28.1,0.1,5,EDDF
2026-06-22T13:00,33.8,10.8,29.9,0.0,20,EDDF
2026-06-22T14:00,33.5,10.8,30.2,0.0,9,EDDF
2026-06-22T15:00,33.6,10.6,29.5,0.0,12,EDDF
2026-06-22T16:00,32.3,11.3,28.1,0.4,59,EDDF
2026-06-22T17:00,30.4,13.1,32.0,0.3,30,EDDF
2026-06-22T18:00,31.0,10.0,28.8,0.0,89,EDDF
2026-06-22T19:00,29.5,10.6,21.6,0.0,91,EDDF
2026-06-22T20:00,28.0,11.1,20.9,0.0,72,EDDF
2026-06-22T21:00,26.6,10.8,22.0,0.0,51,EDDF
2026-06-22T22:00,25.4,9.7,20.5,0.0,53,EDDF
2026-06-22T23:00,24.4,9.9,18.4,0.0,1,EDDF
2026-06-23T00:00,24.2,10.8,20.2,0.0,2,EDDF
2026-06-23T01:00,23.4,10.3,20.9,0.0,9,EDDF
2026-06-23T02:00,22.6,9.3,20.2,0.0,1,EDDF
2026-06-23T03:00,22.0,9.2,18.0,0.0,33,EDDF
2026-06-23T04:00,21.9,9.0,17.6,0.0,0,EDDF
2026-06-23T05:00,22.8,7.0,18.4,0.0,27,EDDF
2026-06-23T06:00,24.6,8.2,19.1,0.0,23,EDDF
2026-06-23T07:00,26.1,7.5,22.0,0.0,23,EDDF
2026-06-23T08:00,28.0,7.2,22.7,0.0,73,EDDF
2026-06-23T09:00,29.5,7.1,23.0,0.0,99,EDDF
2026-06-23T10:00,30.7,6.7,24.1,0.0,90,EDDF
2026-06-23T11:00,31.5,6.5,24.5,0.0,99,EDDF
2026-06-23T12:00,33.3,6.9,25.9,0.0,96,EDDF
2026-06-23T13:00,31.9,8.6,25.2,0.0,97,EDDF
2026-06-23T14:00,30.4,9.3,26.6,0.3,94,EDDF
2026-06-23T15:00,30.7,9.0,25.6,0.1,45,EDDF
2026-06-23T16:00,31.0,10.5,26.3,0.0,19,EDDF
2026-06-23T17:00,30.6,10.7,27.0,0.0,19,EDDF
2026-06-23T18:00,30.1,8.0,25.2,0.0,19,EDDF
2026-06-23T19:00,28.6,7.5,16.9,0.0,5,EDDF
2026-06-23T20:00,26.8,6.2,13.3,0.0,0,EDDF
2026-06-23T21:00,25.9,6.8,11.9,0.0,0,EDDF
2026-06-23T22:00,24.9,5.5,11.9,0.0,0,EDDF
2026-06-23T23:00,24.0,4.7,9.4,0.0,0,EDDF
2026-06-24T00:00,22.9,7.1,7.9,0.0,0,EDDF
2026-06-24T01:00,22.0,7.4,14.4,0.0,0,EDDF
2026-06-24T02:00,21.4,7.3,13.3,0.0,0,EDDF
2026-06-24T03:00,21.0,7.5,14.0,0.0,0,EDDF
2026-06-24T04:00,20.8,7.7,14.4,0.0,0,EDDF
2026-06-24T05:00,21.8,5.2,14.8,0.0,0,EDDF
2026-06-24T06:00,23.9,4.7,14.4,0.0,0,EDDF
2026-06-24T07:00,26.2,4.5,16.2,0.0,0,EDDF
2026-06-24T08:00,28.6,4.4,17.3,0.0,0,EDDF
2026-06-24T09:00,30.6,4.5,18.7,0.0,0,EDDF
2026-06-24T10:00,32.0,5.4,20.5,0.0,0,EDDF
2026-06-24T11:00,33.2,6.6,23.0,0.0,0,EDDF
2026-06-24T12:00,35.1,6.3,25.6,0.0,0,EDDF
2026-06-24T13:00,35.0,7.3,24.1,0.0,6,EDDF
2026-06-24T14:00,35.2,8.3,24.8,0.0,10,EDDF
2026-06-24T15:00,35.0,9.7,26.6,0.0,11,EDDF
2026-06-24T16:00,34.7,9.9,27.0,0.0,13,EDDF
2026-06-24T17:00,33.9,9.3,25.9,0.0,13,EDDF
2026-06-24T18:00,33.6,7.1,23.4,0.0,23,EDDF
2026-06-24T19:00,31.5,6.7,14.8,0.0,16,EDDF
2026-06-24T20:00,29.8,6.8,11.9,0.0,6,EDDF
2026-06-24T21:00,28.8,6.7,11.5,0.0,8,EDDF
2026-06-24T22:00,27.8,7.4,13.0,0.0,3,EDDF
2026-06-24T23:00,26.6,5.6,13.0,0.0,1,EDDF
2026-06-25T00:00,25.0,5.5,9.4,0.0,1,EDDF
2026-06-25T01:00,23.9,8.7,15.8,0.0,0,EDDF
2026-06-25T02:00,23.0,8.0,15.8,0.0,0,EDDF
2026-06-25T03:00,22.2,6.3,14.4,0.0,0,EDDF
2026-06-25T04:00,22.0,6.7,11.2,0.0,0,EDDF
2026-06-25T05:00,23.3,6.5,13.7,0.0,0,EDDF
2026-06-25T06:00,25.9,6.1,16.6,0.0,0,EDDF
2026-06-25T07:00,28.3,6.9,19.8,0.0,0,EDDF
2026-06-25T08:00,30.7,7.0,21.6,0.0,0,EDDF
2026-06-25T09:00,32.9,6.5,22.0,0.0,0,EDDF
2026-06-25T10:00,34.3,7.0,23.4,0.0,0,EDDF
2026-06-25T11:00,35.2,8.1,25.6,0.0,41,EDDF
2026-06-25T12:00,37.0,8.6,28.1,0.0,51,EDDF
2026-06-25T13:00,35.8,8.3,27.7,0.0,95,EDDF
2026-06-25T14:00,35.1,6.5,25.6,0.0,59,EDDF
2026-06-25T15:00,35.7,9.3,25.9,0.0,78,EDDF
2026-06-25T16:00,35.2,11.1,28.8,0.0,44,EDDF
2026-06-25T17:00,34.8,10.8,28.1,0.0,46,EDDF
2026-06-25T18:00,34.3,11.8,26.6,0.0,52,EDDF
2026-06-25T19:00,32.9,10.7,24.8,0.0,26,EDDF
2026-06-25T20:00,31.0,11.6,23.4,0.0,23,EDDF
2026-06-25T21:00,29.6,12.7,24.8,0.0,12,EDDF
2026-06-25T22:00,28.4,11.6,25.2,0.0,7,EDDF
2026-06-25T23:00,27.3,10.1,22.0,0.0,1,EDDF
2026-06-26T00:00,26.2,10.7,18.7,0.0,1,EDDF
2026-06-26T01:00,25.5,10.4,20.2,0.0,1,EDDF
2026-06-26T02:00,24.8,9.0,19.8,0.0,1,EDDF
2026-06-26T03:00,24.0,8.4,16.6,0.0,11,EDDF
2026-06-26T04:00,23.8,7.8,15.5,0.0,2,EDDF
2026-06-26T05:00,25.1,6.9,14.0,0.0,0,EDDF
2026-06-26T06:00,27.1,7.5,18.4,0.0,0,EDDF
2026-06-26T07:00,29.2,7.3,20.9,0.0,0,EDDF
2026-06-26T08:00,31.5,6.1,20.9,0.0,16,EDDF
2026-06-26T09:00,33.8,4.4,20.2,0.0,1,EDDF
2026-06-26T10:00,35.9,3.2,18.4,0.0,7,EDDF
2026-06-26T11:00,37.4,4.1,20.9,0.0,13,EDDF
2026-06-26T12:00,38.9,5.5,24.8,0.0,54,EDDF
2026-06-26T13:00,38.4,7.1,22.7,0.0,92,EDDF
2026-06-26T14:00,38.5,4.8,23.0,0.0,77,EDDF
2026-06-26T15:00,38.8,7.1,22.0,0.0,69,EDDF
2026-06-26T16:00,38.4,7.9,22.3,0.0,49,EDDF
2026-06-26T17:00,38.0,8.5,22.0,0.0,23,EDDF
2026-06-26T18:00,37.5,5.6,21.2,0.0,33,EDDF
2026-06-26T19:00,34.7,7.4,12.2,0.0,42,EDDF
2026-06-26T20:00,33.0,7.4,13.7,0.0,48,EDDF
2026-06-26T21:00,31.6,4.8,12.6,0.0,27,EDDF
2026-06-26T22:00,30.6,1.8,7.6,0.0,69,EDDF
2026-06-26T23:00,29.3,17.5,34.9,0.0,58,EDDF
2026-06-27T00:00,28.9,3.1,36.7,0.0,46,EDDF
2026-06-27T01:00,27.5,1.1,4.0,0.0,98,EDDF
2026-06-27T02:00,26.3,8.2,13.7,0.0,75,EDDF
2026-06-27T03:00,25.6,3.6,15.5,0.0,9,EDDF
2026-06-27T04:00,24.8,4.8,8.6,0.0,2,EDDF
2026-06-27T05:00,25.9,4.9,11.5,0.0,2,EDDF
2026-06-27T06:00,28.4,1.4,11.5,0.0,20,EDDF
2026-06-27T07:00,31.0,3.4,13.3,0.0,48,EDDF
2026-06-27T08:00,33.2,4.3,16.9,0.0,0,EDDF
2026-06-27T09:00,35.6,3.9,16.9,0.0,0,EDDF
2026-06-27T10:00,37.7,6.2,22.0,0.0,10,EDDF
2026-06-27T11:00,38.7,8.4,25.9,0.0,8,EDDF
2026-06-27T12:00,39.5,8.5,28.4,0.0,76,EDDF
2026-06-27T13:00,39.9,7.4,25.2,0.0,87,EDDF
2026-06-27T14:00,40.0,8.4,24.8,0.0,74,EDDF
2026-06-27T15:00,39.8,8.1,25.2,0.0,68,EDDF
2026-06-27T16:00,39.6,8.9,23.0,0.0,32,EDDF
2026-06-27T17:00,38.9,7.9,23.4,0.0,46,EDDF
2026-06-27T18:00,37.5,7.8,19.8,0.0,66,EDDF
2026-06-27T19:00,34.9,9.0,15.8,0.0,52,EDDF
2026-06-27T20:00,33.3,10.3,18.4,0.0,21,EDDF
2026-06-27T21:00,32.2,8.0,18.4,0.0,6,EDDF
2026-06-27T22:00,31.0,4.2,13.3,0.0,5,EDDF
2026-06-27T23:00,30.5,1.7,6.8,0.0,20,EDDF
2026-06-28T00:00,27.6,6.3,6.5,0.0,97,EDDF
2026-06-28T01:00,26.5,4.1,13.0,0.0,95,EDDF
2026-06-28T02:00,25.7,4.5,7.2,0.0,63,EDDF
2026-06-28T03:00,25.6,5.4,7.9,0.0,28,EDDF
2026-06-28T04:00,26.2,8.6,17.3,0.0,10,EDDF
2026-06-28T05:00,27.2,8.0,15.8,0.0,1,EDDF
2026-06-28T06:00,29.3,1.3,15.1,0.0,0,EDDF
2026-06-28T07:00,31.0,1.6,11.5,0.0,0,EDDF
2026-06-28T08:00,32.6,2.2,13.3,0.0,2,EDDF
2026-06-28T09:00,33.8,5.5,20.5,0.0,5,EDDF
2026-06-28T10:00,35.0,5.3,20.5,0.0,2,EDDF
2026-06-28T11:00,36.2,6.7,27.0,0.0,0,EDDF
2026-06-28T12:00,37.1,8.0,26.3,0.0,25,EDDF
2026-06-28T13:00,37.4,11.2,30.6,0.0,27,EDDF
2026-06-28T14:00,37.4,11.6,32.0,0.0,25,EDDF
2026-06-28T15:00,37.7,8.9,30.6,0.0,13,EDDF
2026-06-28T16:00,37.6,7.8,25.2,0.0,19,EDDF
2026-06-28T17:00,36.8,7.8,22.7,0.0,30,EDDF
2026-06-28T18:00,32.3,8.2,30.2,0.0,46,EDDF
2026-06-28T19:00,30.4,7.4,17.6,0.1,45,EDDF
2026-06-28T20:00,29.0,6.7,14.0,0.2,25,EDDF
2026-06-28T21:00,27.8,10.6,17.3,0.0,57,EDDF
2026-06-28T22:00,27.5,12.6,24.5,0.0,81,EDDF
2026-06-28T23:00,26.9,15.4,30.2,0.0,95,EDDF
2026-06-29T00:00,28.0,15.0,31.7,0.0,79,EDDF
2026-06-29T01:00,26.6,13.9,32.0,0.0,79,EDDF
2026-06-29T02:00,24.1,16.2,33.1,0.1,100,EDDF
2026-06-29T03:00,22.3,16.2,37.8,0.4,35,EDDF
2026-06-29T04:00,21.9,9.1,31.3,0.0,59,EDDF
2026-06-29T05:00,21.4,14.7,30.6,0.7,98,EDDF
2026-06-29T06:00,22.5,4.0,31.3,1.9,93,EDDF
2026-06-29T07:00,22.5,6.3,16.6,0.3,100,EDDF
2026-06-29T08:00,22.4,4.8,16.6,0.8,100,EDDF
2026-06-29T09:00,22.2,7.8,19.4,1.7,100,EDDF
2026-06-29T10:00,23.3,8.5,22.7,0.5,51,EDDF
2026-06-29T11:00,25.9,9.1,26.3,0.1,100,EDDF
2026-06-29T12:00,26.1,10.0,28.1,0.1,50,EDDF
2026-06-29T13:00,26.5,10.9,29.2,0.0,4,EDDF
2026-06-29T14:00,27.3,8.4,28.8,0.0,60,EDDF
2026-06-29T15:00,27.6,9.1,26.3,0.0,75,EDDF
2026-06-29T16:00,27.2,10.3,27.7,0.0,18,EDDF
2026-06-29T17:00,26.8,10.0,25.2,0.0,73,EDDF
2026-06-29T18:00,25.8,11.2,23.8,0.0,92,EDDF
2026-06-29T19:00,24.7,8.0,22.0,0.0,39,EDDF
2026-06-29T20:00,23.6,7.4,15.5,0.0,30,EDDF
2026-06-29T21:00,23.0,7.0,14.0,0.0,88,EDDF
2026-06-29T22:00,22.2,6.6,12.6,0.0,98,EDDF
2026-06-29T23:00,21.7,7.4,13.3,0.0,85,EDDF
2026-06-30T00:00,20.6,10.0,15.1,0.0,5,EDDF
2026-06-30T01:00,20.1,9.2,18.4,0.0,1,EDDF
2026-06-30T02:00,19.5,8.6,17.6,0.0,3,EDDF
2026-06-30T03:00,19.0,8.1,16.6,0.0,6,EDDF
2026-06-30T04:00,18.9,8.1,15.5,0.0,2,EDDF
2026-06-30T05:00,19.9,7.9,16.6,0.0,6,EDDF
2026-06-30T06:00,21.5,8.1,19.8,0.0,33,EDDF
2026-06-30T07:00,22.7,8.7,22.3,0.0,44,EDDF
2026-06-30T08:00,24.3,7.8,22.7,0.0,19,EDDF
2026-06-30T09:00,25.7,7.0,22.3,0.0,20,EDDF
2026-06-30T10:00,26.9,6.2,21.6,0.0,41,EDDF
2026-06-30T11:00,27.9,7.7,23.4,0.0,95,EDDF
2026-06-30T12:00,29.3,8.8,23.8,0.0,36,EDDF
2026-06-30T13:00,29.3,9.9,27.7,0.1,57,EDDF
2026-06-30T14:00,29.2,8.7,27.7,0.0,59,EDDF
2026-06-30T15:00,29.0,9.1,24.5,0.0,48,EDDF
2026-06-30T16:00,29.2,5.4,23.8,0.0,20,EDDF
2026-06-30T17:00,28.7,6.0,16.6,0.0,53,EDDF
2026-06-30T18:00,28.0,8.1,16.2,0.0,63,EDDF
2026-06-30T19:00,26.9,9.0,17.6,0.0,80,EDDF
2026-06-30T20:00,24.9,8.3,18.0,0.0,76,EDDF
2026-06-30T21:00,23.7,5.8,15.5,0.0,61,EDDF
2026-06-30T22:00,23.2,11.2,21.2,0.0,76,EDDF
2026-06-30T23:00,22.6,12.7,24.1,0.0,97,EDDF
2026-07-01T00:00,19.6,6.3,33.5,0.0,100,EDDF
2026-07-01T01:00,19.0,11.7,21.6,3.9,100,EDDF
2026-07-01T02:00,18.3,13.2,23.8,0.6,100,EDDF
2026-07-01T03:00,17.9,12.2,23.4,0.2,77,EDDF
2026-07-01T04:00,17.7,9.7,21.6,0.1,93,EDDF
2026-07-01T05:00,18.3,4.5,16.6,0.0,63,EDDF
2026-07-01T06:00,19.4,3.2,13.3,0.0,92,EDDF
2026-07-01T07:00,20.5,8.3,20.2,0.0,11,EDDF
2026-07-01T08:00,22.2,10.4,26.3,0.0,38,EDDF
2026-07-01T09:00,23.3,9.9,26.6,0.0,43,EDDF
2026-07-01T10:00,24.4,9.5,28.1,0.1,45,EDDF
2026-07-01T11:00,25.2,8.1,26.3,0.0,23,EDDF
2026-07-01T12:00,26.3,2.2,23.0,0.0,29,EDDF
2026-07-01T13:00,26.7,6.9,20.2,0.0,17,EDDF
2026-07-01T14:00,26.9,12.3,30.6,0.0,20,EDDF
2026-07-01T15:00,26.4,12.4,31.3,0.0,12,EDDF
2026-07-01T16:00,26.0,12.2,30.6,0.0,9,EDDF
2026-07-01T17:00,25.2,13.1,29.9,0.0,5,EDDF
2026-07-01T18:00,25.0,14.2,29.9,0.0,2,EDDF
2026-07-01T19:00,23.6,10.6,29.5,0.0,2,EDDF
2026-07-01T20:00,21.5,7.9,21.2,0.0,1,EDDF
2026-07-01T21:00,20.1,5.7,14.4,0.0,1,EDDF
2026-07-01T22:00,19.5,7.8,13.3,0.0,0,EDDF
2026-07-01T23:00,19.0,7.3,13.7,0.0,1,EDDF
2026-07-02T00:00,17.9,4.0,12.6,0.0,9,EDDF
2026-07-02T01:00,17.1,3.5,5.8,0.0,1,EDDF
2026-07-02T02:00,16.4,2.0,5.0,0.0,0,EDDF
2026-07-02T03:00,15.8,0.6,3.2,0.0,0,EDDF
2026-07-02T04:00,15.6,0.4,1.8,0.0,0,EDDF
2026-07-02T05:00,16.9,3.8,9.0,0.0,0,EDDF
2026-07-02T06:00,18.5,2.1,11.5,0.0,0,EDDF
2026-07-02T07:00,20.9,3.0,12.2,0.0,0,EDDF
2026-07-02T08:00,22.8,6.7,19.4,0.0,0,EDDF
2026-07-02T09:00,24.3,11.2,28.4,0.0,1,EDDF
2026-07-02T10:00,25.5,13.6,33.5,0.0,27,EDDF
2026-07-02T11:00,26.9,14.9,35.6,0.0,34,EDDF
2026-07-02T12:00,27.9,16.5,39.6,0.0,44,EDDF
2026-07-02T13:00,29.2,16.1,38.2,0.0,70,EDDF
2026-07-02T14:00,29.0,18.5,41.8,0.0,100,EDDF
2026-07-02T15:00,28.6,16.2,41.8,0.0,100,EDDF
2026-07-02T16:00,27.7,18.3,39.2,0.0,100,EDDF
2026-07-02T17:00,23.5,17.3,48.2,0.0,9,EDDF
2026-07-02T18:00,23.3,15.0,35.6,0.0,26,EDDF
2026-07-02T19:00,22.2,15.3,32.4,0.0,38,EDDF
2026-07-02T20:00,21.1,9.4,31.7,0.0,27,EDDF
2026-07-02T21:00,20.0,9.4,18.7,0.0,8,EDDF
2026-07-02T22:00,19.2,9.8,19.1,0.0,13,EDDF
2026-07-02T23:00,18.5,8.3,19.4,0.0,5,EDDF
2026-07-03T00:00,17.5,7.7,16.2,0.0,0,EDDF
2026-07-03T01:00,16.6,8.9,15.8,0.0,0,EDDF
2026-07-03T02:00,15.6,6.5,15.8,0.0,0,EDDF
2026-07-03T03:00,14.8,6.1,11.5,0.0,0,EDDF
2026-07-03T04:00,14.4,7.4,13.0,0.0,0,EDDF
2026-07-03T05:00,15.7,6.1,13.7,0.0,0,EDDF
2026-07-03T06:00,17.1,6.4,18.0,0.0,0,EDDF
2026-07-03T07:00,18.5,7.7,21.6,0.0,8,EDDF
2026-07-03T08:00,19.7,8.2,23.8,0.0,13,EDDF
2026-07-03T09:00,20.8,8.2,24.8,0.0,16,EDDF
2026-07-03T10:00,22.0,8.7,26.6,0.0,16,EDDF
2026-07-03T11:00,23.1,8.8,27.0,0.0,24,EDDF
2026-07-03T12:00,24.5,7.2,28.8,0.0,13,EDDF
2026-07-03T13:00,24.6,8.9,26.6,0.0,13,EDDF
2026-07-03T14:00,25.1,10.0,28.1,0.0,16,EDDF
2026-07-03T15:00,25.2,10.7,29.2,0.0,31,EDDF
2026-07-03T16:00,25.0,10.7,28.4,0.0,38,EDDF
2026-07-03T17:00,24.5,12.0,28.4,0.0,26,EDDF
2026-07-03T18:00,23.8,10.9,28.8,0.0,27,EDDF
2026-07-03T19:00,22.4,11.1,24.5,0.0,95,EDDF
2026-07-03T20:00,20.9,10.2,22.3,0.0,95,EDDF
2026-07-03T21:00,19.7,5.4,19.4,0.0,95,EDDF
2026-07-03T22:00,19.5,0.9,8.6,0.0,95,EDDF
2026-07-03T23:00,18.7,2.5,4.0,0.0,37,EDDF
2026-07-04T00:00,16.6,4.9,11.9,0.0,9,EDDF
2026-07-04T01:00,16.0,3.8,7.9,0.0,0,EDDF
2026-07-04T02:00,15.4,1.2,5.4,0.0,0,EDDF
2026-07-04T03:00,14.5,1.9,3.2,0.0,7,EDDF
2026-07-04T04:00,14.1,4.7,7.2,0.0,1,EDDF
2026-07-04T05:00,15.3,4.7,10.8,0.0,2,EDDF
2026-07-04T06:00,16.9,4.0,14.4,0.0,5,EDDF
2026-07-04T07:00,18.4,4.9,16.9,0.0,3,EDDF
2026-07-04T08:00,20.1,4.6,18.0,0.0,4,EDDF
2026-07-04T09:00,21.8,5.3,20.2,0.0,0,EDDF
2026-07-04T10:00,23.4,6.0,22.0,0.0,0,EDDF
2026-07-04T11:00,24.7,7.4,24.5,0.0,1,EDDF
2026-07-04T12:00,27.1,11.2,31.7,0.0,83,EDDF
2026-07-04T13:00,26.2,13.2,33.5,0.0,88,EDDF
2026-07-04T14:00,27.4,10.0,33.1,0.0,100,EDDF
2026-07-04T15:00,28.0,14.8,33.5,0.0,74,EDDF
2026-07-04T16:00,27.5,19.4,42.8,0.0,27,EDDF
2026-07-04T17:00,28.0,14.5,42.8,0.0,67,EDDF
2026-07-04T18:00,27.3,9.4,30.6,0.0,29,EDDF
2026-07-04T19:00,25.5,12.0,24.8,0.0,4,EDDF
2026-07-04T20:00,23.6,8.9,24.5,0.0,20,EDDF
2026-07-04T21:00,22.8,8.5,19.8,0.0,27,EDDF
2026-07-04T22:00,21.5,6.4,14.8,0.0,69,EDDF
2026-07-04T23:00,20.9,7.5,14.0,0.0,62,EDDF
2026-07-05T00:00,20.2,5.0,13.7,0.0,58,EDDF
2026-07-05T01:00,20.0,7.7,13.3,0.0,53,EDDF
2026-07-05T02:00,19.5,8.5,15.1,0.0,49,EDDF
2026-07-05T03:00,18.9,9.0,16.2,0.0,22,EDDF
2026-07-05T04:00,18.8,9.7,18.0,0.0,25,EDDF
2026-07-05T05:00,19.5,6.8,18.7,0.0,81,EDDF
2026-07-05T06:00,20.9,9.0,19.4,0.0,45,EDDF
2026-07-05T07:00,22.0,9.0,27.4,0.0,47,EDDF
2026-07-05T08:00,22.8,11.7,32.4,0.0,95,EDDF
2026-07-05T09:00,19.7,12.8,33.1,1.8,84,EDDF
2026-07-05T10:00,23.4,9.7,29.9,0.6,18,EDDF
2026-07-05T11:00,25.6,11.8,31.0,0.1,68,EDDF
2026-07-05T12:00,25.8,11.6,31.3,0.0,82,EDDF
2026-07-05T13:00,25.4,13.4,32.8,0.0,99,EDDF
2026-07-05T14:00,25.6,12.4,32.8,0.0,99,EDDF
2026-07-05T15:00,25.3,14.8,36.0,0.0,97,EDDF
2026-07-05T16:00,24.2,16.4,35.6,0.2,51,EDDF
2026-07-05T17:00,23.3,14.1,36.4,0.0,41,EDDF
2026-07-05T18:00,22.5,11.2,30.6,0.0,38,EDDF
2026-07-05T19:00,21.6,10.0,23.4,0.0,52,EDDF
2026-07-05T20:00,20.4,8.9,20.5,0.0,69,EDDF
2026-07-05T21:00,19.5,7.6,16.9,0.0,62,EDDF
2026-07-05T22:00,18.6,7.3,14.4,0.0,66,EDDF
2026-07-05T23:00,18.1,6.7,13.0,0.0,65,EDDF
2026-07-06T00:00,18.1,6.7,12.2,0.0,57,EDDF
2026-07-06T01:00,17.4,6.0,11.5,0.0,52,EDDF
2026-07-06T02:00,17.4,6.8,12.2,0.0,63,EDDF
2026-07-06T03:00,16.9,7.0,12.6,0.0,61,EDDF
2026-07-06T04:00,16.9,7.8,13.7,0.0,100,EDDF
2026-07-06T05:00,17.9,7.6,15.1,0.0,99,EDDF
2026-07-06T06:00,17.9,7.5,16.6,0.0,100,EDDF
2026-07-06T07:00,19.3,8.9,19.8,0.0,91,EDDF
2026-07-06T08:00,21.4,13.2,30.6,0.0,92,EDDF
2026-07-06T09:00,22.7,13.0,31.0,0.0,99,EDDF
2026-07-06T10:00,23.5,13.1,31.0,0.0,76,EDDF
2026-07-06T11:00,25.6,13.6,37.8,0.0,89,EDDF
2026-07-06T12:00,26.4,14.3,39.6,0.0,84,EDDF
2026-07-06T13:00,26.9,16.3,36.0,0.0,91,EDDF
2026-07-06T14:00,27.8,17.4,38.5,0.0,63,EDDF
2026-07-06T15:00,29.0,14.7,40.7,0.0,34,EDDF
2026-07-06T16:00,29.1,19.2,41.8,0.0,74,EDDF
2026-07-06T17:00,28.5,14.0,42.1,0.0,85,EDDF
2026-07-06T18:00,27.5,10.7,28.8,0.0,25,EDDF
2026-07-06T19:00,25.5,5.2,19.1,0.0,13,EDDF
2026-07-06T20:00,24.1,3.2,7.2,0.0,6,EDDF
2026-07-06T21:00,22.8,2.8,4.3,0.0,13,EDDF
2026-07-06T22:00,21.5,4.6,6.1,0.0,2,EDDF
2026-07-06T23:00,20.6,7.8,13.0,0.0,3,EDDF
2026-07-07T00:00,19.7,8.9,17.6,0.0,45,EDDF
2026-07-07T01:00,19.2,9.0,15.8,0.0,67,EDDF
2026-07-07T02:00,18.8,9.9,17.6,0.0,92,EDDF
2026-07-07T03:00,18.8,10.4,19.4,0.0,96,EDDF
2026-07-07T04:00,18.7,9.7,19.4,0.0,98,EDDF
2026-07-07T05:00,19.6,10.7,19.8,0.0,95,EDDF
2026-07-07T06:00,20.3,11.6,23.0,0.0,100,EDDF
2026-07-07T07:00,21.4,9.9,22.0,0.0,100,EDDF
2026-07-07T08:00,22.5,8.0,19.8,0.0,98,EDDF
2026-07-07T09:00,25.6,13.1,28.8,0.0,93,EDDF
2026-07-07T10:00,27.5,17.4,38.2,0.0,99,EDDF
2026-07-07T11:00,28.8,19.0,41.4,0.0,95,EDDF
2026-07-07T12:00,29.8,19.7,48.2,0.0,88,EDDF
2026-07-07T13:00,30.7,21.9,49.0,0.0,96,EDDF
2026-07-07T14:00,31.1,22.2,49.0,0.0,100,EDDF
2026-07-07T15:00,30.4,21.3,48.6,0.0,85,EDDF
2026-07-07T16:00,30.4,21.5,48.2,0.0,73,EDDF
2026-07-07T17:00,29.0,18.9,45.7,0.0,91,EDDF
2026-07-07T18:00,27.7,15.3,39.2,0.0,84,EDDF
2026-07-07T19:00,27.1,13.9,29.9,0.0,88,EDDF
2026-07-07T20:00,26.0,11.4,28.4,0.0,96,EDDF
2026-07-07T21:00,25.3,12.6,25.6,0.0,100,EDDF
2026-07-07T22:00,24.2,14.9,31.0,0.0,98,EDDF
2026-07-07T23:00,22.9,13.5,31.0,0.0,99,EDDF
2026-07-08T00:00,22.5,13.1,28.4,0.0,100,EDDF
2026-07-08T01:00,21.7,11.6,25.9,0.0,100,EDDF
2026-07-08T02:00,21.0,11.8,23.8,0.0,98,EDDF
2026-07-08T03:00,20.4,10.8,23.8,0.0,98,EDDF
2026-07-08T04:00,20.0,9.2,22.0,0.0,98,EDDF
2026-07-08T05:00,19.9,8.5,18.7,0.0,91,EDDF
2026-07-08T06:00,19.6,8.8,19.8,0.0,91,EDDF
2026-07-08T07:00,21.1,10.8,24.1,0.0,97,EDDF
2026-07-08T08:00,21.5,13.4,29.2,0.0,97,EDDF
2026-07-08T09:00,23.0,15.3,35.3,0.0,100,EDDF
2026-07-08T10:00,23.9,14.7,35.6,0.0,100,EDDF
2026-07-08T11:00,23.7,13.7,35.3,0.0,100,EDDF
2026-07-08T12:00,23.7,12.0,33.5,0.0,88,EDDF
2026-07-08T13:00,25.1,13.3,33.1,0.0,84,EDDF
2026-07-08T14:00,24.7,13.1,33.1,0.0,80,EDDF
2026-07-08T15:00,25.1,13.0,32.4,0.0,89,EDDF
2026-07-08T16:00,25.3,14.3,33.5,0.0,66,EDDF
2026-07-08T17:00,24.6,13.7,33.5,0.0,23,EDDF
2026-07-08T18:00,23.8,11.6,30.6,0.0,7,EDDF
2026-07-08T19:00,22.5,9.8,24.8,0.0,6,EDDF
2026-07-08T20:00,21.2,8.1,19.8,0.0,9,EDDF
2026-07-08T21:00,20.4,8.1,15.5,0.0,9,EDDF
2026-07-08T22:00,19.6,6.9,15.1,0.0,5,EDDF
2026-07-08T23:00,18.8,5.9,12.6,0.0,2,EDDF
2026-07-09T00:00,17.8,4.0,10.1,0.0,2,EDDF
2026-07-09T01:00,17.2,3.8,6.5,0.0,0,EDDF
2026-07-09T02:00,16.7,1.7,6.1,0.0,1,EDDF
2026-07-09T03:00,16.2,0.8,2.9,0.0,5,EDDF
2026-07-09T04:00,16.2,0.4,1.4,0.0,16,EDDF
2026-07-09T05:00,17.4,1.6,6.1,0.0,21,EDDF
2026-07-09T06:00,19.0,1.4,9.0,0.0,13,EDDF
2026-07-09T07:00,20.6,3.9,14.4,0.0,30,EDDF
2026-07-09T08:00,21.9,5.6,18.0,0.0,98,EDDF
2026-07-09T09:00,22.8,5.8,18.4,0.0,95,EDDF
2026-07-09T10:00,24.1,6.5,20.2,0.0,83,EDDF
2026-07-09T11:00,25.4,7.3,22.3,0.0,53,EDDF
2026-07-09T12:00,26.1,6.3,23.0,0.0,7,EDDF
2026-07-09T13:00,26.5,5.7,20.5,0.0,2,EDDF
2026-07-09T14:00,27.1,5.9,20.2,0.0,2,EDDF
2026-07-09T15:00,27.3,7.4,21.6,0.0,8,EDDF
2026-07-09T16:00,27.1,8.5,23.4,0.0,9,EDDF
2026-07-09T17:00,26.7,7.8,23.0,0.0,9,EDDF
2026-07-09T18:00,26.6,7.1,19.8,0.0,2,EDDF
2026-07-09T19:00,24.8,5.8,14.0,0.0,2,EDDF
2026-07-09T20:00,23.4,15.9,29.9,0.0,0,EDDF
2026-07-09T21:00,21.6,13.6,34.6,0.0,1,EDDF
2026-07-09T22:00,20.5,12.1,27.7,0.0,0,EDDF
2026-07-09T23:00,19.3,9.9,24.1,0.0,0,EDDF
2026-07-10T00:00,17.9,10.6,19.4,0.0,2,EDDF
2026-07-10T01:00,17.1,9.4,19.4,0.0,6,EDDF
2026-07-10T02:00,16.5,9.3,18.0,0.0,12,EDDF
2026-07-10T03:00,15.8,9.4,18.4,0.0,11,EDDF
2026-07-10T04:00,15.5,9.5,18.0,0.0,10,EDDF
2026-07-10T05:00,16.5,8.0,18.7,0.0,5,EDDF
2026-07-10T06:00,18.4,8.4,19.8,0.0,6,EDDF
2026-07-10T07:00,20.2,8.8,23.0,0.0,18,EDDF
2026-07-10T08:00,21.9,8.4,23.8,0.0,28,EDDF
2026-07-10T09:00,23.5,8.7,24.8,0.0,48,EDDF
2026-07-10T10:00,25.0,8.8,25.9,0.0,25,EDDF
2026-07-10T11:00,26.4,9.0,26.3,0.0,43,EDDF
2026-07-10T12:00,28.5,8.5,27.0,0.0,30,EDDF
2026-07-10T13:00,28.9,9.6,27.0,0.0,44,EDDF
2026-07-10T14:00,29.4,11.0,29.2,0.0,74,EDDF
2026-07-10T15:00,29.5,11.7,29.5,0.0,100,EDDF
2026-07-10T16:00,29.4,12.8,30.6,0.0,91,EDDF
2026-07-10T17:00,28.9,13.8,31.0,0.0,0,EDDF
2026-07-10T18:00,28.2,13.4,31.3,0.0,0,EDDF
2026-07-10T19:00,26.4,12.7,27.4,0.0,0,EDDF
2026-07-10T20:00,24.6,12.8,25.2,0.0,0,EDDF
2026-07-10T21:00,23.4,12.4,25.2,0.0,0,EDDF
2026-07-10T22:00,22.2,12.1,23.8,0.0,0,EDDF
2026-07-10T23:00,21.2,12.0,24.1,0.0,0,EDDF
2026-07-11T00:00,20.1,12.2,23.4,0.0,0,EDDF
2026-07-11T01:00,19.3,10.5,22.7,0.0,0,EDDF
2026-07-11T02:00,18.7,11.1,21.2,0.0,0,EDDF
2026-07-11T03:00,18.2,11.1,21.6,0.0,0,EDDF
2026-07-11T04:00,17.8,10.8,21.2,0.0,0,EDDF
2026-07-11T05:00,18.6,10.1,22.7,0.0,0,EDDF
2026-07-11T06:00,20.4,10.1,23.4,0.0,0,EDDF
2026-07-11T07:00,22.5,10.1,25.2,0.0,0,EDDF
2026-07-11T08:00,24.7,10.3,27.0,0.0,0,EDDF
2026-07-11T09:00,26.4,11.3,29.9,0.0,0,EDDF
2026-07-11T10:00,27.7,11.1,30.2,0.0,0,EDDF
2026-07-11T11:00,28.6,10.7,30.6,0.0,0,EDDF
2026-07-11T12:00,30.1,11.2,30.6,0.0,0,EDDF
2026-07-11T13:00,30.2,11.8,31.7,0.0,0,EDDF
2026-07-11T14:00,30.6,12.1,31.7,0.0,0,EDDF
2026-07-11T15:00,30.7,14.4,34.9,0.0,0,EDDF
2026-07-11T16:00,30.3,16.3,37.8,0.0,0,EDDF
2026-07-11T17:00,29.4,16.9,37.8,0.0,0,EDDF
2026-07-11T18:00,28.9,14.1,37.4,0.0,0,EDDF
2026-07-11T19:00,27.0,13.5,29.5,0.0,0,EDDF
2026-07-11T20:00,25.4,12.9,27.0,0.0,0,EDDF
2026-07-11T21:00,24.4,15.0,29.2,0.0,0,EDDF
2026-07-11T22:00,23.5,15.0,32.0,0.0,0,EDDF
2026-07-11T23:00,22.2,9.9,29.5,0.0,0,EDDF
2026-07-12T00:00,20.4,8.4,18.4,0.0,0,EDDF
2026-07-12T01:00,19.6,9.1,16.2,0.0,0,EDDF
2026-07-12T02:00,19.0,9.1,16.9,0.0,0,EDDF
2026-07-12T03:00,18.5,8.7,16.6,0.0,0,EDDF
2026-07-12T04:00,18.2,10.1,18.0,0.0,0,EDDF
2026-07-12T05:00,19.5,9.8,20.2,0.0,0,EDDF
2026-07-12T06:00,21.3,8.4,21.6,0.0,0,EDDF
2026-07-12T07:00,23.3,8.4,22.0,0.0,0,EDDF
2026-07-12T08:00,25.5,8.7,24.5,0.0,0,EDDF
2026-07-12T09:00,27.2,10.0,27.7,0.0,0,EDDF
2026-07-12T10:00,28.6,10.3,29.2,0.0,0,EDDF
2026-07-12T11:00,29.8,10.7,29.9,0.0,0,EDDF
2026-07-12T12:00,31.4,10.8,32.4,0.0,1,EDDF
2026-07-12T13:00,31.3,12.8,33.8,0.0,4,EDDF
2026-07-12T14:00,31.5,14.5,36.4,0.0,2,EDDF
2026-07-12T15:00,31.4,14.8,37.1,0.0,1,EDDF
2026-07-12T16:00,31.5,12.1,36.0,0.0,5,EDDF
2026-07-12T17:00,31.0,12.6,29.9,0.0,41,EDDF
2026-07-12T18:00,30.0,12.7,31.0,0.0,5,EDDF
2026-07-12T19:00,28.1,11.1,27.7,0.0,2,EDDF
2026-07-12T20:00,26.4,9.0,21.2,0.0,2,EDDF
2026-07-12T21:00,25.2,10.5,18.7,0.0,3,EDDF
2026-07-12T22:00,24.4,10.7,19.8,0.0,2,EDDF
2026-07-12T23:00,23.5,10.8,19.8,0.0,2,EDDF
2026-07-13T00:00,22.6,11.2,21.6,0.0,3,EDDF
2026-07-13T01:00,21.5,10.0,20.5,0.0,9,EDDF
2026-07-13T02:00,20.8,10.7,20.2,0.0,26,EDDF
2026-07-13T03:00,20.4,11.1,21.2,0.0,33,EDDF
2026-07-13T04:00,20.1,11.0,21.2,0.0,42,EDDF
2026-07-13T05:00,21.0,10.6,21.2,0.0,39,EDDF
2026-07-13T06:00,22.7,10.7,22.7,0.0,60,EDDF
2026-07-13T07:00,24.7,10.1,24.5,0.0,41,EDDF
2026-07-13T08:00,26.8,9.5,24.8,0.0,28,EDDF
2026-07-13T09:00,28.8,9.9,26.6,0.0,63,EDDF
2026-07-13T10:00,30.4,10.8,28.8,0.0,86,EDDF
2026-07-13T11:00,31.4,10.4,28.8,0.0,99,EDDF
2026-07-13T12:00,33.3,10.0,28.4,0.0,100,EDDF
2026-07-13T13:00,33.2,10.0,28.8,0.0,98,EDDF
2026-07-13T14:00,33.3,10.9,29.2,0.0,82,EDDF
2026-07-13T15:00,33.3,10.9,29.2,0.0,70,EDDF
2026-07-13T16:00,33.4,9.6,28.1,0.0,96,EDDF
2026-07-13T17:00,32.9,7.3,24.8,0.0,98,EDDF
2026-07-13T18:00,32.1,2.6,18.0,0.0,97,EDDF
2026-07-13T19:00,29.8,6.0,9.7,0.0,21,EDDF
2026-07-13T20:00,27.8,11.9,21.2,0.0,65,EDDF
2026-07-13T21:00,26.8,12.4,24.5,0.0,30,EDDF
2026-07-13T22:00,25.6,11.1,23.8,0.0,23,EDDF
2026-07-13T23:00,25.0,11.0,20.9,0.0,39,EDDF
2026-07-14T00:00,24.3,9.3,21.6,0.0,13,EDDF
2026-07-14T01:00,23.5,10.7,19.4,0.0,20,EDDF
2026-07-14T02:00,23.4,15.5,29.2,0.0,9,EDDF
2026-07-14T03:00,22.6,15.8,32.4,0.0,8,EDDF
2026-07-14T04:00,21.7,16.1,33.1,0.0,16,EDDF
2026-07-14T05:00,21.4,14.9,32.8,0.0,91,EDDF
2026-07-14T06:00,22.2,14.0,31.7,0.0,52,EDDF
2026-07-14T07:00,24.2,12.9,31.3,0.0,24,EDDF
2026-07-14T08:00,26.5,10.6,30.6,0.0,22,EDDF
2026-07-14T09:00,28.3,9.0,27.7,0.0,7,EDDF
2026-07-14T10:00,29.9,8.8,26.6,0.0,32,EDDF
2026-07-14T11:00,31.0,8.9,29.2,0.0,92,EDDF
2026-07-14T12:00,30.8,8.8,27.7,0.0,84,EDDF
2026-07-14T13:00,31.7,9.0,27.4,0.0,55,EDDF
2026-07-14T14:00,32.3,5.9,27.0,0.0,88,EDDF
2026-07-14T15:00,30.9,13.2,32.0,0.0,95,EDDF
2026-07-14T16:00,30.0,10.7,32.4,0.1,80,EDDF
2026-07-14T17:00,27.6,16.8,35.6,0.5,62,EDDF
2026-07-14T18:00,28.5,12.2,37.8,0.2,66,EDDF
2026-07-14T19:00,26.9,12.1,26.3,0.0,21,EDDF
2026-07-14T20:00,25.3,8.0,23.8,0.0,41,EDDF
2026-07-14T21:00,24.3,10.4,19.1,0.0,27,EDDF
2026-07-14T22:00,23.4,12.2,26.6,0.0,3,EDDF
2026-07-14T23:00,21.9,10.1,24.1,0.0,16,EDDF
2026-07-15T00:00,21.2,9.4,24.8,0.0,32,EDDF
2026-07-15T01:00,20.8,11.0,20.9,0.0,86,EDDF
2026-07-15T02:00,20.4,11.9,23.8,0.0,74,EDDF
2026-07-15T03:00,19.9,12.0,23.8,0.0,38,EDDF
2026-07-15T04:00,19.4,13.8,28.8,0.0,16,EDDF
2026-07-15T05:00,19.5,8.5,28.4,0.0,20,EDDF
2026-07-15T06:00,20.5,11.0,27.4,0.0,17,EDDF
2026-07-15T07:00,22.1,12.7,30.6,0.0,52,EDDF
2026-07-15T08:00,23.7,12.9,31.7,0.0,88,EDDF
2026-07-15T09:00,25.4,12.1,32.0,0.0,95,EDDF
2026-07-15T10:00,27.1,11.6,31.3,0.0,98,EDDF
2026-07-15T11:00,28.2,10.3,31.0,0.0,98,EDDF
2026-07-15T12:00,28.5,8.5,28.8,0.0,95,EDDF
2026-07-15T13:00,29.2,9.0,27.7,0.0,23,EDDF
2026-07-15T14:00,29.5,11.4,29.5,0.0,41,EDDF
2026-07-15T15:00,28.0,15.1,38.2,0.1,20,EDDF
2026-07-15T16:00,28.0,10.7,36.7,0.0,44,EDDF
2026-07-15T17:00,27.8,11.2,27.4,0.0,30,EDDF
2026-07-15T18:00,27.6,11.0,28.1,0.0,16,EDDF
2026-07-15T19:00,26.2,12.1,27.7,0.0,9,EDDF
2026-07-15T20:00,25.0,12.8,24.5,0.0,5,EDDF
2026-07-15T21:00,24.3,13.2,25.9,0.0,9,EDDF
2026-07-15T22:00,23.2,10.0,25.6,0.0,9,EDDF
2026-07-15T23:00,21.9,8.6,18.7,0.0,2,EDDF
2026-07-16T00:00,21.5,7.7,15.8,0.0,23,EDDF
2026-07-16T01:00,20.6,9.6,17.3,0.0,24,EDDF
2026-07-16T02:00,20.3,9.9,19.1,0.0,26,EDDF
2026-07-16T03:00,19.7,9.1,18.7,0.0,19,EDDF
2026-07-16T04:00,19.1,10.8,20.5,0.0,10,EDDF
2026-07-16T05:00,19.6,8.3,20.5,0.0,1,EDDF
2026-07-16T06:00,21.0,7.0,17.3,0.0,19,EDDF
2026-07-16T07:00,23.1,5.9,18.4,0.0,16,EDDF
2026-07-16T08:00,25.1,4.8,18.4,0.0,10,EDDF
2026-07-16T09:00,26.9,3.9,18.0,0.0,12,EDDF
2026-07-16T10:00,28.3,4.0,19.4,0.0,16,EDDF
2026-07-16T11:00,29.4,2.7,19.4,0.0,23,EDDF
2026-07-16T12:00,31.5,5.3,16.9,0.0,40,EDDF
2026-07-16T13:00,31.3,5.3,20.9,0.0,38,EDDF
2026-07-16T14:00,32.0,5.5,20.9,0.0,16,EDDF
2026-07-16T15:00,32.2,6.2,21.6,0.0,36,EDDF
2026-07-16T16:00,31.7,5.0,21.2,0.0,74,EDDF
2026-07-16T17:00,31.1,4.9,16.9,0.0,66,EDDF
2026-07-16T18:00,30.2,7.4,15.1,0.0,84,EDDF
2026-07-16T19:00,27.9,9.2,18.0,0.0,84,EDDF
2026-07-16T20:00,25.9,6.3,19.4,0.0,97,EDDF
2026-07-16T21:00,25.4,2.3,11.2,0.0,96,EDDF
2026-07-16T22:00,24.6,10.1,17.3,0.0,98,EDDF
2026-07-16T23:00,23.6,9.3,22.7,0.0,24,EDDF
2026-07-17T00:00,21.5,12.2,17.6,0.0,77,EDDF
2026-07-17T01:00,20.8,8.6,24.8,0.0,88,EDDF
2026-07-17T02:00,20.1,6.6,16.2,0.0,82,EDDF
2026-07-17T03:00,19.7,5.4,11.9,0.0,89,EDDF
2026-07-17T04:00,19.6,9.2,17.6,0.0,88,EDDF
2026-07-17T05:00,20.4,7.0,17.6,0.0,99,EDDF
2026-07-17T06:00,20.7,5.6,20.5,0.0,19,EDDF
2026-07-17T07:00,22.2,3.3,14.0,0.1,75,EDDF
2026-07-17T08:00,22.5,0.9,20.2,0.9,84,EDDF
2026-07-17T09:00,23.4,3.0,13.7,0.1,87,EDDF
2026-07-17T10:00,24.8,6.4,20.5,0.0,27,EDDF
2026-07-17T11:00,26.7,8.4,26.6,0.0,19,EDDF
2026-07-17T12:00,25.3,11.6,30.6,0.0,99,EDDF
2026-07-17T13:00,22.8,7.2,35.6,2.0,95,EDDF
2026-07-17T14:00,24.3,6.8,26.3,0.1,45,EDDF
2026-07-17T15:00,25.9,6.3,24.8,0.0,99,EDDF
2026-07-17T16:00,25.6,9.2,24.5,0.0,99,EDDF
2026-07-17T17:00,23.5,9.2,26.6,0.3,97,EDDF
2026-07-17T18:00,20.8,9.9,20.2,0.0,82,EDDF
2026-07-17T19:00,20.5,12.2,23.0,0.2,99,EDDF
2026-07-17T20:00,20.3,10.2,26.3,0.0,98,EDDF
2026-07-17T21:00,20.0,9.4,19.1,0.0,93,EDDF
2026-07-17T22:00,19.5,9.3,19.8,0.0,71,EDDF
2026-07-17T23:00,19.1,9.5,18.7,0.0,48,EDDF
2026-07-18T00:00,19.4,9.5,18.0,0.0,13,EDDF
2026-07-18T01:00,18.5,7.5,18.0,0.0,2,EDDF
2026-07-18T02:00,18.0,6.5,13.7,0.0,1,EDDF
2026-07-18T03:00,17.6,6.3,11.2,0.0,1,EDDF
2026-07-18T04:00,17.2,7.2,12.2,0.0,0,EDDF
2026-07-18T05:00,18.3,9.2,19.1,0.0,1,EDDF
2026-07-18T06:00,19.6,8.3,20.2,0.0,0,EDDF
2026-07-18T07:00,20.8,8.2,22.3,0.0,12,EDDF
2026-07-18T08:00,22.0,8.4,24.1,0.0,15,EDDF
2026-07-18T09:00,23.2,9.2,26.3,0.0,13,EDDF
2026-07-18T10:00,24.4,9.9,29.2,0.0,13,EDDF
2026-07-18T11:00,25.6,8.8,29.2,0.0,8,EDDF
2026-07-18T12:00,26.4,7.4,27.4,0.0,15,EDDF
2026-07-18T13:00,26.6,8.1,24.8,0.0,24,EDDF
2026-07-18T14:00,26.7,8.7,26.6,0.0,30,EDDF
2026-07-18T15:00,26.7,7.5,25.6,0.1,36,EDDF
2026-07-18T16:00,26.6,8.9,22.3,0.1,80,EDDF
2026-07-18T17:00,21.9,11.5,32.8,0.8,13,EDDF
2026-07-18T18:00,23.1,5.0,25.2,0.0,83,EDDF
2026-07-18T19:00,21.1,6.9,11.9,0.7,22,EDDF
2026-07-18T20:00,20.1,1.4,14.4,0.2,57,EDDF
2026-07-18T21:00,18.7,4.6,10.1,0.4,64,EDDF
2026-07-18T22:00,18.2,4.4,8.3,0.1,31,EDDF
2026-07-18T23:00,17.5,8.2,13.3,0.0,100,EDDF
2026-07-19T00:00,19.2,11.9,19.4,0.0,100,EDDF
2026-07-19T01:00,18.8,10.1,23.4,0.0,100,EDDF
2026-07-19T02:00,18.4,9.7,20.9,0.0,98,EDDF
2026-07-19T03:00,17.1,10.6,22.3,0.0,27,EDDF
2026-07-19T04:00,16.0,9.0,22.3,0.0,34,EDDF
2026-07-19T05:00,16.0,8.3,18.4,0.0,38,EDDF
2026-07-19T06:00,17.1,8.5,22.7,0.0,40,EDDF
2026-07-19T07:00,17.8,8.4,22.3,0.0,23,EDDF
2026-07-19T08:00,18.9,9.7,26.3,0.0,11,EDDF
2026-07-19T09:00,20.2,11.1,29.5,0.0,13,EDDF
2026-07-19T10:00,21.5,12.3,32.4,0.0,36,EDDF
2026-07-19T11:00,21.9,14.6,36.0,0.0,98,EDDF
2026-07-19T12:00,21.3,15.0,37.8,0.0,98,EDDF
2026-07-19T13:00,21.5,15.2,36.7,0.0,100,EDDF
2026-07-19T14:00,21.9,13.2,36.4,0.0,63,EDDF
2026-07-19T15:00,22.6,13.7,32.4,0.0,57,EDDF
2026-07-19T16:00,22.2,13.4,32.8,0.0,33,EDDF
2026-07-19T17:00,21.9,13.5,32.0,0.0,22,EDDF
2026-07-19T18:00,21.4,9.4,31.0,0.0,17,EDDF
2026-07-19T19:00,19.7,3.8,19.4,0.0,30,EDDF
2026-07-19T20:00,18.5,2.3,6.5,0.0,50,EDDF
2026-07-19T21:00,18.5,6.2,10.8,0.0,100,EDDF
2026-07-19T22:00,17.6,4.7,12.2,0.0,37,EDDF
2026-07-19T23:00,16.3,9.4,15.5,0.0,0,EDDF
2026-07-20T00:00,15.4,10.3,20.2,0.0,1,EDDF
2026-07-20T01:00,14.1,6.5,18.7,0.0,5,EDDF
2026-07-20T02:00,13.6,4.2,11.2,0.0,13,EDDF
2026-07-20T03:00,13.1,4.0,6.1,0.0,9,EDDF
2026-07-20T04:00,12.6,4.2,6.8,0.0,9,EDDF
2026-07-20T05:00,13.4,6.2,11.2,0.0,5,EDDF
2026-07-20T06:00,14.7,5.3,15.5,0.0,6,EDDF
2026-07-20T07:00,16.1,9.2,23.0,0.0,2,EDDF
2026-07-20T08:00,17.4,11.8,29.9,0.0,88,EDDF
2026-07-20T09:00,17.4,11.0,29.5,0.0,100,EDDF
2026-07-20T10:00,18.4,10.6,27.4,0.0,92,EDDF
2026-07-20T11:00,19.7,8.6,27.4,0.0,88,EDDF
2026-07-20T12:00,20.3,8.8,24.1,0.0,92,EDDF
2026-07-20T13:00,20.9,9.0,24.5,0.0,100,EDDF
2026-07-20T14:00,20.3,11.7,28.1,0.0,99,EDDF
2026-07-20T15:00,20.5,11.6,28.4,0.0,88,EDDF
2026-07-20T16:00,20.1,11.4,27.7,0.0,91,EDDF
2026-07-20T17:00,19.7,11.4,27.7,0.0,82,EDDF
2026-07-20T18:00,19.3,8.9,26.6,0.0,23,EDDF
2026-07-20T19:00,17.9,4.3,18.0,0.0,32,EDDF
2026-07-20T20:00,16.7,4.3,7.9,0.0,20,EDDF
2026-07-20T21:00,16.1,8.0,13.7,0.0,18,EDDF
2026-07-20T22:00,15.3,9.0,16.2,0.0,18,EDDF
2026-07-20T23:00,14.7,9.3,17.3,0.0,16,EDDF
2026-07-21T00:00,13.9,7.1,16.9,0.0,24,EDDF
2026-07-21T01:00,13.5,7.2,13.3,0.0,21,EDDF
2026-07-21T02:00,13.0,7.1,12.6,0.0,13,EDDF
2026-07-21T03:00,12.6,7.0,12.6,0.0,13,EDDF
2026-07-21T04:00,12.3,7.1,12.2,0.0,14,EDDF
2026-07-21T05:00,13.5,7.8,14.4,0.0,9,EDDF
2026-07-21T06:00,15.3,7.0,18.0,0.0,0,EDDF
2026-07-21T07:00,17.0,6.9,19.4,0.0,0,EDDF
2026-07-21T08:00,18.8,6.6,20.2,0.0,5,EDDF
2026-07-21T09:00,20.0,7.1,22.3,0.0,14,EDDF
2026-07-21T10:00,21.2,8.1,24.1,0.0,42,EDDF
2026-07-21T11:00,22.2,9.4,27.0,0.0,44,EDDF
2026-07-21T12:00,23.8,9.0,27.7,0.0,34,EDDF
2026-07-21T13:00,22.9,8.9,24.5,0.0,14,EDDF
2026-07-21T14:00,23.4,7.5,24.8,0.0,9,EDDF
2026-07-21T15:00,23.5,7.8,22.3,0.0,37,EDDF
2026-07-21T16:00,23.3,7.6,22.3,0.0,40,EDDF
2026-07-21T17:00,23.1,5.7,19.8,0.0,73,EDDF
2026-07-21T18:00,22.9,4.7,14.4,0.0,60,EDDF
2026-07-21T19:00,21.3,2.0,8.3,0.0,24,EDDF
2026-07-21T20:00,19.5,5.3,6.8,0.0,66,EDDF
2026-07-21T21:00,19.1,10.3,19.8,0.0,37,EDDF
2026-07-21T22:00,17.5,5.9,18.7,0.0,0,EDDF
2026-07-21T23:00,16.7,3.3,9.7,0.0,5,EDDF
2026-07-22T00:00,15.2,3.5,4.7,0.0,5,EDDF
2026-07-22T01:00,14.5,1.3,5.0,0.0,2,EDDF
2026-07-22T02:00,13.8,1.4,2.5,0.0,0,EDDF
2026-07-22T03:00,13.7,1.1,2.2,0.0,0,EDDF
2026-07-22T04:00,13.2,1.0,1.8,0.0,0,EDDF
2026-07-22T05:00,14.1,3.0,5.8,0.0,13,EDDF
2026-07-22T06:00,15.9,1.3,7.9,0.0,0,EDDF
2026-07-22T07:00,18.2,2.3,11.2,0.0,17,EDDF
2026-07-22T08:00,19.7,4.5,16.6,0.0,9,EDDF
2026-07-22T09:00,21.4,9.4,25.6,0.0,46,EDDF
2026-07-22T10:00,22.3,13.7,33.8,0.0,100,EDDF
2026-07-22T11:00,21.6,15.3,36.4,0.0,100,EDDF
2026-07-22T12:00,21.3,14.2,36.4,0.0,100,EDDF
2026-07-22T13:00,21.3,13.8,34.9,0.0,100,EDDF
2026-07-22T14:00,21.4,13.1,34.2,0.0,98,EDDF
2026-07-22T15:00,21.6,14.9,34.9,0.0,73,EDDF
2026-07-22T16:00,21.2,13.6,35.6,0.0,95,EDDF
2026-07-22T17:00,21.0,13.3,31.3,0.0,27,EDDF
2026-07-22T18:00,20.8,11.1,29.2,0.0,49,EDDF
2026-07-22T19:00,19.6,11.9,25.2,0.0,48,EDDF
2026-07-22T20:00,18.4,10.6,24.1,0.0,84,EDDF
2026-07-22T21:00,17.8,10.7,22.3,0.0,80,EDDF
2026-07-22T22:00,16.8,9.7,20.9,0.0,40,EDDF
2026-07-22T23:00,16.2,10.3,19.8,0.0,52,EDDF
2026-07-23T00:00,16.0,11.2,19.8,0.0,5,EDDF
2026-07-23T01:00,15.3,9.2,20.9,0.0,4,EDDF
2026-07-23T02:00,14.3,7.9,17.3,0.0,0,EDDF
2026-07-23T03:00,13.6,8.1,14.0,0.0,0,EDDF
2026-07-23T04:00,13.0,8.4,14.8,0.0,0,EDDF
2026-07-23T05:00,14.2,9.1,16.6,0.0,0,EDDF
2026-07-23T06:00,15.9,10.8,22.7,0.0,2,EDDF
2026-07-23T07:00,17.0,10.1,25.9,0.0,26,EDDF
2026-07-23T08:00,18.3,10.1,27.0,0.0,100,EDDF
2026-07-23T09:00,19.5,11.0,29.2,0.0,92,EDDF
2026-07-23T10:00,20.6,10.8,29.5,0.0,54,EDDF
2026-07-23T11:00,22.3,11.9,31.7,0.0,71,EDDF
2026-07-23T12:00,22.4,12.2,34.2,0.0,95,EDDF
2026-07-23T13:00,22.3,12.5,32.4,0.0,74,EDDF
2026-07-23T14:00,22.9,14.2,35.6,0.0,67,EDDF
2026-07-23T15:00,22.6,14.5,36.0,0.0,89,EDDF
2026-07-23T16:00,22.4,16.0,36.7,0.0,92,EDDF
2026-07-23T17:00,21.9,15.1,36.7,0.0,55,EDDF
2026-07-23T18:00,22.0,12.7,33.1,0.0,99,EDDF
2026-07-23T19:00,20.9,10.7,25.9,0.0,2,EDDF
2026-07-23T20:00,18.9,8.4,21.2,0.0,23,EDDF
2026-07-23T21:00,18.0,6.9,14.8,0.0,13,EDDF
2026-07-23T22:00,16.8,4.7,12.2,0.0,16,EDDF
2026-07-23T23:00,15.9,3.4,7.6,0.0,8,EDDF
2026-07-24T00:00,13.9,4.7,6.5,0.0,4,EDDF
2026-07-24T01:00,13.0,4.4,8.3,0.0,0,EDDF
2026-07-24T02:00,12.4,3.3,6.8,0.0,0,EDDF
2026-07-24T03:00,11.9,4.3,6.5,0.0,2,EDDF
2026-07-24T04:00,11.4,4.8,7.9,0.0,2,EDDF
2026-07-24T05:00,12.5,5.8,10.4,0.0,5,EDDF
2026-07-24T06:00,14.1,3.4,11.2,0.0,1,EDDF
2026-07-24T07:00,16.9,3.4,14.0,0.0,0,EDDF
2026-07-24T08:00,19.3,2.3,14.4,0.0,2,EDDF
2026-07-24T09:00,21.1,2.7,15.5,0.0,2,EDDF
2026-07-24T10:00,22.4,2.7,16.9,0.0,0,EDDF
2026-07-24T11:00,23.5,1.5,16.9,0.0,9,EDDF
2026-07-24T12:00,25.5,2.6,15.5,0.0,0,EDDF
2026-07-24T13:00,25.8,2.2,16.9,0.0,0,EDDF
2026-07-24T14:00,26.4,2.0,16.6,0.0,19,EDDF
2026-07-24T15:00,26.6,1.9,15.8,0.0,13,EDDF
2026-07-24T16:00,26.6,1.5,14.4,0.0,3,EDDF
2026-07-24T17:00,26.3,1.1,12.2,0.0,46,EDDF
2026-07-24T18:00,26.1,1.5,11.5,0.0,95,EDDF
2026-07-24T19:00,23.7,6.7,11.5,0.0,99,EDDF
2026-07-24T20:00,21.8,8.0,16.2,0.0,99,EDDF
2026-07-24T21:00,20.3,3.7,14.4,0.0,95,EDDF
2026-07-24T22:00,19.3,4.2,6.8,0.0,90,EDDF
2026-07-24T23:00,18.6,4.3,7.6,0.0,79,EDDF
2026-07-25T00:00,16.9,5.1,7.6,0.0,57,EDDF
2026-07-25T01:00,16.4,8.6,15.8,0.0,43,EDDF
2026-07-25T02:00,15.5,7.7,15.8,0.0,43,EDDF
2026-07-25T03:00,14.6,8.3,16.2,0.0,61,EDDF
2026-07-25T04:00,13.9,7.8,15.8,0.0,71,EDDF
2026-07-25T05:00,14.7,7.2,14.8,0.0,85,EDDF
2026-07-25T06:00,16.2,4.7,14.4,0.0,39,EDDF
2026-07-25T07:00,19.2,3.7,14.8,0.0,78,EDDF
2026-07-25T08:00,22.1,1.5,14.4,0.0,8,EDDF
2026-07-25T09:00,24.9,2.0,14.4,0.0,0,EDDF
2026-07-25T10:00,27.2,5.0,19.4,0.0,0,EDDF
2026-07-25T11:00,28.5,8.5,25.9,0.0,0,EDDF
2026-07-25T12:00,30.4,9.4,27.7,0.0,0,EDDF
2026-07-25T13:00,30.4,10.1,28.8,0.0,0,EDDF
2026-07-25T14:00,30.9,10.6,29.2,0.0,0,EDDF
2026-07-25T15:00,31.3,11.7,30.2,0.0,0,EDDF
2026-07-25T16:00,31.4,10.3,30.2,0.0,0,EDDF
2026-07-25T17:00,31.1,9.7,26.3,0.0,0,EDDF
2026-07-25T18:00,30.1,9.7,23.4,0.0,0,EDDF
2026-07-25T19:00,27.3,9.8,21.6,0.0,0,EDDF
2026-07-25T20:00,24.6,8.7,19.4,0.0,0,EDDF
2026-07-25T21:00,23.3,5.5,15.1,0.0,0,EDDF
2026-07-25T22:00,22.3,3.7,9.4,0.0,0,EDDF
2026-07-25T23:00,21.4,3.1,6.1,0.0,0,EDDF
2026-07-26T00:00,20.0,1.0,5.4,0.0,20,EDDF
2026-07-26T01:00,19.1,1.1,1.8,0.0,73,EDDF
2026-07-26T02:00,18.6,1.5,2.5,0.0,70,EDDF
2026-07-26T03:00,18.0,2.8,4.7,0.0,15,EDDF
2026-07-26T04:00,17.2,2.7,4.7,0.0,40,EDDF
2026-07-26T05:00,18.0,7.6,13.3,0.0,17,EDDF
2026-07-26T06:00,19.6,8.0,18.4,0.0,33,EDDF
2026-07-26T07:00,22.2,10.1,24.8,0.0,50,EDDF
2026-07-26T08:00,24.6,14.0,32.8,0.0,38,EDDF
2026-07-26T09:00,26.5,19.3,43.9,0.0,40,EDDF
2026-07-26T10:00,27.6,20.4,47.5,0.0,70,EDDF
2026-07-26T11:00,28.1,22.6,51.8,0.0,76,EDDF
2026-07-26T12:00,29.3,21.5,54.0,0.0,16,EDDF
2026-07-26T13:00,29.1,24.2,54.7,0.0,21,EDDF
2026-07-26T14:00,30.3,24.4,55.8,0.0,100,EDDF
2026-07-26T15:00,27.7,28.3,61.6,0.0,43,EDDF
2026-07-26T16:00,27.0,23.7,61.6,0.0,6,EDDF
2026-07-26T17:00,25.7,23.2,52.2,0.0,13,EDDF
2026-07-26T18:00,24.7,22.1,50.8,0.0,52,EDDF
2026-07-26T19:00,23.5,18.7,46.8,0.0,27,EDDF
2026-07-26T20:00,22.6,18.4,38.9,0.0,41,EDDF
2026-07-26T21:00,22.2,18.1,37.8,0.0,44,EDDF
2026-07-26T22:00,19.9,16.7,42.8,0.8,91,EDDF
2026-07-26T23:00,18.5,16.2,37.1,3.1,68,EDDF
2026-07-27T00:00,19.8,16.6,32.8,0.0,13,EDDF
2026-07-27T01:00,19.3,15.0,33.1,0.0,1,EDDF
2026-07-27T02:00,18.6,13.5,29.5,0.0,5,EDDF
2026-07-27T03:00,18.1,11.3,26.6,0.0,9,EDDF
2026-07-27T04:00,17.6,10.5,22.0,0.0,43,EDDF
2026-07-27T05:00,18.0,10.7,23.0,0.0,31,EDDF
2026-07-27T06:00,19.0,12.6,26.3,0.0,38,EDDF
2026-07-27T07:00,20.1,14.8,33.8,0.1,53,EDDF
2026-07-27T08:00,20.9,14.8,34.6,0.0,27,EDDF
2026-07-27T09:00,22.3,12.9,35.6,0.0,14,EDDF
2026-07-27T10:00,24.0,15.1,37.1,0.0,47,EDDF
2026-07-27T11:00,24.6,13.6,37.4,0.0,100,EDDF
2026-07-27T12:00,25.1,16.0,35.6,0.0,100,EDDF
2026-07-27T13:00,25.0,16.0,37.8,0.0,98,EDDF
2026-07-27T14:00,24.9,16.9,38.9,0.0,99,EDDF
2026-07-27T15:00,24.5,15.3,38.9,0.0,64,EDDF
2026-07-27T16:00,25.3,15.2,36.0,0.0,76,EDDF
2026-07-27T17:00,24.6,15.8,34.9,0.0,40,EDDF
2026-07-27T18:00,23.6,11.7,36.7,0.0,68,EDDF
2026-07-27T19:00,22.4,8.6,23.4,0.0,27,EDDF
2026-07-27T20:00,21.7,9.7,19.1,0.0,2,EDDF
2026-07-27T21:00,19.5,7.4,19.4,0.0,1,EDDF
2026-07-27T22:00,18.4,5.6,13.0,0.0,0,EDDF
2026-07-27T23:00,17.9,3.2,9.0,0.0,2,EDDF
2026-07-28T00:00,17.0,0.9,4.7,0.0,0,EDDF
2026-07-28T01:00,16.3,1.0,2.2,0.0,0,EDDF
2026-07-28T02:00,15.7,0.3,2.2,0.0,2,EDDF
2026-07-28T03:00,14.9,1.2,2.2,0.0,4,EDDF
2026-07-28T04:00,14.1,3.1,4.7,0.0,2,EDDF
2026-07-28T05:00,15.0,4.8,7.9,0.0,1,EDDF
2026-07-28T06:00,16.8,2.0,9.4,0.0,1,EDDF
2026-07-28T07:00,19.2,1.7,10.1,0.0,0,EDDF
2026-07-28T08:00,21.0,1.7,11.9,0.0,0,EDDF
2026-07-28T09:00,22.4,0.6,11.9,0.0,0,EDDF
2026-07-28T10:00,23.7,0.6,12.2,0.0,0,EDDF
2026-07-28T11:00,24.9,1.6,14.0,0.0,0,EDDF
2026-07-28T12:00,27.2,2.8,15.1,0.0,0,EDDF
2026-07-28T13:00,27.7,3.2,17.3,0.0,17,EDDF
2026-07-28T14:00,28.2,5.5,20.2,0.0,11,EDDF
2026-07-28T15:00,28.3,8.4,24.1,0.0,0,EDDF
2026-07-28T16:00,27.9,10.4,27.0,0.0,0,EDDF
2026-07-28T17:00,27.0,10.7,27.0,0.0,0,EDDF
2026-07-28T18:00,26.6,7.8,25.6,0.0,0,EDDF
2026-07-28T19:00,24.3,7.7,15.5,0.0,0,EDDF
2026-07-28T20:00,23.1,8.7,14.8,0.0,48,EDDF
2026-07-28T21:00,22.4,10.8,19.1,0.0,0,EDDF
2026-07-28T22:00,21.6,10.1,19.8,0.0,0,EDDF
2026-07-28T23:00,20.7,8.4,18.4,0.0,0,EDDF
2026-07-29T00:00,19.2,6.8,14.8,0.0,0,EDDF
2026-07-29T01:00,19.1,8.1,14.0,0.0,0,EDDF
2026-07-29T02:00,18.6,8.4,14.8,0.0,0,EDDF
2026-07-29T03:00,18.0,8.9,15.8,0.0,0,EDDF
2026-07-29T04:00,17.5,9.3,16.9,0.0,0,EDDF
2026-07-29T05:00,18.6,9.8,18.0,0.0,0,EDDF
2026-07-29T06:00,20.8,9.2,18.4,0.0,0,EDDF
2026-07-29T07:00,23.4,7.5,19.4,0.0,0,EDDF
2026-07-29T08:00,26.0,5.9,19.8,0.0,0,EDDF
2026-07-29T09:00,28.3,3.3,18.4,0.0,0,EDDF
2026-07-29T10:00,30.3,2.2,15.1,0.0,0,EDDF
2026-07-29T11:00,32.0,4.0,17.6,0.0,0,EDDF
2026-07-29T12:00,34.4,5.8,21.2,0.0,0,EDDF
2026-07-29T13:00,34.6,8.0,24.5,0.0,0,EDDF
2026-07-29T14:00,34.9,9.4,26.6,0.0,0,EDDF
2026-07-29T15:00,34.8,7.6,26.3,0.0,0,EDDF
2026-07-29T16:00,34.7,5.9,22.0,0.0,0,EDDF
2026-07-29T17:00,34.2,7.7,18.7,0.0,0,EDDF
2026-07-29T18:00,33.0,6.7,19.1,0.0,4,EDDF
2026-07-29T19:00,30.3,5.8,12.6,0.0,2,EDDF
2026-07-29T20:00,29.3,6.7,14.0,0.0,0,EDDF
2026-07-29T21:00,28.5,2.0,11.2,0.0,0,EDDF
2026-07-29T22:00,27.5,0.6,2.9,0.0,0,EDDF
2026-07-29T23:00,26.1,3.2,4.3,0.0,0,EDDF
2026-07-30T00:00,23.9,4.6,5.8,0.0,0,EDDF
2026-07-30T01:00,22.6,5.5,7.6,0.0,0,EDDF
2026-07-30T02:00,21.7,6.4,10.1,0.0,0,EDDF
2026-07-30T03:00,21.0,7.4,12.6,0.0,0,EDDF
2026-07-30T04:00,20.6,7.8,13.7,0.0,0,EDDF
2026-07-30T05:00,21.4,5.8,13.3,0.0,0,EDDF
2026-07-30T06:00,23.0,2.1,10.4,0.0,0,EDDF
2026-07-30T07:00,25.8,2.2,10.8,0.0,0,EDDF
2026-07-30T08:00,28.8,3.1,14.0,0.0,0,EDDF
2026-07-30T09:00,32.1,4.9,17.6,0.0,0,EDDF
2026-07-30T10:00,34.8,10.2,27.0,0.0,0,EDDF
2026-07-30T11:00,36.7,16.3,38.9,0.0,1,EDDF
2026-07-30T12:00,38.9,18.2,46.1,0.0,33,EDDF
2026-07-30T13:00,38.6,19.6,46.4,0.0,61,EDDF
2026-07-30T14:00,37.7,25.6,54.0,0.0,96,EDDF
2026-07-30T15:00,34.2,20.6,63.0,0.0,100,EDDF
2026-07-30T16:00,32.1,21.5,49.3,0.0,100,EDDF
2026-07-30T17:00,28.9,10.6,45.7,0.2,99,EDDF
2026-07-30T18:00,27.1,3.6,28.8,0.0,0,EDDF
2026-07-30T19:00,25.4,7.4,13.0,0.0,0,EDDF
2026-07-30T20:00,24.1,6.4,12.6,0.0,0,EDDF
2026-07-30T21:00,23.1,3.3,10.4,0.0,0,EDDF
2026-07-30T22:00,22.2,4.9,8.6,0.0,0,EDDF
2026-07-30T23:00,21.8,1.0,8.3,0.0,1,EDDF
2026-07-31T00:00,19.5,3.6,3.2,0.0,26,EDDF
2026-07-31T01:00,19.0,5.8,9.7,0.0,50,EDDF
2026-07-31T02:00,18.6,5.9,11.2,0.0,63,EDDF
2026-07-31T03:00,18.2,5.2,10.4,0.0,42,EDDF
2026-07-31T04:00,17.8,6.9,11.9,0.0,84,EDDF
2026-07-31T05:00,19.0,7.6,14.8,0.0,90,EDDF
2026-07-31T06:00,20.2,5.9,14.8,0.0,54,EDDF
2026-07-31T07:00,22.2,1.5,13.7,0.0,74,EDDF
2026-07-31T08:00,24.0,7.6,22.3,0.2,15,EDDF
2026-07-31T09:00,26.6,2.3,21.2,0.0,17,EDDF
2026-07-31T10:00,28.8,1.5,14.4,0.0,73,EDDF
2026-07-31T11:00,30.6,4.8,19.1,0.0,95,EDDF
2026-07-31T12:00,33.0,6.2,27.4,0.0,96,EDDF
2026-07-31T13:00,32.7,14.8,37.1,0.1,93,EDDF
2026-07-31T14:00,32.9,14.9,37.4,0.0,77,EDDF
2026-07-31T15:00,33.0,13.4,36.4,0.0,48,EDDF
2026-07-31T16:00,31.7,17.7,37.8,0.0,99,EDDF
2026-07-31T17:00,29.5,10.5,41.0,0.3,100,EDDF
2026-07-31T18:00,30.5,7.6,22.7,0.0,91,EDDF
2026-07-31T19:00,27.1,13.3,31.3,0.0,17,EDDF
2026-07-31T20:00,24.5,5.8,27.7,0.0,20,EDDF
2026-07-31T21:00,23.4,2.3,10.4,0.0,51,EDDF
2026-07-31T22:00,23.0,2.2,5.8,0.0,91,EDDF
2026-07-31T23:00,21.9,4.5,7.2,0.0,20,EDDF
2026-08-01T00:00,22.8,5.7,11.9,0.0,78,EDDF
2026-08-01T01:00,22.0,6.3,11.5,0.0,35,EDDF
2026-08-01T02:00,21.2,4.3,10.8,0.2,75,EDDF
2026-08-01T03:00,18.8,14.1,24.1,2.7,60,EDDF
2026-08-01T04:00,18.4,9.8,27.7,0.2,82,EDDF
2026-08-01T05:00,18.7,4.2,16.6,1.3,100,EDDF
2026-08-01T06:00,18.9,5.7,11.9,1.6,96,EDDF
2026-08-01T07:00,19.7,5.0,12.6,1.9,99,EDDF
2026-08-01T08:00,19.9,10.2,22.3,1.2,100,EDDF
2026-08-01T09:00,20.3,11.1,26.3,0.4,100,EDDF
2026-08-01T10:00,20.1,10.0,25.9,0.4,100,EDDF
2026-08-01T11:00,22.0,8.6,23.8,0.0,27,EDDF
2026-08-01T12:00,23.1,9.5,24.8,0.0,5,EDDF
2026-08-01T13:00,24.5,7.3,24.5,0.0,9,EDDF
2026-08-01T14:00,25.0,9.1,23.4,0.0,10,EDDF
2026-08-01T15:00,25.0,9.2,24.5,0.0,7,EDDF
2026-08-01T16:00,25.1,7.1,22.3,0.0,3,EDDF
2026-08-01T17:00,24.8,5.1,16.9,0.0,22,EDDF
2026-08-01T18:00,24.3,4.8,11.2,0.0,80,EDDF
2026-08-01T19:00,23.6,0.8,7.2,0.0,76,EDDF
2026-08-01T20:00,21.2,10.5,16.6,0.0,59,EDDF
2026-08-01T21:00,20.3,12.3,25.6,0.0,80,EDDF
2026-08-01T22:00,19.3,10.9,23.8,0.0,93,EDDF
2026-08-01T23:00,18.5,10.8,20.9,0.0,68,EDDF
2026-08-02T00:00,17.7,11.5,20.9,0.0,86,EDDF
2026-08-02T01:00,17.5,10.7,20.9,0.0,99,EDDF
2026-08-02T02:00,17.0,11.0,21.2,0.0,90,EDDF
2026-08-02T03:00,16.5,10.7,20.9,0.0,81,EDDF
2026-08-02T04:00,16.1,11.1,21.2,0.0,82,EDDF
2026-08-02T05:00,16.5,10.7,21.2,0.0,19,EDDF
2026-08-02T06:00,17.7,10.6,20.9,0.0,69,EDDF
2026-08-02T07:00,19.5,9.7,24.1,0.0,26,EDDF
2026-08-02T08:00,21.3,8.4,23.0,0.0,2,EDDF
2026-08-02T09:00,23.2,9.1,24.1,0.0,6,EDDF
2026-08-02T10:00,25.2,10.0,26.3,0.0,0,EDDF
2026-08-02T11:00,26.9,10.8,27.4,0.0,2,EDDF
2026-08-02T12:00,28.6,9.8,29.2,0.0,0,EDDF
2026-08-02T13:00,29.1,10.5,26.6,0.0,0,EDDF
2026-08-02T14:00,29.3,11.8,28.4,0.0,0,EDDF
2026-08-02T15:00,29.3,13.0,30.2,0.0,20,EDDF
2026-08-02T16:00,28.8,14.2,31.7,0.0,5,EDDF
2026-08-02T17:00,27.9,12.3,31.7,0.0,1,EDDF
2026-08-02T18:00,26.5,13.7,25.9,0.0,2,EDDF
2026-08-02T19:00,25.2,14.9,28.8,0.0,1,EDDF
2026-08-02T20:00,24.1,14.0,29.2,0.0,0,EDDF
2026-08-02T21:00,22.5,11.0,27.0,0.0,14,EDDF
2026-08-02T22:00,21.4,12.7,24.8,0.0,4,EDDF
2026-08-02T23:00,20.8,11.6,24.8,0.0,9,EDDF
2026-08-03T00:00,20.0,11.6,22.3,0.0,34,EDDF
2026-08-03T01:00,19.9,9.3,20.9,0.0,9,EDDF
2026-08-03T02:00,19.5,9.3,17.6,0.0,26,EDDF
2026-08-03T03:00,19.2,10.0,19.1,0.0,10,EDDF
2026-08-03T04:00,18.9,10.9,20.9,0.0,1,EDDF
2026-08-03T05:00,19.6,10.8,20.9,0.0,1,EDDF
2026-08-03T06:00,20.9,8.6,20.9,0.0,2,EDDF
2026-08-03T07:00,23.3,9.2,22.3,0.0,2,EDDF
2026-08-03T08:00,25.4,7.8,22.3,0.0,13,EDDF
2026-08-03T09:00,27.7,6.7,22.0,0.0,0,EDDF
2026-08-03T10:00,29.7,4.8,19.8,0.0,1,EDDF
2026-08-03T11:00,31.4,2.2,16.9,0.0,1,EDDF
2026-08-03T12:00,33.4,2.7,13.0,0.0,1,EDDF
2026-08-03T13:00,34.6,3.1,17.6,0.0,27,EDDF
2026-08-03T14:00,35.0,7.3,20.2,0.0,20,EDDF
2026-08-03T15:00,35.0,9.3,23.4,0.0,32,EDDF
2026-08-03T16:00,34.6,9.4,24.1,0.0,91,EDDF
2026-08-03T17:00,33.6,4.0,21.6,0.0,82,EDDF
2026-08-03T18:00,32.3,7.1,8.3,0.0,96,EDDF
2026-08-03T19:00,30.4,0.7,12.2,0.0,96,EDDF
2026-08-03T20:00,28.6,4.0,6.5,0.2,82,EDDF
2026-08-03T21:00,25.8,4.7,10.4,1.3,99,EDDF
2026-08-03T22:00,23.3,9.4,27.4,0.0,80,EDDF
2026-08-03T23:00,22.4,7.9,14.8,0.0,68,EDDF
2026-08-04T00:00,22.4,13.2,19.8,1.0,84,EDDF
2026-08-04T01:00,21.9,12.0,24.5,0.1,91,EDDF
2026-08-04T02:00,20.8,12.1,23.8,0.5,98,EDDF
2026-08-04T03:00,21.1,0.8,21.2,0.0,100,EDDF
2026-08-04T04:00,21.0,2.8,6.8,0.0,47,EDDF
2026-08-04T05:00,21.1,5.4,9.0,0.0,88,EDDF
2026-08-04T06:00,21.6,3.2,9.4,0.0,27,EDDF
2026-08-04T07:00,24.1,3.3,11.9,0.0,65,EDDF
2026-08-04T08:00,26.0,5.7,17.3,0.0,5,EDDF
2026-08-04T09:00,28.6,7.6,21.6,0.0,4,EDDF
2026-08-04T10:00,30.4,6.8,23.4,0.0,9,EDDF
2026-08-04T11:00,31.8,6.0,20.9,0.0,4,EDDF
2026-08-04T12:00,33.5,2.6,21.2,0.0,3,EDDF
2026-08-04T13:00,33.6,9.0,24.1,0.0,59,EDDF
2026-08-04T14:00,32.8,5.6,35.3,0.3,86,EDDF
2026-08-04T15:00,32.8,5.2,17.3,0.0,35,EDDF
2026-08-04T16:00,32.5,11.4,27.7,0.1,70,EDDF
2026-08-04T17:00,31.6,9.0,26.3,0.0,7,EDDF
2026-08-04T18:00,27.9,8.2,22.3,0.0,59,EDDF
2026-08-04T19:00,27.2,9.4,16.6,0.1,30,EDDF
2026-08-04T20:00,26.3,2.6,21.2,0.0,20,EDDF
2026-08-04T21:00,25.6,4.2,6.1,0.0,24,EDDF
2026-08-04T22:00,25.1,7.5,14.0,0.0,3,EDDF
2026-08-04T23:00,24.3,6.6,13.3,0.0,4,EDDF
2026-08-05T00:00,26.0,11.9,22.3,0.1,33,EDDF
2026-08-05T01:00,24.0,9.7,21.6,0.4,70,EDDF
2026-08-05T02:00,21.8,9.9,27.4,0.7,5,EDDF
2026-08-05T03:00,21.4,5.5,16.6,0.0,12,EDDF
2026-08-05T04:00,21.2,7.3,11.9,0.0,70,EDDF
2026-08-05T05:00,22.3,8.3,13.7,0.0,16,EDDF
2026-08-05T06:00,23.8,6.1,14.4,0.0,9,EDDF
2026-08-05T07:00,26.0,6.8,17.3,0.0,1,EDDF
2026-08-05T08:00,28.0,9.4,24.5,0.0,0,EDDF
2026-08-05T09:00,29.8,12.7,33.8,0.0,11,EDDF
2026-08-05T10:00,30.7,14.5,36.7,0.0,16,EDDF
2026-08-05T11:00,31.4,16.1,39.2,0.1,23,EDDF
2026-08-05T12:00,32.7,17.7,42.8,0.2,12,EDDF
2026-08-05T13:00,32.6,18.7,44.3,0.0,13,EDDF
2026-08-05T14:00,32.4,19.1,44.6,0.0,9,EDDF
2026-08-05T15:00,31.8,17.3,44.3,0.0,7,EDDF
2026-08-05T16:00,31.7,16.8,41.4,0.0,9,EDDF
2026-08-05T17:00,31.1,17.8,39.2,0.0,1,EDDF
2026-08-05T18:00,30.5,14.3,38.9,0.0,5,EDDF
2026-08-05T19:00,29.4,12.5,29.5,0.0,6,EDDF
2026-08-05T20:00,28.2,13.7,28.8,0.0,5,EDDF
2026-08-05T21:00,26.8,11.1,27.7,0.0,5,EDDF
2026-08-05T22:00,25.8,12.1,23.4,0.0,9,EDDF
2026-08-05T23:00,24.9,9.4,23.8,0.0,6,EDDF
2026-08-06T00:00,24.0,7.4,19.1,0.0,26,EDDF
2026-08-06T01:00,23.0,7.8,14.0,0.0,0,EDDF
2026-08-06T02:00,21.7,5.7,14.8,0.0,51,EDDF
2026-08-06T03:00,21.0,3.8,10.1,0.0,17,EDDF
2026-08-06T04:00,20.1,4.5,7.6,0.0,3,EDDF
2026-08-06T05:00,20.4,6.3,11.2,0.0,6,EDDF
2026-08-06T06:00,21.6,6.9,15.1,0.0,30,EDDF
2026-08-06T07:00,22.9,6.7,18.4,0.0,8,EDDF
2026-08-06T08:00,24.4,12.0,28.8,0.0,2,EDDF
2026-08-06T09:00,25.6,18.3,42.1,0.0,0,EDDF
2026-08-06T10:00,26.3,19.2,45.0,0.0,0,EDDF
2026-08-06T11:00,26.8,19.1,45.7,0.0,5,EDDF
2026-08-06T12:00,27.9,17.6,45.4,0.0,85,EDDF
2026-08-06T13:00,27.8,16.8,42.1,0.0,91,EDDF
2026-08-06T14:00,27.6,16.0,40.7,0.0,90,EDDF
2026-08-06T15:00,27.3,13.6,38.9,0.0,26,EDDF
2026-08-06T16:00,27.1,12.1,33.1,0.0,5,EDDF
2026-08-06T17:00,26.4,12.1,29.5,0.0,44,EDDF
2026-08-06T18:00,25.0,11.0,28.4,0.0,0,EDDF
2026-08-06T19:00,23.3,9.5,23.0,0.0,0,EDDF
2026-08-06T20:00,21.6,8.7,18.7,0.0,0,EDDF
2026-08-06T21:00,20.5,7.6,16.6,0.0,0,EDDF
2026-08-06T22:00,19.5,4.2,14.0,0.0,0,EDDF
2026-08-06T23:00,18.8,3.6,6.5,0.0,0,EDDF
2026-08-07T00:00,17.0,4.1,14.4,0.0,0,EDDF
2026-08-07T01:00,16.6,5.6,9.0,0.0,2,EDDF
2026-08-07T02:00,16.2,8.4,14.8,0.0,0,EDDF
2026-08-07T03:00,15.6,9.6,17.6,0.0,0,EDDF
2026-08-07T04:00,15.1,10.0,18.4,0.0,0,EDDF
2026-08-07T05:00,15.5,9.7,18.0,0.0,0,EDDF
2026-08-07T06:00,17.0,7.7,19.1,0.0,0,EDDF
2026-08-07T07:00,18.6,9.0,22.7,0.0,0,EDDF
2026-08-07T08:00,20.2,8.9,24.5,0.0,0,EDDF
2026-08-07T09:00,21.7,9.3,26.6,0.0,0,EDDF
2026-08-07T10:00,23.0,8.4,27.0,0.0,0,EDDF
2026-08-07T11:00,24.1,5.8,25.6,0.0,17,EDDF
2026-08-07T12:00,25.7,5.2,22.0,0.0,59,EDDF
2026-08-07T13:00,25.5,6.0,22.0,0.0,98,EDDF
2026-08-07T14:00,25.4,7.8,23.8,0.0,99,EDDF
2026-08-07T15:00,25.4,8.9,24.5,0.0,98,EDDF
2026-08-07T16:00,25.3,9.9,25.9,0.0,100,EDDF
2026-08-07T17:00,24.8,9.0,25.6,0.0,100,EDDF
2026-08-07T18:00,24.0,8.9,21.6,0.0,100,EDDF
2026-08-07T19:00,22.3,8.0,17.6,0.0,27,EDDF
2026-08-07T20:00,21.1,7.1,14.4,0.0,0,EDDF
2026-08-07T21:00,20.3,12.8,24.5,0.0,0,EDDF
2026-08-07T22:00,19.5,14.9,30.2,0.0,0,EDDF
2026-08-07T23:00,18.5,14.1,29.5,0.0,0,EDDF
2026-08-08T00:00,17.2,13.4,27.7,0.0,0,EDDF
2026-08-08T01:00,16.6,12.8,25.6,0.0,0,EDDF
2026-08-08T02:00,16.0,12.2,24.8,0.0,0,EDDF
2026-08-08T03:00,15.5,11.6,23.4,0.0,0,EDDF
2026-08-08T04:00,15.0,11.1,22.7,0.0,0,EDDF
2026-08-08T05:00,15.3,10.8,22.3,0.0,0,EDDF
2026-08-08T06:00,16.7,10.3,22.3,0.0,0,EDDF
2026-08-08T07:00,18.5,10.1,25.6,0.0,0,EDDF
2026-08-08T08:00,20.6,8.4,25.6,0.0,0,EDDF
2026-08-08T09:00,22.8,8.1,24.5,0.0,0,EDDF
2026-08-08T10:00,24.9,8.3,25.6,0.0,32,EDDF
2026-08-08T11:00,26.7,7.9,25.6,0.0,70,EDDF
2026-08-08T12:00,29.3,6.4,25.2,0.0,64,EDDF
2026-08-08T13:00,29.7,4.1,21.6,0.0,11,EDDF
2026-08-08T14:00,30.2,5.0,19.4,0.0,0,EDDF
2026-08-08T15:00,30.4,7.2,22.3,0.0,0,EDDF
2026-08-08T16:00,30.3,7.3,22.7,0.0,0,EDDF
2026-08-08T17:00,29.9,6.6,20.9,0.0,0,EDDF
2026-08-08T18:00,28.9,6.2,17.6,0.0,2,EDDF
2026-08-08T19:00,26.4,10.4,18.4,0.0,0,EDDF
2026-08-08T20:00,25.3,11.2,20.2,0.0,0,EDDF
2026-08-08T21:00,24.0,10.2,20.2,0.0,0,EDDF
2026-08-08T22:00,22.9,8.6,18.7,0.0,53,EDDF
2026-08-08T23:00,21.9,7.1,15.5,0.0,2,EDDF
2026-08-09T00:00,20.6,7.3,13.3,0.0,0,EDDF
2026-08-09T01:00,20.6,9.7,17.6,0.0,0,EDDF
2026-08-09T02:00,20.1,8.8,17.3,0.0,2,EDDF
2026-08-09T03:00,19.4,8.1,15.5,0.0,20,EDDF
2026-08-09T04:00,19.0,9.2,16.2,0.0,27,EDDF
2026-08-09T05:00,19.6,9.9,17.6,0.0,24,EDDF
2026-08-09T06:00,20.7,6.9,18.4,0.0,41,EDDF
2026-08-09T07:00,23.6,4.0,14.8,0.0,41,EDDF
2026-08-09T08:00,26.4,1.5,13.7,0.0,5,EDDF
2026-08-09T09:00,28.6,3.7,16.6,0.0,21,EDDF
2026-08-09T10:00,30.6,4.5,18.7,0.0,76,EDDF
2026-08-09T11:00,32.4,7.4,23.4,0.0,9,EDDF
2026-08-09T12:00,34.5,13.9,33.1,0.0,87,EDDF
2026-08-09T13:00,33.3,13.1,37.4,0.0,56,EDDF
2026-08-09T14:00,34.5,16.1,36.7,0.0,96,EDDF
2026-08-09T15:00,33.6,22.1,49.7,0.0,100,EDDF
2026-08-09T16:00,31.4,18.0,48.2,0.0,100,EDDF
2026-08-09T17:00,30.9,11.3,37.1,0.0,30,EDDF
2026-08-09T18:00,28.8,9.8,24.5,0.0,18,EDDF
2026-08-09T19:00,26.8,1.1,21.2,0.0,9,EDDF
2026-08-09T20:00,25.6,0.2,2.5,0.0,6,EDDF
2026-08-09T21:00,24.7,0.4,1.4,0.0,9,EDDF
2026-08-09T22:00,23.8,0.7,1.8,0.0,8,EDDF
2026-08-09T23:00,23.0,0.7,1.4,0.0,13,EDDF
2026-08-10T00:00,21.2,2.1,2.5,0.0,2,EDDF
2026-08-10T01:00,20.7,2.2,4.7,0.0,1,EDDF
2026-08-10T02:00,20.1,1.6,3.6,0.0,0,EDDF
2026-08-10T03:00,19.3,2.7,4.3,0.0,1,EDDF
2026-08-10T04:00,18.8,1.6,4.3,0.0,0,EDDF
2026-08-10T05:00,19.2,2.3,3.2,0.0,0,EDDF
2026-08-10T06:00,20.5,4.3,11.5,0.0,0,EDDF
2026-08-10T07:00,23.5,4.9,15.5,0.0,0,EDDF
2026-08-10T08:00,26.1,6.9,20.2,0.0,0,EDDF
2026-08-10T09:00,28.6,9.4,25.6,0.0,2,EDDF
2026-08-10T10:00,30.7,11.2,29.5,0.0,5,EDDF
2026-08-10T11:00,32.0,15.2,42.1,0.0,38,EDDF
2026-08-10T12:00,33.8,17.5,42.5,0.0,27,EDDF
2026-08-10T13:00,34.0,19.6,46.1,0.0,34,EDDF
2026-08-10T14:00,34.2,16.4,46.1,0.0,43,EDDF
2026-08-10T15:00,33.9,13.8,38.5,0.0,15,EDDF
2026-08-10T16:00,31.9,20.0,45.0,0.0,11,EDDF
2026-08-10T17:00,30.6,17.4,44.6,0.0,5,EDDF
2026-08-10T18:00,29.4,13.9,37.8,0.0,32,EDDF
2026-08-10T19:00,27.7,10.6,28.4,0.0,26,EDDF
2026-08-10T20:00,26.3,12.7,31.7,0.0,0,EDDF
2026-08-10T21:00,25.0,12.2,25.2,0.0,0,EDDF
2026-08-10T22:00,23.6,12.0,25.6,0.0,6,EDDF
2026-08-10T23:00,22.8,13.0,25.6,0.0,14,EDDF
2026-08-11T00:00,21.7,12.7,27.4,0.0,0,EDDF
2026-08-11T01:00,20.8,13.2,25.9,0.0,0,EDDF
2026-08-11T02:00,19.8,14.6,29.9,0.0,2,EDDF
2026-08-11T03:00,18.7,15.0,31.0,0.0,30,EDDF
2026-08-11T04:00,17.9,14.0,30.6,0.0,64,EDDF
2026-08-11T05:00,17.5,12.4,28.8,0.0,70,EDDF
2026-08-11T06:00,18.2,13.4,29.9,0.0,38,EDDF
2026-08-11T07:00,19.4,13.0,31.0,0.0,3,EDDF
2026-08-11T08:00,21.3,13.2,32.8,0.0,3,EDDF
2026-08-11T09:00,22.9,12.7,33.8,0.0,0,EDDF
2026-08-11T10:00,24.4,10.5,32.8,0.0,0,EDDF
2026-08-11T11:00,25.7,10.3,29.9,0.0,0,EDDF
2026-08-11T12:00,27.2,10.8,31.7,0.0,0,EDDF
2026-08-11T13:00,27.5,11.1,31.0,0.0,0,EDDF
2026-08-11T14:00,28.1,12.0,31.7,0.0,0,EDDF
2026-08-11T15:00,28.4,13.4,33.5,0.0,0,EDDF
2026-08-11T16:00,28.1,14.5,34.6,0.0,0,EDDF
2026-08-11T17:00,27.5,14.6,34.2,0.0,0,EDDF
2026-08-11T18:00,26.5,13.3,32.4,0.0,0,EDDF
2026-08-11T19:00,24.7,11.8,27.4,0.0,0,EDDF
2026-08-11T20:00,23.3,12.8,25.2,0.0,0,EDDF
2026-08-11T21:00,22.0,13.6,26.6,0.0,0,EDDF
2026-08-11T22:00,20.8,14.0,27.7,0.0,0,EDDF
2026-08-11T23:00,19.8,12.9,27.4,0.0,0,EDDF
2026-08-12T00:00,18.3,12.7,25.2,0.0,0,EDDF
2026-08-12T01:00,17.8,13.1,25.2,0.0,0,EDDF
2026-08-12T02:00,17.2,12.6,25.6,0.0,0,EDDF
2026-08-12T03:00,16.6,11.6,24.5,0.0,2,EDDF
2026-08-12T04:00,16.0,11.9,23.0,0.0,0,EDDF
2026-08-12T05:00,16.0,11.7,23.4,0.0,0,EDDF
2026-08-12T06:00,17.0,10.1,23.8,0.0,0,EDDF
2026-08-12T07:00,19.1,10.2,25.6,0.0,0,EDDF
2026-08-12T08:00,21.4,9.5,25.9,0.0,0,EDDF
2026-08-12T09:00,23.8,9.8,27.4,0.0,0,EDDF
2026-08-12T10:00,25.9,10.2,28.8,0.0,0,EDDF
2026-08-12T11:00,27.5,9.8,28.8,0.0,0,EDDF
2026-08-12T12:00,29.8,9.8,28.4,0.0,0,EDDF
2026-08-12T13:00,30.1,10.2,28.8,0.0,0,EDDF
2026-08-12T14:00,30.7,10.7,29.5,0.0,0,EDDF
2026-08-12T15:00,30.9,11.2,29.5,0.0,55,EDDF
2026-08-12T16:00,30.6,12.0,29.5,0.0,5,EDDF
2026-08-12T17:00,29.9,12.2,29.2,0.0,0,EDDF
2026-08-12T18:00,28.2,9.8,27.4,0.0,0,EDDF
2026-08-12T19:00,26.1,11.9,20.9,0.0,0,EDDF
2026-08-12T20:00,25.0,13.7,25.9,0.0,0,EDDF
2026-08-12T21:00,23.7,13.1,26.3,0.0,0,EDDF
2026-08-12T22:00,22.4,11.5,25.2,0.0,0,EDDF
2026-08-12T23:00,21.1,9.7,22.0,0.0,0,EDDF
2026-08-13T00:00,19.7,9.8,17.6,0.0,0,EDDF
2026-08-13T01:00,19.0,9.8,18.4,0.0,0,EDDF
2026-08-13T02:00,18.3,9.8,18.0,0.0,0,EDDF
2026-08-13T03:00,17.7,9.9,18.0,0.0,0,EDDF
2026-08-13T04:00,17.2,10.4,18.7,0.0,0,EDDF
2026-08-13T05:00,17.4,10.5,18.7,0.0,0,EDDF
2026-08-13T06:00,18.8,9.7,19.4,0.0,0,EDDF
2026-08-13T07:00,21.6,9.4,23.0,0.0,0,EDDF
2026-08-13T08:00,24.0,8.4,23.8,0.0,0,EDDF
2026-08-13T09:00,26.4,8.6,24.8,0.0,0,EDDF
2026-08-13T10:00,28.7,9.1,26.3,0.0,0,EDDF
2026-08-13T11:00,30.7,9.7,27.7,0.0,0,EDDF
2026-08-13T12:00,33.2,9.1,27.7,0.0,0,EDDF
2026-08-13T13:00,33.3,9.3,27.0,0.0,0,EDDF
2026-08-13T14:00,33.7,9.2,27.0,0.0,0,EDDF
2026-08-13T15:00,33.8,9.0,26.3,0.0,0,EDDF
2026-08-13T16:00,33.6,9.2,24.8,0.0,0,EDDF
2026-08-13T17:00,32.9,9.6,23.4,0.0,0,EDDF
2026-08-13T18:00,31.0,5.4,21.6,0.0,0,EDDF
2026-08-13T19:00,28.5,7.9,13.3,0.0,0,EDDF
2026-08-13T20:00,27.1,9.0,15.8,0.0,0,EDDF
2026-08-13T21:00,25.7,8.7,15.8,0.0,0,EDDF
2026-08-13T22:00,24.6,8.1,14.8,0.0,0,EDDF
2026-08-13T23:00,23.7,8.4,14.8,0.0,0,EDDF
2026-08-14T00:00,22.2,7.2,14.8,0.0,0,EDDF
2026-08-14T01:00,21.2,7.5,13.7,0.0,0,EDDF
2026-08-14T02:00,20.3,7.6,13.7,0.0,0,EDDF
2026-08-14T03:00,19.5,8.0,14.4,0.0,0,EDDF
2026-08-14T04:00,18.9,8.3,15.5,0.0,0,EDDF
2026-08-14T05:00,19.0,9.0,16.2,0.0,0,EDDF
2026-08-14T06:00,20.5,9.1,17.3,0.0,0,EDDF
2026-08-14T07:00,23.2,8.2,19.1,0.0,0,EDDF
2026-08-14T08:00,25.9,7.1,19.8,0.0,0,EDDF
2026-08-14T09:00,28.5,6.1,19.1,0.0,0,EDDF
2026-08-14T10:00,30.7,5.2,18.0,0.0,0,EDDF
2026-08-14T11:00,32.4,4.9,17.3,0.0,0,EDDF
2026-08-14T12:00,35.5,3.8,17.6,0.0,0,EDDF
2026-08-14T13:00,35.6,3.1,17.6,0.0,0,EDDF
2026-08-14T14:00,35.9,3.5,16.9,0.0,0,EDDF
2026-08-14T15:00,35.9,4.9,18.0,0.0,0,EDDF
2026-08-14T16:00,35.5,6.7,19.4,0.0,0,EDDF
2026-08-14T17:00,34.7,7.7,19.4,0.0,0,EDDF
2026-08-14T18:00,32.5,7.4,18.0,0.0,0,EDDF
2026-08-14T19:00,29.8,5.5,14.4,0.0,0,EDDF
2026-08-14T20:00,28.4,5.1,9.0,0.0,0,EDDF
2026-08-14T21:00,27.0,4.7,8.3,0.0,0,EDDF
2026-08-14T22:00,25.9,2.9,7.2,0.0,0,EDDF
2026-08-14T23:00,25.0,2.8,4.7,0.0,0,EDDF
2026-08-15T00:00,22.6,5.9,10.4,0.0,0,EDDF
2026-08-15T01:00,22.3,10.9,19.8,0.0,0,EDDF
2026-08-15T02:00,21.3,9.6,19.8,0.0,0,EDDF
2026-08-15T03:00,20.4,7.5,17.3,0.0,0,EDDF
2026-08-15T04:00,19.6,6.7,13.0,0.0,0,EDDF
2026-08-15T05:00,19.6,7.9,13.7,0.0,0,EDDF
2026-08-15T06:00,20.6,6.6,15.8,0.0,0,EDDF
2026-08-15T07:00,23.7,5.3,15.8,0.0,0,EDDF
2026-08-15T08:00,27.1,4.3,16.9,0.0,0,EDDF
2026-08-15T09:00,30.5,2.0,16.2,0.0,0,EDDF
2026-08-15T10:00,33.0,2.0,14.4,0.0,0,EDDF
2026-08-15T11:00,34.7,4.3,18.7,0.0,0,EDDF
2026-08-15T12:00,37.0,8.8,23.0,0.0,1,EDDF
2026-08-15T13:00,36.8,9.0,27.0,0.0,27,EDDF
2026-08-15T14:00,36.9,10.2,27.7,0.0,17,EDDF
2026-08-15T15:00,36.9,9.4,27.7,0.0,30,EDDF
2026-08-15T16:00,35.7,16.0,35.6,0.0,37,EDDF
2026-08-15T17:00,34.3,15.4,37.4,0.0,57,EDDF
2026-08-15T18:00,31.6,3.3,35.6,0.0,52,EDDF
2026-08-15T19:00,29.5,15.5,31.0,0.0,93,EDDF
2026-08-15T20:00,28.4,14.3,32.0,0.0,98,EDDF
2026-08-15T21:00,27.4,11.2,29.9,0.0,98,EDDF
2026-08-15T22:00,26.0,9.0,21.6,0.0,65,EDDF
2026-08-15T23:00,25.1,9.0,16.9,0.0,79,EDDF
2026-08-16T00:00,24.7,4.4,24.8,0.0,96,EDDF
2026-08-16T01:00,24.5,0.4,9.7,0.0,97,EDDF
2026-08-16T02:00,20.8,5.6,8.6,1.2,98,EDDF
2026-08-16T03:00,20.9,11.2,18.7,0.0,98,EDDF
2026-08-16T04:00,20.3,8.4,21.2,0.0,95,EDDF
2026-08-16T05:00,20.5,7.6,15.5,0.0,21,EDDF
2026-08-16T06:00,20.8,5.0,14.0,0.0,5,EDDF
2026-08-16T07:00,23.1,4.7,15.1,0.0,16,EDDF
2026-08-16T08:00,24.7,2.9,15.5,0.0,6,EDDF
2026-08-16T09:00,26.3,1.9,14.4,0.0,3,EDDF
2026-08-16T10:00,27.7,1.9,14.8,0.0,1,EDDF
2026-08-16T11:00,29.0,2.7,16.2,0.0,2,EDDF
2026-08-16T12:00,30.9,2.2,17.3,0.0,12,EDDF
2026-08-16T13:00,31.5,3.1,22.3,0.0,20,EDDF
2026-08-16T14:00,32.3,4.0,19.4,0.0,41,EDDF
2026-08-16T15:00,32.0,6.1,20.9,0.0,100,EDDF
2026-08-16T16:00,27.9,11.3,24.8,0.7,91,EDDF
2026-08-16T17:00,25.1,4.7,34.6,0.8,56,EDDF
2026-08-16T18:00,23.8,12.4,20.9,0.4,98,EDDF
2026-08-16T19:00,22.7,7.7,31.0,0.4,40,EDDF
2026-08-16T20:00,22.4,7.4,15.8,0.1,2,EDDF
2026-08-16T21:00,22.4,10.5,20.2,0.0,11,EDDF
2026-08-16T22:00,21.8,8.6,18.7,0.0,67,EDDF
2026-08-16T23:00,21.6,8.1,16.9,0.0,95,EDDF
2026-08-17T00:00,20.7,6.5,14.8,0.0,86,EDDF
2026-08-17T01:00,20.5,7.6,13.0,0.0,27,EDDF
2026-08-17T02:00,19.6,5.8,14.0,0.0,14,EDDF
2026-08-17T03:00,18.9,6.0,10.8,0.0,85,EDDF
2026-08-17T04:00,18.5,4.5,10.4,0.0,92,EDDF
2026-08-17T05:00,18.4,6.4,11.2,0.1,100,EDDF
2026-08-17T06:00,19.6,6.8,12.2,0.8,98,EDDF
2026-08-17T07:00,21.2,11.6,24.5,0.0,46,EDDF
2026-08-17T08:00,22.1,11.5,29.5,0.0,100,EDDF
2026-08-17T09:00,18.9,12.3,33.1,0.9,100,EDDF
2026-08-17T10:00,19.4,8.4,29.2,0.1,98,EDDF
2026-08-17T11:00,21.3,8.7,23.4,0.0,100,EDDF
2026-08-17T12:00,21.3,11.5,26.6,0.0,100,EDDF
2026-08-17T13:00,23.2,15.9,37.8,0.0,100,EDDF
2026-08-17T14:00,23.4,16.0,37.8,0.0,100,EDDF
2026-08-17T15:00,22.6,16.1,37.1,0.0,8,EDDF
2026-08-17T16:00,22.8,14.6,36.4,0.0,16,EDDF
2026-08-17T17:00,21.6,12.9,33.5,0.0,5,EDDF
2026-08-17T18:00,20.3,7.1,29.2,0.0,8,EDDF
2026-08-17T19:00,19.0,5.0,13.3,0.0,9,EDDF
2026-08-17T20:00,18.6,2.5,8.6,0.0,22,EDDF
2026-08-17T21:00,18.3,1.8,4.3,0.0,98,EDDF
2026-08-17T22:00,17.9,3.5,5.8,0.0,98,EDDF
2026-08-17T23:00,18.2,3.7,7.6,0.0,100,EDDF
2026-08-18T00:00,17.0,2.4,7.6,0.0,100,EDDF
2026-08-18T01:00,17.1,2.4,6.1,0.4,100,EDDF
2026-08-18T02:00,17.1,2.8,7.6,0.3,92,EDDF
2026-08-18T03:00,17.0,2.2,6.1,0.1,66,EDDF
2026-08-18T04:00,16.7,2.6,5.4,0.0,100,EDDF
2026-08-18T05:00,16.9,2.9,6.1,0.0,100,EDDF
2026-08-18T06:00,16.7,3.6,7.9,0.1,100,EDDF
2026-08-18T07:00,17.3,3.2,10.1,0.5,100,EDDF
2026-08-18T08:00,18.0,2.8,10.4,0.0,100,EDDF
2026-08-18T09:00,17.6,5.5,11.5,0.8,100,EDDF
2026-08-18T10:00,18.1,6.5,14.8,0.5,100,EDDF
2026-08-18T11:00,19.4,6.9,16.9,0.2,100,EDDF
2026-08-18T12:00,21.4,20.1,30.6,0.1,100,EDDF
2026-08-18T13:00,21.8,19.5,42.1,0.3,100,EDDF
2026-08-18T14:00,23.0,21.8,45.7,0.0,100,EDDF
2026-08-18T15:00,23.0,21.5,53.6,0.0,100,EDDF
2026-08-18T16:00,22.8,17.3,45.4,0.0,100,EDDF
2026-08-18T17:00,22.6,14.8,36.0,0.0,100,EDDF
2026-08-18T18:00,21.7,14.7,31.0,0.0,100,EDDF
2026-08-18T19:00,20.8,11.7,28.8,0.0,100,EDDF
2026-08-18T20:00,19.4,10.3,25.6,0.3,100,EDDF
2026-08-18T21:00,18.5,7.0,23.4,0.1,99,EDDF
2026-08-18T22:00,18.2,5.6,13.0,0.0,98,EDDF
2026-08-18T23:00,18.2,5.0,9.7,0.0,93,EDDF
2026-08-19T00:00,18.8,6.7,11.2,0.0,93,EDDF
2026-08-19T01:00,18.5,8.2,14.8,0.1,73,EDDF
2026-08-19T02:00,18.3,9.4,17.3,0.0,78,EDDF
2026-08-19T03:00,18.2,10.0,18.7,0.0,99,EDDF
2026-08-19T04:00,18.4,9.8,19.4,0.0,77,EDDF
2026-08-19T05:00,18.2,11.5,21.2,0.0,20,EDDF
2026-08-19T06:00,19.0,14.5,28.8,0.0,68,EDDF
2026-08-19T07:00,19.9,15.4,33.5,0.0,37,EDDF
2026-08-19T08:00,21.9,16.0,41.0,0.3,76,EDDF
2026-08-19T09:00,22.7,19.2,46.4,0.1,92,EDDF
2026-08-19T10:00,20.5,8.3,42.1,1.6,99,EDDF
2026-08-19T11:00,22.0,8.8,27.7,1.2,83,EDDF
2026-08-19T12:00,21.0,13.7,42.8,0.1,96,EDDF
2026-08-19T13:00,24.2,13.8,32.4,0.2,31,EDDF
2026-08-19T14:00,25.9,14.5,43.2,0.3,19,EDDF
2026-08-19T15:00,25.0,7.5,40.7,0.3,52,EDDF
2026-08-19T16:00,24.1,2.7,29.5,0.8,64,EDDF
2026-08-19T17:00,22.7,9.6,24.1,0.3,50,EDDF
2026-08-19T18:00,21.4,4.4,42.5,2.2,86,EDDF
2026-08-19T19:00,19.2,4.9,50.4,4.9,27,EDDF
2026-08-19T20:00,19.3,6.7,9.4,0.0,48,EDDF
2026-08-19T21:00,18.6,6.4,30.2,0.7,100,EDDF
2026-08-19T22:00,18.6,5.8,26.6,1.3,100,EDDF
2026-08-19T23:00,18.4,9.1,23.0,0.0,52,EDDF
2026-08-20T00:00,17.6,10.3,17.6,0.0,43,EDDF
2026-08-20T01:00,17.1,12.9,25.2,0.2,69,EDDF
2026-08-20T02:00,17.4,11.6,23.4,0.1,80,EDDF
2026-08-20T03:00,17.3,9.7,20.5,0.0,32,EDDF
2026-08-20T04:00,16.6,8.0,17.6,0.0,48,EDDF
2026-08-20T05:00,16.3,6.5,14.0,0.0,29,EDDF
2026-08-20T06:00,17.2,6.1,14.4,0.0,20,EDDF
2026-08-20T07:00,18.3,9.7,21.6,0.0,18,EDDF
2026-08-20T08:00,19.7,10.7,25.9,0.0,34,EDDF
2026-08-20T09:00,21.1,11.7,28.4,0.0,39,EDDF
2026-08-20T10:00,22.3,13.8,32.8,0.0,66,EDDF
2026-08-20T11:00,23.1,13.5,32.8,0.0,91,EDDF
2026-08-20T12:00,24.2,17.0,37.4,0.0,91,EDDF
2026-08-20T13:00,23.9,15.6,37.4,0.0,49,EDDF
2026-08-20T14:00,24.7,17.1,37.8,0.0,74,EDDF
2026-08-20T15:00,24.7,17.1,40.7,0.0,78,EDDF
2026-08-20T16:00,24.1,16.3,37.4,0.0,83,EDDF
2026-08-20T17:00,23.3,11.4,34.2,0.0,49,EDDF
2026-08-20T18:00,21.7,6.0,23.4,0.0,62,EDDF
2026-08-20T19:00,19.9,6.5,9.7,0.0,77,EDDF
2026-08-20T20:00,18.8,6.2,13.0,0.0,83,EDDF
2026-08-20T21:00,18.2,6.0,9.0,0.0,99,EDDF
2026-08-20T22:00,18.0,5.8,9.0,0.0,86,EDDF
2026-08-20T23:00,17.5,6.0,11.9,0.0,16,EDDF
2026-08-21T00:00,16.2,5.4,10.1,0.0,30,EDDF
2026-08-21T01:00,15.8,4.7,9.0,0.0,88,EDDF
2026-08-21T02:00,15.6,4.3,7.6,0.0,83,EDDF
2026-08-21T03:00,15.1,6.0,10.4,0.0,96,EDDF
2026-08-21T04:00,14.8,3.3,10.4,0.0,100,EDDF
2026-08-21T05:00,14.9,0.7,5.4,0.0,94,EDDF
2026-08-21T06:00,15.6,1.0,6.1,0.0,99,EDDF
2026-08-21T07:00,17.3,2.3,8.6,0.0,96,EDDF
2026-08-21T08:00,19.1,1.5,9.0,0.0,100,EDDF
2026-08-21T09:00,19.9,2.1,9.4,0.0,100,EDDF
2026-08-21T10:00,19.6,2.8,9.4,0.0,100,EDDF
2026-08-21T11:00,20.1,3.1,10.8,0.0,100,EDDF
2026-08-21T12:00,22.6,3.2,12.6,0.0,100,EDDF
2026-08-21T13:00,21.4,6.7,16.9,0.2,100,EDDF
2026-08-21T14:00,19.8,6.8,16.2,0.5,100,EDDF
2026-08-21T15:00,18.9,9.6,21.2,0.2,100,EDDF
2026-08-21T16:00,19.2,8.0,21.6,0.0,100,EDDF
2026-08-21T17:00,19.2,7.6,17.6,0.0,100,EDDF
2026-08-21T18:00,18.6,11.8,23.8,0.2,100,EDDF
2026-08-21T19:00,18.2,9.1,22.7,0.0,100,EDDF
2026-08-21T20:00,15.5,14.6,27.4,1.5,100,EDDF
2026-08-21T21:00,15.1,11.2,27.0,1.0,100,EDDF
2026-08-21T22:00,15.0,12.0,22.3,0.4,95,EDDF
2026-08-21T23:00,14.4,8.9,25.6,1.9,27,EDDF
2026-08-22T00:00,14.4,12.9,19.4,0.0,59,EDDF
2026-08-22T01:00,14.2,12.1,25.6,0.0,19,EDDF
2026-08-22T02:00,13.6,11.6,23.0,0.0,39,EDDF
2026-08-22T03:00,13.2,8.7,21.2,0.0,36,EDDF
2026-08-22T04:00,12.9,8.9,15.5,0.0,59,EDDF
2026-08-22T05:00,12.8,11.1,20.2,0.4,75,EDDF
2026-08-22T06:00,13.9,8.4,22.0,0.1,100,EDDF
2026-08-22T07:00,14.4,8.5,21.2,0.4,73,EDDF
2026-08-22T08:00,16.0,5.2,22.0,0.2,47,EDDF
2026-08-22T09:00,17.6,7.8,23.0,0.1,38,EDDF
2026-08-22T10:00,18.7,8.1,24.8,0.0,37,EDDF
2026-08-22T11:00,19.5,10.0,27.4,0.0,38,EDDF
2026-08-22T12:00,16.7,11.9,29.2,0.0,73,EDDF
2026-08-22T13:00,18.9,5.1,24.1,0.1,51,EDDF
2026-08-22T14:00,18.7,11.6,28.4,0.6,30,EDDF
2026-08-22T15:00,18.0,14.8,33.1,0.4,53,EDDF
2026-08-22T16:00,17.9,5.7,32.0,0.3,5,EDDF
2026-08-22T17:00,18.0,6.2,14.8,0.0,13,EDDF
2026-08-22T18:00,17.3,6.8,13.7,0.0,1,EDDF
2026-08-22T19:00,15.9,6.5,12.6,0.0,3,EDDF
2026-08-22T20:00,15.1,6.0,11.2,0.0,5,EDDF
2026-08-22T21:00,14.3,4.5,10.4,0.0,1,EDDF
2026-08-22T22:00,13.5,4.3,7.6,0.0,0,EDDF
2026-08-22T23:00,13.0,2.4,6.8,0.0,2,EDDF
2026-08-23T00:00,11.9,3.1,3.6,0.0,26,EDDF
2026-08-23T01:00,11.4,1.7,4.0,0.0,80,EDDF
2026-08-23T02:00,11.1,2.7,4.0,0.0,78,EDDF
2026-08-23T03:00,10.8,3.6,5.8,0.0,82,EDDF
2026-08-23T04:00,10.3,3.6,5.8,0.0,4,EDDF
2026-08-23T05:00,10.3,2.8,5.8,0.0,98,EDDF
2026-08-23T06:00,11.5,3.2,8.3,0.0,2,EDDF
2026-08-23T07:00,13.9,1.6,9.0,0.0,35,EDDF
2026-08-23T08:00,16.0,3.9,14.0,0.0,24,EDDF
2026-08-23T09:00,17.6,4.2,15.8,0.0,38,EDDF
2026-08-23T10:00,19.0,4.2,16.2,0.0,39,EDDF
2026-08-23T11:00,19.7,6.2,19.4,0.0,21,EDDF
2026-08-23T12:00,20.8,3.6,19.4,0.0,4,EDDF
2026-08-23T13:00,21.0,3.2,14.4,0.0,28,EDDF
2026-08-23T14:00,21.3,5.9,17.6,0.0,75,EDDF
2026-08-23T15:00,20.9,8.9,22.7,0.0,35,EDDF
2026-08-23T16:00,20.3,9.8,23.8,0.0,1,EDDF
2026-08-23T17:00,19.5,8.3,22.3,0.0,1,EDDF
2026-08-23T18:00,17.7,9.4,17.3,0.0,0,EDDF
2026-08-23T19:00,16.0,8.5,16.9,0.0,0,EDDF
2026-08-23T20:00,14.7,6.6,14.8,0.0,0,EDDF
2026-08-23T21:00,13.8,5.8,11.2,0.0,1,EDDF
2026-08-23T22:00,13.5,9.3,15.5,0.0,74,EDDF
2026-08-23T23:00,12.9,9.7,19.1,0.0,41,EDDF
2026-08-24T00:00,11.6,9.2,17.6,0.0,57,EDDF
2026-08-24T01:00,10.9,8.4,16.2,0.0,29,EDDF
2026-08-24T02:00,10.4,9.0,16.2,0.0,51,EDDF
2026-08-24T03:00,10.0,9.4,17.3,0.0,29,EDDF
2026-08-24T04:00,9.6,9.9,18.4,0.0,47,EDDF
2026-08-24T05:00,9.6,9.7,18.4,0.0,54,EDDF
2026-08-24T06:00,10.9,10.6,19.1,0.0,91,EDDF
2026-08-24T07:00,13.1,9.3,21.2,0.0,93,EDDF
2026-08-24T08:00,15.5,9.0,23.0,0.0,95,EDDF
2026-08-24T09:00,17.7,8.8,23.0,0.0,99,EDDF
2026-08-24T10:00,19.3,10.5,26.3,0.0,100,EDDF
2026-08-24T11:00,20.5,11.3,28.1,0.0,98,EDDF
2026-08-24T12:00,21.4,11.1,29.5,0.0,98,EDDF
2026-08-24T13:00,22.3,12.4,30.2,0.0,100,EDDF
2026-08-24T14:00,22.2,11.2,29.9,0.0,100,EDDF
2026-08-24T15:00,21.9,10.4,25.9,0.0,100,EDDF
2026-08-24T16:00,20.6,6.5,23.8,0.0,100,EDDF
2026-08-24T17:00,19.9,7.4,14.4,0.0,100,EDDF
2026-08-24T18:00,18.6,10.3,16.6,0.0,100,EDDF
2026-08-24T19:00,18.0,7.3,18.4,0.0,91,EDDF
2026-08-24T20:00,17.2,8.1,14.0,0.0,63,EDDF
2026-08-24T21:00,16.7,11.5,20.5,0.0,32,EDDF
2026-08-24T22:00,15.8,10.8,22.3,0.0,68,EDDF
2026-08-24T23:00,15.7,12.9,25.2,0.0,96,EDDF
2026-08-25T00:00,16.1,14.3,25.2,0.0,77,EDDF
2026-08-25T01:00,15.5,13.2,27.7,0.0,67,EDDF
2026-08-25T02:00,15.6,12.6,25.6,0.0,100,EDDF
2026-08-25T03:00,15.6,13.4,27.0,0.0,48,EDDF
2026-08-25T04:00,14.4,13.8,27.0,0.0,90,EDDF
2026-08-25T05:00,14.3,13.9,27.7,0.0,96,EDDF
2026-08-25T06:00,14.9,11.2,27.7,0.0,96,EDDF
2026-08-25T07:00,16.8,8.7,21.2,0.0,99,EDDF
2026-08-25T08:00,17.7,6.2,19.8,0.0,100,EDDF
2026-08-25T09:00,18.4,2.1,15.1,0.1,100,EDDF
2026-08-25T10:00,17.9,2.9,9.7,0.5,100,EDDF
2026-08-25T11:00,16.7,2.4,10.8,0.2,100,EDDF
2026-08-25T12:00,18.4,2.3,10.4,0.2,100,EDDF
2026-08-25T13:00,18.0,2.3,12.6,0.3,92,EDDF
2026-08-25T14:00,18.3,3.6,12.6,0.2,100,EDDF
2026-08-25T15:00,17.1,3.7,12.6,0.2,100,EDDF
2026-08-25T16:00,17.1,3.0,10.8,0.0,100,EDDF
2026-08-25T17:00,16.7,2.3,6.8,0.2,100,EDDF
2026-08-25T18:00,16.4,4.2,7.9,0.2,100,EDDF
2026-08-25T19:00,15.8,5.8,10.1,0.2,100,EDDF
2026-08-25T20:00,15.7,5.9,11.9,0.2,100,EDDF
2026-08-25T21:00,15.3,7.9,13.3,0.0,100,EDDF
2026-08-25T22:00,15.2,7.2,13.3,0.0,37,EDDF
2026-08-25T23:00,15.1,6.0,11.9,0.0,94,EDDF
2026-08-26T00:00,14.9,5.7,11.9,0.0,2,EDDF
2026-08-26T01:00,14.1,4.8,8.3,0.0,20,EDDF
2026-08-26T02:00,13.9,5.1,9.4,0.0,97,EDDF
2026-08-26T03:00,13.5,5.0,7.9,0.0,96,EDDF
2026-08-26T04:00,13.3,3.2,7.2,0.0,98,EDDF
2026-08-26T05:00,13.4,2.7,4.7,0.0,99,EDDF
2026-08-26T06:00,14.5,3.7,9.7,0.0,100,EDDF
2026-08-26T07:00,15.7,2.0,10.4,0.0,98,EDDF
2026-08-26T08:00,17.4,2.5,11.9,0.0,70,EDDF
2026-08-26T09:00,19.6,3.0,13.7,0.0,97,EDDF
2026-08-26T10:00,21.4,4.1,15.5,0.0,54,EDDF
2026-08-26T11:00,23.1,4.4,16.2,0.0,100,EDDF
2026-08-26T12:00,24.3,1.7,16.2,0.0,53,EDDF
2026-08-26T13:00,25.4,2.2,13.7,0.0,21,EDDF
2026-08-26T14:00,25.6,3.4,13.3,0.0,11,EDDF
2026-08-26T15:00,25.7,6.6,18.0,0.0,9,EDDF
2026-08-26T16:00,25.3,8.8,20.5,0.0,14,EDDF
2026-08-26T17:00,24.2,10.5,23.4,0.0,53,EDDF
2026-08-26T18:00,22.5,10.7,22.0,0.0,83,EDDF
2026-08-26T19:00,21.3,10.7,20.9,0.0,84,EDDF
2026-08-26T20:00,20.6,11.6,22.3,0.0,94,EDDF
2026-08-26T21:00,19.8,10.1,22.3,0.0,98,EDDF
2026-08-26T22:00,19.3,10.6,20.2,0.0,84,EDDF
2026-08-26T23:00,18.7,10.2,20.2,0.0,88,EDDF
2026-08-27T00:00,18.4,11.5,20.2,0.0,95,EDDF
2026-08-27T01:00,18.3,10.4,21.2,0.0,45,EDDF
2026-08-27T02:00,17.9,10.3,21.2,0.0,40,EDDF
2026-08-27T03:00,17.4,9.7,19.4,0.0,13,EDDF
2026-08-27T04:00,17.4,10.2,19.1,0.0,16,EDDF
2026-08-27T05:00,17.4,9.2,19.1,0.0,5,EDDF
2026-08-27T06:00,18.6,9.1,17.3,0.0,14,EDDF
2026-08-27T07:00,21.0,10.9,24.5,0.0,87,EDDF
2026-08-27T08:00,22.2,9.0,24.5,0.0,86,EDDF
2026-08-27T09:00,24.3,10.5,25.6,0.0,87,EDDF
2026-08-27T10:00,26.5,9.2,26.3,0.0,83,EDDF
2026-08-27T11:00,29.0,9.6,24.5,0.0,92,EDDF
2026-08-27T12:00,30.9,7.1,24.5,0.0,98,EDDF
2026-08-27T13:00,31.8,7.7,18.7,0.0,98,EDDF
2026-08-27T14:00,32.7,11.1,25.9,0.0,98,EDDF
2026-08-27T15:00,32.2,11.0,25.9,0.0,96,EDDF
2026-08-27T16:00,31.0,7.8,25.2,0.0,94,EDDF
2026-08-27T17:00,29.9,3.4,16.2,0.0,100,EDDF
2026-08-27T18:00,25.0,11.6,5.4,0.0,99,EDDF
2026-08-27T19:00,24.2,1.2,20.2,0.1,91,EDDF
2026-08-27T20:00,23.4,4.0,4.3,0.1,98,EDDF
2026-08-27T21:00,23.0,12.0,21.6,0.1,99,EDDF
2026-08-27T22:00,22.5,6.7,20.5,0.0,100,EDDF
2026-08-27T23:00,20.5,7.4,25.6,0.7,100,EDDF
2026-08-28T00:00,20.9,15.3,17.6,0.3,100,EDDF
2026-08-28T01:00,20.4,3.8,27.0,0.3,100,EDDF
2026-08-28T02:00,19.8,6.9,13.3,0.0,100,EDDF
2026-08-28T03:00,19.7,8.1,16.6,0.0,100,EDDF
2026-08-28T04:00,19.8,3.8,14.0,0.0,96,EDDF
2026-08-28T05:00,19.3,4.7,5.4,0.0,95,EDDF
2026-08-28T06:00,20.1,13.9,19.8,0.0,91,EDDF
2026-08-28T07:00,20.7,13.9,33.8,0.0,98,EDDF
2026-08-28T08:00,23.6,13.0,28.1,0.0,95,EDDF
2026-08-28T09:00,23.9,15.7,34.6,0.1,100,EDDF
2026-08-28T10:00,22.6,9.7,34.2,0.5,80,EDDF
2026-08-28T11:00,23.4,15.0,40.0,0.2,99,EDDF
2026-08-28T12:00,23.2,11.9,51.5,1.1,100,EDDF
2026-08-28T13:00,24.1,18.8,42.8,0.3,98,EDDF
2026-08-28T14:00,24.9,20.8,47.2,0.1,87,EDDF
2026-08-28T15:00,22.8,22.9,51.8,0.7,99,EDDF
2026-08-28T16:00,23.0,17.0,46.8,0.0,100,EDDF
2026-08-28T17:00,22.6,15.7,36.0,0.0,94,EDDF
2026-08-28T18:00,21.6,19.3,32.4,0.0,17,EDDF
2026-08-28T19:00,20.7,18.5,40.0,0.0,87,EDDF
2026-08-28T20:00,19.5,17.8,38.2,0.0,55,EDDF
2026-08-28T21:00,18.7,14.5,36.4,0.0,3,EDDF
2026-08-28T22:00,17.8,14.0,29.2,0.0,28,EDDF
2026-08-28T23:00,17.2,12.1,27.7,0.0,1,EDDF
2026-08-29T00:00,17.2,12.2,23.8,0.0,85,EDDF
2026-08-29T01:00,16.8,11.9,23.8,0.0,55,EDDF
2026-08-29T02:00,16.1,11.3,22.7,0.0,2,EDDF
2026-08-29T03:00,15.6,10.9,22.0,0.0,0,EDDF
2026-08-29T04:00,15.2,10.9,20.9,0.0,0,EDDF
2026-08-29T05:00,14.9,10.6,20.5,0.0,1,EDDF
2026-08-29T06:00,15.8,10.5,21.6,0.0,51,EDDF
2026-08-29T07:00,17.6,12.7,27.7,0.0,8,EDDF
2026-08-29T08:00,19.3,12.2,29.9,0.0,17,EDDF
2026-08-29T09:00,20.9,12.3,34.9,0.0,11,EDDF
2026-08-29T10:00,22.2,15.8,36.7,0.1,17,EDDF
2026-08-29T11:00,23.7,16.4,38.2,0.1,15,EDDF
2026-08-29T12:00,24.5,19.2,41.4,0.0,60,EDDF
2026-08-29T13:00,24.6,18.9,43.6,0.1,35,EDDF
2026-08-29T14:00,24.7,20.0,44.3,0.0,98,EDDF
2026-08-29T15:00,24.2,18.0,44.6,0.0,100,EDDF
2026-08-29T16:00,23.3,18.5,39.6,0.0,97,EDDF
2026-08-29T17:00,22.4,12.5,38.9,0.0,9,EDDF
2026-08-29T18:00,21.9,13.0,25.6,0.0,22,EDDF
2026-08-29T19:00,21.5,12.0,24.5,0.0,73,EDDF
2026-08-29T20:00,18.4,14.2,28.8,2.7,94,EDDF
2026-08-29T21:00,18.8,18.2,32.4,0.0,55,EDDF
2026-08-29T22:00,19.4,17.5,37.1,0.0,73,EDDF
2026-08-29T23:00,20.3,17.0,35.3,0.0,100,EDDF
2026-08-30T00:00,20.2,15.0,34.2,0.0,38,EDDF
2026-08-30T01:00,19.9,15.0,32.4,0.1,23,EDDF
2026-08-30T02:00,19.3,15.6,31.3,0.1,34,EDDF
2026-08-30T03:00,19.0,16.2,32.4,0.1,91,EDDF
2026-08-30T04:00,19.0,16.4,33.8,0.0,100,EDDF
2026-08-30T05:00,19.0,16.1,33.8,0.0,81,EDDF
2026-08-30T06:00,19.9,18.3,34.6,0.0,55,EDDF
2026-08-30T07:00,21.2,20.1,42.5,0.0,36,EDDF
2026-08-30T08:00,22.2,20.7,45.0,0.0,42,EDDF
2026-08-30T09:00,23.1,19.0,45.4,0.0,45,EDDF
2026-08-30T10:00,24.2,19.9,45.0,0.0,87,EDDF
2026-08-30T11:00,25.0,20.1,45.0,0.0,72,EDDF
2026-08-30T12:00,25.9,18.0,44.6,0.0,83,EDDF
2026-08-30T13:00,26.1,17.7,41.4,0.0,98,EDDF
2026-08-30T14:00,26.3,17.2,40.3,0.0,98,EDDF
2026-08-30T15:00,25.8,15.4,38.9,0.0,97,EDDF
2026-08-30T16:00,25.6,13.7,33.8,0.0,98,EDDF
2026-08-30T17:00,24.7,9.3,29.9,0.0,97,EDDF
2026-08-30T18:00,22.9,10.6,19.4,0.0,88,EDDF
2026-08-30T19:00,21.3,9.0,18.7,0.0,88,EDDF
2026-08-30T20:00,20.4,5.6,16.2,0.0,94,EDDF
2026-08-30T21:00,19.9,1.7,9.0,0.0,83,EDDF
2026-08-30T22:00,19.5,0.7,2.5,0.0,89,EDDF
2026-08-30T23:00,19.1,5.9,10.1,0.0,100,EDDF
2026-08-31T00:00,17.3,6.8,11.9,0.5,100,EDDF
2026-08-31T01:00,16.9,4.2,12.6,2.2,100,EDDF
2026-08-31T02:00,16.9,5.1,9.4,0.5,88,EDDF
2026-08-31T03:00,16.9,9.4,16.6,0.4,100,EDDF
2026-08-31T04:00,17.1,15.2,28.8,0.4,43,EDDF
2026-08-31T05:00,16.8,16.4,31.0,0.0,13,EDDF
2026-08-31T06:00,17.0,16.9,33.1,0.0,7,EDDF
2026-08-31T07:00,18.5,17.1,39.6,0.0,14,EDDF
2026-08-31T08:00,20.1,21.9,46.8,0.0,13,EDDF
2026-08-31T09:00,21.1,23.0,50.4,0.0,25,EDDF
2026-08-31T10:00,21.7,24.2,53.3,0.2,47,EDDF
2026-08-31T11:00,22.3,23.1,55.4,0.2,8,EDDF
2026-08-31T12:00,22.6,22.9,54.7,0.0,28,EDDF
2026-08-31T13:00,22.7,23.7,56.9,0.0,47,EDDF
2026-08-31T14:00,23.4,23.7,56.5,0.0,100,EDDF
2026-08-31T15:00,16.9,23.0,53.3,1.8,96,EDDF
2026-08-31T16:00,18.1,10.7,43.9,0.2,94,EDDF
2026-08-31T17:00,19.5,19.0,39.6,0.0,73,EDDF
2026-08-31T18:00,18.2,20.1,38.9,0.0,61,EDDF
2026-08-31T19:00,17.2,13.9,40.7,0.5,38,EDDF
2026-08-31T20:00,15.4,11.1,29.9,1.0,36,EDDF
2026-08-31T21:00,15.6,10.7,19.8,0.0,5,EDDF
2026-08-31T22:00,15.4,11.1,19.8,0.0,4,EDDF
2026-08-31T23:00,15.1,10.6,20.2,0.0,20,EDDF
2026-09-01T00:00,16.1,9.8,19.1,0.0,23,EDDF
2026-09-01T01:00,15.5,9.8,18.0,0.0,45,EDDF
2026-09-01T02:00,15.2,9.8,19.1,0.0,18,EDDF
2026-09-01T03:00,14.7,9.5,18.4,0.0,67,EDDF
2026-09-01T04:00,14.4,9.1,17.6,0.0,91,EDDF
2026-09-01T05:00,14.2,9.4,17.3,0.0,90,EDDF
2026-09-01T06:00,15.0,8.6,19.1,0.0,68,EDDF
2026-09-01T07:00,16.5,9.6,22.0,0.0,63,EDDF
2026-09-01T08:00,18.1,10.5,25.6,0.0,65,EDDF
2026-09-01T09:00,19.6,11.9,28.8,0.0,19,EDDF
2026-09-01T10:00,21.0,11.9,29.5,0.0,27,EDDF
2026-09-01T11:00,22.2,12.1,30.2,0.0,9,EDDF
2026-09-01T12:00,23.3,11.6,31.7,0.0,59,EDDF
2026-09-01T13:00,23.9,11.8,28.4,0.0,40,EDDF
2026-09-01T14:00,23.9,12.2,28.4,0.0,90,EDDF
2026-09-01T15:00,23.9,13.8,32.8,0.0,100,EDDF
2026-09-01T16:00,23.2,10.8,30.2,0.0,54,EDDF
2026-09-01T17:00,22.4,8.5,22.7,0.0,45,EDDF
2026-09-01T18:00,20.3,8.4,17.3,0.0,95,EDDF
2026-09-01T19:00,19.2,8.4,15.1,0.0,80,EDDF
2026-09-01T20:00,17.9,6.2,14.8,0.0,74,EDDF
2026-09-01T21:00,16.6,5.1,10.1,0.0,36,EDDF
2026-09-01T22:00,15.8,7.1,12.2,0.0,16,EDDF
2026-09-01T23:00,15.1,6.9,12.6,0.0,3,EDDF
2026-09-02T00:00,13.8,5.5,11.9,0.0,0,EDDF
2026-09-02T01:00,13.2,2.4,9.4,0.0,16,EDDF
2026-09-02T02:00,12.7,2.7,4.3,0.0,42,EDDF
2026-09-02T03:00,12.3,3.1,5.0,0.0,100,EDDF
2026-09-02T04:00,12.1,3.5,6.1,0.0,100,EDDF
2026-09-02T05:00,12.0,2.9,6.8,0.0,100,EDDF
2026-09-02T06:00,12.2,1.9,6.5,0.0,100,EDDF
2026-09-02T07:00,14.4,0.9,7.9,0.0,89,EDDF
2026-09-02T08:00,17.0,2.3,10.8,0.0,34,EDDF
2026-09-02T09:00,19.5,3.8,14.0,0.0,47,EDDF
2026-09-02T10:00,21.5,5.3,16.9,0.0,99,EDDF
2026-09-02T11:00,22.6,8.7,23.4,0.0,97,EDDF
2026-09-02T12:00,23.7,10.5,27.7,0.0,100,EDDF
2026-09-02T13:00,23.4,11.4,25.9,0.0,95,EDDF
2026-09-02T14:00,23.7,12.7,29.2,0.0,98,EDDF
2026-09-02T15:00,23.4,12.9,30.2,0.0,77,EDDF
2026-09-02T16:00,23.2,11.8,28.8,0.0,50,EDDF
2026-09-02T17:00,22.0,10.1,25.9,0.0,64,EDDF
2026-09-02T18:00,20.1,11.2,20.9,0.0,71,EDDF
2026-09-02T19:00,19.1,8.4,19.8,0.0,63,EDDF
2026-09-02T20:00,17.4,4.7,15.5,0.0,71,EDDF
2026-09-02T21:00,16.6,1.8,6.5,0.0,76,EDDF
2026-09-02T22:00,15.7,1.7,3.2,0.0,58,EDDF
2026-09-02T23:00,14.6,3.2,5.0,0.0,67,EDDF
2026-09-03T00:00,14.2,1.9,5.0,0.0,18,EDDF
2026-09-03T01:00,13.6,2.3,4.3,0.0,34,EDDF
2026-09-03T02:00,12.9,4.3,6.5,0.0,75,EDDF
2026-09-03T03:00,12.8,7.7,13.7,0.0,24,EDDF
2026-09-03T04:00,12.7,8.7,15.8,0.0,25,EDDF
2026-09-03T05:00,12.7,8.2,15.5,0.0,88,EDDF
2026-09-03T06:00,14.3,9.2,17.6,0.0,95,EDDF
2026-09-03T07:00,16.2,9.5,20.5,0.0,95,EDDF
2026-09-03T08:00,18.6,10.2,24.1,0.0,99,EDDF
2026-09-03T09:00,21.1,11.4,27.0,0.0,98,EDDF
2026-09-03T10:00,23.0,15.7,34.6,0.0,99,EDDF
2026-09-03T11:00,24.3,20.4,44.3,0.0,98,EDDF
2026-09-03T12:00,24.5,20.3,46.4,0.0,98,EDDF
2026-09-03T13:00,23.8,19.2,46.4,0.0,96,EDDF
2026-09-03T14:00,24.3,11.9,41.0,0.2,100,EDDF
2026-09-03T15:00,25.5,19.9,41.0,0.0,76,EDDF
2026-09-03T16:00,25.2,15.2,41.8,0.0,83,EDDF
2026-09-03T17:00,23.8,15.3,37.8,0.0,88,EDDF
2026-09-03T18:00,22.8,10.2,31.0,0.0,76,EDDF
2026-09-03T19:00,21.3,10.1,18.4,0.0,93,EDDF
2026-09-03T20:00,21.6,10.3,20.5,0.0,68,EDDF
2026-09-03T21:00,20.6,10.5,20.2,0.0,73,EDDF
2026-09-03T22:00,20.0,11.3,21.2,0.0,93,EDDF
2026-09-03T23:00,19.5,11.3,21.2,0.0,70,EDDF
2026-09-04T00:00,19.5,11.5,22.3,0.0,66,EDDF
2026-09-04T01:00,19.6,11.6,22.0,0.0,53,EDDF
2026-09-04T02:00,19.4,12.4,23.0,0.0,67,EDDF
2026-09-04T03:00,19.1,12.8,24.5,0.0,41,EDDF
2026-09-04T04:00,18.8,12.1,24.5,0.0,42,EDDF
2026-09-04T05:00,18.6,12.1,23.0,0.0,70,EDDF
2026-09-04T06:00,19.7,12.6,26.6,0.0,45,EDDF
2026-09-04T07:00,21.3,12.1,25.9,0.0,47,EDDF
2026-09-04T08:00,23.2,14.7,32.4,0.0,20,EDDF
2026-09-04T09:00,25.3,18.7,41.4,0.0,9,EDDF
2026-09-04T10:00,27.1,25.5,54.0,0.0,36,EDDF
2026-09-04T11:00,28.0,25.6,58.0,0.0,45,EDDF
2026-09-04T12:00,29.1,23.8,56.9,0.0,48,EDDF
2026-09-04T13:00,29.8,24.8,55.1,0.0,20,EDDF
2026-09-04T14:00,30.4,24.5,53.6,0.0,18,EDDF
2026-09-04T15:00,30.6,27.2,58.3,0.0,92,EDDF
2026-09-04T16:00,29.3,23.0,58.0,0.0,34,EDDF
2026-09-04T17:00,27.9,20.9,49.0,0.0,20,EDDF
2026-09-04T18:00,26.4,19.6,43.2,0.0,14,EDDF
2026-09-04T19:00,25.8,17.6,38.9,0.0,48,EDDF
2026-09-04T20:00,22.6,23.0,48.2,0.0,70,EDDF
2026-09-04T21:00,18.9,14.0,49.7,1.2,96,EDDF
2026-09-04T22:00,18.5,8.6,25.9,0.3,99,EDDF
2026-09-04T23:00,18.5,4.8,15.1,0.0,100,EDDF
2026-09-05T00:00,17.5,7.7,9.4,0.0,99,EDDF
2026-09-05T01:00,17.2,7.8,14.4,0.0,99,EDDF
2026-09-05T02:00,17.2,5.6,13.3,0.0,100,EDDF
2026-09-05T03:00,17.5,7.6,13.0,0.0,100,EDDF
2026-09-05T04:00,17.5,8.3,14.8,0.0,100,EDDF
2026-09-05T05:00,17.1,7.3,15.1,0.0,100,EDDF
2026-09-05T06:00,16.9,6.9,16.6,0.0,81,EDDF
2026-09-05T07:00,18.6,7.3,17.6,0.0,95,EDDF
2026-09-05T08:00,19.1,9.8,23.8,0.0,98,EDDF
2026-09-05T09:00,20.4,13.4,31.7,0.0,86,EDDF
2026-09-05T10:00,21.4,13.9,33.8,0.0,96,EDDF
2026-09-05T11:00,22.6,13.5,34.6,0.0,32,EDDF
2026-09-05T12:00,23.5,13.0,34.9,0.0,26,EDDF
2026-09-05T13:00,23.6,13.5,33.8,0.0,33,EDDF
2026-09-05T14:00,24.0,14.4,34.9,0.0,14,EDDF
2026-09-05T15:00,24.0,14.0,34.9,0.0,13,EDDF
2026-09-05T16:00,23.5,14.1,33.1,0.0,9,EDDF
2026-09-05T17:00,22.4,11.9,32.0,0.0,9,EDDF
2026-09-05T18:00,20.4,8.9,25.2,0.0,2,EDDF
2026-09-05T19:00,18.7,10.4,19.1,0.0,9,EDDF
2026-09-05T20:00,17.7,8.7,19.8,0.0,76,EDDF
2026-09-05T21:00,16.9,6.4,15.5,0.0,74,EDDF
2026-09-05T22:00,16.2,6.1,10.8,0.0,16,EDDF
2026-09-05T23:00,15.5,7.1,12.2,0.0,2,EDDF
2026-09-06T00:00,14.4,6.2,12.2,0.0,8,EDDF
2026-09-06T01:00,13.6,4.9,10.8,0.0,34,EDDF
2026-09-06T02:00,12.9,2.9,7.6,0.0,42,EDDF
2026-09-06T03:00,12.3,0.6,4.3,0.0,23,EDDF
2026-09-06T04:00,11.7,0.6,1.4,0.0,0,EDDF
2026-09-06T05:00,11.0,3.0,4.7,0.0,0,EDDF
2026-09-06T06:00,11.9,6.0,12.2,0.0,8,EDDF
2026-09-06T07:00,14.2,5.3,14.8,0.0,16,EDDF
2026-09-06T08:00,16.5,5.9,18.0,0.0,9,EDDF
2026-09-06T09:00,18.3,5.8,19.4,0.0,9,EDDF
2026-09-06T10:00,19.9,4.8,19.1,0.0,16,EDDF
2026-09-06T11:00,21.3,4.5,19.1,0.0,11,EDDF
2026-09-06T12:00,23.4,6.0,19.4,0.0,48,EDDF
2026-09-06T13:00,23.8,6.0,20.9,0.0,30,EDDF
2026-09-06T14:00,24.4,5.9,20.2,0.0,92,EDDF
2026-09-06T15:00,24.5,7.2,20.2,0.0,100,EDDF
2026-09-06T16:00,24.0,8.1,20.2,0.0,98,EDDF
2026-09-06T17:00,23.0,7.9,19.4,0.0,98,EDDF
2026-09-06T18:00,20.7,7.4,15.8,0.0,90,EDDF
2026-09-06T19:00,19.5,7.6,13.3,0.0,95,EDDF
2026-09-06T20:00,19.2,9.2,15.1,0.0,92,EDDF
2026-09-06T21:00,18.8,8.8,19.1,0.0,91,EDDF
2026-09-06T22:00,18.1,10.5,17.6,0.0,99,EDDF
2026-09-06T23:00,18.6,9.5,22.0,0.0,98,EDDF
2026-09-07T00:00,17.4,6.2,17.6,0.0,98,EDDF
2026-09-07T01:00,16.9,7.2,14.0,0.0,100,EDDF
2026-09-07T02:00,17.2,2.7,13.3,0.0,100,EDDF
2026-09-07T03:00,16.6,10.6,21.2,0.3,95,EDDF
2026-09-07T04:00,16.1,3.9,19.4,0.0,98,EDDF
2026-09-07T05:00,15.4,5.7,10.8,0.0,88,EDDF
2026-09-07T06:00,15.7,6.9,17.6,0.0,99,EDDF
2026-09-07T07:00,15.7,2.4,13.3,0.0,100,EDDF
2026-09-07T08:00,18.1,3.0,13.7,0.0,99,EDDF
2026-09-07T09:00,20.7,3.8,14.0,0.0,74,EDDF
2026-09-07T10:00,23.9,7.2,20.2,0.0,100,EDDF
2026-09-07T11:00,24.0,6.8,21.6,0.0,81,EDDF
2026-09-07T12:00,27.6,10.1,18.4,0.0,23,EDDF
2026-09-07T13:00,28.5,9.1,25.9,0.0,22,EDDF
2026-09-07T14:00,29.4,9.5,24.1,0.0,14,EDDF
2026-09-07T15:00,30.4,11.4,26.3,0.0,5,EDDF
2026-09-07T16:00,29.9,13.0,28.4,0.0,8,EDDF
2026-09-07T17:00,28.5,11.8,28.4,0.0,3,EDDF
2026-09-07T18:00,26.5,12.0,23.8,0.0,5,EDDF
2026-09-07T19:00,25.6,10.9,20.9,0.0,26,EDDF
2026-09-07T20:00,24.9,11.0,19.8,0.0,63,EDDF
2026-09-07T21:00,23.8,9.8,19.8,0.0,19,EDDF
2026-09-07T22:00,22.6,9.6,17.3,0.0,74,EDDF
2026-09-07T23:00,21.8,10.3,19.1,0.0,84,EDDF
2026-09-08T00:00,20.5,9.0,19.1,0.0,37,EDDF
2026-09-08T01:00,19.4,6.2,15.8,0.0,67,EDDF
2026-09-08T02:00,18.3,3.6,11.2,0.0,55,EDDF
2026-09-08T03:00,17.7,3.5,5.8,0.0,57,EDDF
2026-09-08T04:00,17.2,5.3,8.3,0.0,21,EDDF
2026-09-08T05:00,17.1,6.9,12.2,0.0,20,EDDF
2026-09-08T06:00,18.1,7.6,13.0,0.0,13,EDDF
2026-09-08T07:00,20.2,7.2,17.6,0.0,10,EDDF
2026-09-08T08:00,22.6,8.0,20.5,0.0,30,EDDF
2026-09-08T09:00,24.9,9.7,24.8,0.0,19,EDDF
2026-09-08T10:00,26.6,10.8,28.1,0.0,18,EDDF
2026-09-08T11:00,28.0,16.0,37.1,0.0,20,EDDF
2026-09-08T12:00,28.9,17.8,43.9,0.1,25,EDDF
2026-09-08T13:00,29.5,20.5,45.7,0.2,21,EDDF
2026-09-08T14:00,29.9,21.1,46.8,0.1,25,EDDF
2026-09-08T15:00,29.9,18.8,46.8,0.0,24,EDDF
2026-09-08T16:00,29.7,19.6,45.7,0.0,11,EDDF
2026-09-08T17:00,28.7,16.8,41.8,0.0,28,EDDF
2026-09-08T18:00,27.4,15.5,34.9,0.0,41,EDDF
2026-09-08T19:00,26.7,14.5,32.0,0.0,20,EDDF
2026-09-08T20:00,26.0,15.7,31.0,0.0,95,EDDF
2026-09-08T21:00,25.4,15.8,32.4,0.0,100,EDDF
2026-09-08T22:00,25.2,19.2,38.9,0.0,91,EDDF
2026-09-08T23:00,23.2,23.0,49.0,0.0,50,EDDF
2026-09-09T00:00,22.3,20.4,48.6,0.0,82,EDDF
2026-09-09T01:00,20.3,15.7,41.4,0.0,51,EDDF
2026-09-09T02:00,18.1,14.5,33.1,0.0,87,EDDF
2026-09-09T03:00,17.3,11.7,29.9,0.0,90,EDDF
2026-09-09T04:00,16.9,11.0,24.1,0.0,91,EDDF
2026-09-09T05:00,16.4,10.2,23.4,0.0,100,EDDF
2026-09-09T06:00,16.1,10.3,22.7,0.0,98,EDDF
2026-09-09T07:00,16.5,10.6,24.8,0.0,80,EDDF
2026-09-09T08:00,17.8,11.2,27.4,0.0,100,EDDF
2026-09-09T09:00,18.4,13.0,31.7,0.0,100,EDDF
2026-09-09T10:00,19.0,14.6,34.2,0.0,100,EDDF
2026-09-09T11:00,19.0,15.2,36.0,0.0,93,EDDF
2026-09-09T12:00,20.6,14.8,36.4,0.0,100,EDDF
2026-09-09T13:00,20.2,15.5,35.6,0.0,100,EDDF
2026-09-09T14:00,20.9,15.2,36.7,0.0,79,EDDF
2026-09-09T15:00,21.3,14.6,35.3,0.0,55,EDDF
2026-09-09T16:00,21.0,15.8,33.5,0.0,100,EDDF
2026-09-09T17:00,19.9,14.9,36.0,0.0,14,EDDF
2026-09-09T18:00,18.7,12.3,31.0,0.0,11,EDDF
2026-09-09T19:00,17.1,10.0,23.8,0.0,21,EDDF
2026-09-09T20:00,15.9,8.3,19.4,0.0,5,EDDF
2026-09-09T21:00,15.3,11.1,20.5,0.0,1,EDDF
2026-09-09T22:00,14.6,10.5,21.6,0.0,2,EDDF
2026-09-09T23:00,13.8,7.8,19.8,0.0,2,EDDF
2026-09-10T00:00,12.6,4.0,13.7,0.0,1,EDDF
2026-09-10T01:00,12.2,4.0,6.8,0.0,1,EDDF
2026-09-10T02:00,11.7,3.4,7.2,0.0,0,EDDF
2026-09-10T03:00,11.3,3.1,6.1,0.0,1,EDDF
2026-09-10T04:00,10.8,2.8,5.4,0.0,1,EDDF
2026-09-10T05:00,10.1,2.7,5.0,0.0,2,EDDF
2026-09-10T06:00,10.7,4.8,10.1,0.0,9,EDDF
2026-09-10T07:00,12.9,2.6,10.8,0.0,2,EDDF
2026-09-10T08:00,14.8,2.5,12.2,0.0,4,EDDF
2026-09-10T09:00,16.8,3.6,15.5,0.0,50,EDDF
2026-09-10T10:00,18.2,3.0,15.5,0.0,47,EDDF
2026-09-10T11:00,19.0,3.4,15.1,0.0,63,EDDF
2026-09-10T12:00,20.2,4.5,15.1,0.0,98,EDDF
2026-09-10T13:00,20.3,5.5,18.4,0.0,59,EDDF
2026-09-10T14:00,20.7,4.9,18.7,0.0,100,EDDF
2026-09-10T15:00,20.5,3.8,17.3,0.0,80,EDDF
2026-09-10T16:00,20.2,2.8,13.3,0.0,31,EDDF
2026-09-10T17:00,19.5,2.8,10.1,0.0,4,EDDF
2026-09-10T18:00,16.9,8.5,10.1,0.0,8,EDDF
2026-09-10T19:00,16.0,7.1,15.5,0.0,5,EDDF
2026-09-10T20:00,15.0,4.8,12.6,0.0,2,EDDF
2026-09-10T21:00,14.1,4.2,7.6,0.0,9,EDDF
2026-09-10T22:00,13.5,4.1,6.8,0.0,11,EDDF
2026-09-10T23:00,13.0,4.1,6.1,0.0,5,EDDF
2026-09-11T00:00,12.1,4.8,7.6,0.0,0,EDDF
2026-09-11T01:00,11.1,4.5,8.3,0.0,0,EDDF
2026-09-11T02:00,10.4,6.5,10.8,0.0,1,EDDF
2026-09-11T03:00,9.9,7.7,13.7,0.0,1,EDDF
2026-09-11T04:00,9.4,3.9,13.7,0.0,40,EDDF
2026-09-11T05:00,9.1,1.0,7.2,0.0,96,EDDF
2026-09-11T06:00,9.8,3.8,6.1,0.0,95,EDDF
2026-09-11T07:00,12.9,0.4,7.9,0.0,100,EDDF
2026-09-11T08:00,15.4,1.8,9.7,0.0,94,EDDF
2026-09-11T09:00,17.9,5.4,17.3,0.0,91,EDDF
2026-09-11T10:00,20.1,7.5,21.6,0.0,89,EDDF
2026-09-11T11:00,21.9,8.7,24.8,0.0,12,EDDF
2026-09-11T12:00,23.4,10.7,28.1,0.0,69,EDDF
2026-09-11T13:00,23.3,10.4,28.1,0.0,98,EDDF
2026-09-11T14:00,24.0,10.2,27.0,0.0,42,EDDF
2026-09-11T15:00,24.3,10.5,25.9,0.0,46,EDDF
2026-09-11T16:00,24.8,9.4,25.2,0.0,91,EDDF
2026-09-11T17:00,23.3,8.4,21.2,0.0,17,EDDF
2026-09-11T18:00,20.5,12.0,17.6,0.0,9,EDDF
2026-09-11T19:00,18.9,8.5,28.1,0.0,59,EDDF
2026-09-11T20:00,17.6,4.6,15.8,0.0,100,EDDF
2026-09-11T21:00,17.5,4.5,8.6,0.0,72,EDDF
2026-09-11T22:00,16.3,2.8,8.3,0.4,63,EDDF
2026-09-11T23:00,15.8,1.3,5.4,0.2,29,EDDF
2026-09-12T00:00,15.4,2.1,2.5,0.0,19,EDDF
2026-09-12T01:00,14.8,0.6,2.9,0.0,10,EDDF
2026-09-12T02:00,14.3,0.4,1.1,0.0,19,EDDF
2026-09-12T03:00,14.0,0.4,1.8,0.0,66,EDDF
2026-09-12T04:00,14.1,0.8,2.5,0.1,68,EDDF
2026-09-12T05:00,13.9,1.8,3.6,0.0,39,EDDF
2026-09-12T06:00,13.9,5.2,3.2,0.0,35,EDDF
2026-09-12T07:00,15.6,1.2,10.1,0.0,71,EDDF
2026-09-12T08:00,17.4,0.0,9.0,0.0,84,EDDF
2026-09-12T09:00,19.6,2.8,13.7,0.0,48,EDDF
2026-09-12T10:00,21.6,4.9,18.0,0.0,57,EDDF
2026-09-12T11:00,22.7,7.2,22.3,0.0,41,EDDF
2026-09-12T12:00,24.0,11.9,24.5,0.0,66,EDDF
2026-09-12T13:00,24.6,9.6,29.2,0.0,36,EDDF
2026-09-12T14:00,25.5,8.3,24.8,0.0,47,EDDF
2026-09-12T15:00,26.0,10.4,25.6,0.0,66,EDDF
2026-09-12T16:00,25.1,7.1,25.6,0.0,81,EDDF
2026-09-12T17:00,23.2,5.3,16.6,0.0,98,EDDF
2026-09-12T18:00,20.6,5.2,14.8,0.0,100,EDDF
2026-09-12T19:00,20.5,2.5,11.5,0.0,78,EDDF
2026-09-12T20:00,19.7,4.1,5.4,0.0,63,EDDF
2026-09-12T21:00,18.6,4.6,7.2,0.0,54,EDDF
2026-09-12T22:00,17.3,4.2,8.3,0.0,51,EDDF
2026-09-12T23:00,16.6,3.6,6.1,0.0,14,EDDF
2026-09-13T00:00,16.0,4.5,5.8,0.0,60,EDDF
2026-09-13T01:00,15.6,3.1,7.2,0.0,59,EDDF
2026-09-13T02:00,15.1,4.7,7.6,0.0,57,EDDF
2026-09-13T03:00,15.0,5.3,8.3,0.0,68,EDDF
2026-09-13T04:00,15.8,8.9,16.2,0.0,90,EDDF
2026-09-13T05:00,15.4,9.6,18.4,0.0,95,EDDF
2026-09-13T06:00,15.2,9.3,18.4,0.0,82,EDDF
2026-09-13T07:00,17.1,9.1,19.8,0.0,98,EDDF
2026-09-13T08:00,19.1,12.4,28.4,0.0,93,EDDF
2026-09-13T09:00,20.3,15.5,35.3,0.0,91,EDDF
2026-09-13T10:00,21.9,13.3,37.8,0.0,89,EDDF
2026-09-13T11:00,24.0,14.3,35.3,0.0,100,EDDF
2026-09-13T12:00,22.2,15.4,35.6,0.2,100,EDDF
2026-09-13T13:00,22.4,13.8,33.8,0.0,100,EDDF
2026-09-13T14:00,22.9,16.0,35.3,0.0,100,EDDF
2026-09-13T15:00,20.8,12.2,35.6,0.5,100,EDDF
2026-09-13T16:00,18.7,11.9,27.0,3.6,100,EDDF
2026-09-13T17:00,18.2,13.5,26.3,1.1,100,EDDF
2026-09-13T18:00,17.6,11.4,27.0,0.2,23,EDDF
2026-09-13T19:00,16.9,7.8,20.2,0.0,26,EDDF
2026-09-13T20:00,16.4,6.9,13.7,0.0,31,EDDF
2026-09-13T21:00,16.0,7.9,13.3,0.0,16,EDDF
2026-09-13T22:00,15.7,7.0,13.7,0.0,16,EDDF
2026-09-13T23:00,15.3,5.8,11.5,0.0,27,EDDF
2026-09-14T00:00,15.8,6.5,10.1,0.0,12,EDDF
2026-09-14T01:00,15.3,6.8,10.8,0.0,34,EDDF
2026-09-14T02:00,15.1,4.5,9.4,0.1,45,EDDF
2026-09-14T03:00,15.1,8.7,14.8,0.0,30,EDDF
2026-09-14T04:00,15.0,7.1,16.2,0.0,46,EDDF
2026-09-14T05:00,15.4,8.5,15.5,0.0,47,EDDF
2026-09-14T06:00,15.7,9.5,15.8,0.0,26,EDDF
2026-09-14T07:00,16.6,8.3,19.1,0.0,45,EDDF
2026-09-14T08:00,18.5,8.8,21.6,0.0,71,EDDF
2026-09-14T09:00,20.5,7.6,22.0,0.1,85,EDDF
2026-09-14T10:00,21.8,7.9,21.6,0.0,67,EDDF
2026-09-14T11:00,22.6,7.6,21.2,0.0,93,EDDF
2026-09-14T12:00,22.2,5.6,22.0,0.0,66,EDDF
2026-09-14T13:00,23.1,5.2,16.9,0.1,72,EDDF
2026-09-14T14:00,23.8,3.6,16.2,0.0,54,EDDF
2026-09-14T15:00,24.1,2.1,12.2,0.0,48,EDDF
2026-09-14T16:00,23.9,1.4,7.9,0.0,53,EDDF
2026-09-14T17:00,22.4,3.1,6.5,0.0,27,EDDF
2026-09-14T18:00,20.2,4.4,9.4,0.0,6,EDDF
2026-09-14T19:00,18.8,4.4,8.6,0.0,5,EDDF
2026-09-14T20:00,17.7,6.1,10.8,0.0,23,EDDF
2026-09-14T21:00,17.3,6.1,11.2,0.0,6,EDDF
2026-09-14T22:00,16.8,4.5,10.8,0.0,5,EDDF
2026-09-14T23:00,16.5,1.6,7.2,0.0,17,EDDF
2026-09-15T00:00,15.9,3.9,2.9,0.0,59,EDDF
2026-09-15T01:00,15.7,2.9,6.5,0.0,7,EDDF
2026-09-15T02:00,15.4,1.4,4.7,0.0,1,EDDF
2026-09-15T03:00,14.8,1.4,2.9,0.0,1,EDDF
2026-09-15T04:00,14.5,1.0,3.2,0.0,2,EDDF
2026-09-15T05:00,14.3,1.0,2.2,0.0,0,EDDF
2026-09-15T06:00,14.8,4.5,5.8,0.0,0,EDDF
2026-09-15T07:00,17.6,3.7,10.1,0.0,0,EDDF
2026-09-15T08:00,19.6,3.8,12.6,0.0,1,EDDF
2026-09-15T09:00,21.5,4.3,14.4,0.0,2,EDDF
2026-09-15T10:00,23.5,5.7,17.6,0.0,2,EDDF
2026-09-15T11:00,25.0,6.6,19.1,0.0,13,EDDF
2026-09-15T12:00,26.7,7.2,20.2,0.0,31,EDDF
2026-09-15T13:00,27.2,7.2,20.5,0.0,52,EDDF
2026-09-15T14:00,27.4,8.4,20.9,0.0,98,EDDF
2026-09-15T15:00,27.0,7.5,21.2,0.0,95,EDDF
2026-09-15T16:00,26.5,4.8,17.3,0.0,98,EDDF
2026-09-15T17:00,24.7,4.0,10.1,0.0,97,EDDF
2026-09-15T18:00,23.1,5.8,9.4,0.0,97,EDDF
2026-09-15T19:00,22.0,6.7,11.2,0.0,41,EDDF
2026-09-15T20:00,21.6,8.7,15.5,0.0,20,EDDF
2026-09-15T21:00,21.3,7.6,15.5,0.0,8,EDDF
2026-09-15T22:00,20.8,8.1,14.0,0.0,16,EDDF
2026-09-15T23:00,20.4,7.9,15.5,0.0,9,EDDF
2026-09-16T00:00,18.8,6.1,14.4,0.0,12,EDDF
2026-09-16T01:00,18.3,5.5,9.4,0.0,19,EDDF
2026-09-16T02:00,17.9,8.5,14.0,0.0,3,EDDF
2026-09-16T03:00,17.3,10.1,18.0,0.0,19,EDDF
2026-09-16T04:00,17.0,7.3,18.4,0.0,52,EDDF
2026-09-16T05:00,16.5,2.3,21.6,0.1,64,EDDF
2026-09-16T06:00,16.5,4.0,9.7,0.0,69,EDDF
2026-09-16T07:00,18.2,8.9,17.3,0.0,80,EDDF
2026-09-16T08:00,19.3,9.6,25.2,0.0,73,EDDF
2026-09-16T09:00,20.2,11.7,29.9,0.0,55,EDDF
2026-09-16T10:00,21.3,10.7,29.9,0.0,40,EDDF
2026-09-16T11:00,21.8,13.3,32.0,0.0,14,EDDF
2026-09-16T12:00,22.4,9.6,32.8,0.0,41,EDDF
2026-09-16T13:00,22.4,12.8,30.2,0.0,20,EDDF
2026-09-16T14:00,21.9,14.7,33.5,0.0,26,EDDF
2026-09-16T15:00,21.1,14.1,34.6,0.0,28,EDDF
2026-09-16T16:00,20.3,10.8,32.0,0.0,16,EDDF
2026-09-16T17:00,19.2,8.2,23.8,0.0,45,EDDF
2026-09-16T18:00,17.6,9.7,17.3,0.0,27,EDDF
2026-09-16T19:00,16.7,7.6,16.9,0.0,21,EDDF
2026-09-16T20:00,15.8,4.7,14.8,0.0,38,EDDF
2026-09-16T21:00,15.1,4.3,7.2,0.0,33,EDDF
2026-09-16T22:00,14.4,5.9,10.4,0.0,35,EDDF
2026-09-16T23:00,13.8,7.2,12.6,0.0,14,EDDF
2026-09-17T00:00,13.0,6.0,13.0,0.0,14,EDDF
2026-09-17T01:00,12.4,5.0,10.8,0.0,1,EDDF
2026-09-17T02:00,11.7,4.2,8.3,0.0,1,EDDF
2026-09-17T03:00,11.1,3.9,6.5,0.0,1,EDDF
2026-09-17T04:00,10.6,5.5,8.6,0.0,16,EDDF
2026-09-17T05:00,10.5,7.6,13.0,0.0,91,EDDF
2026-09-17T06:00,11.0,7.2,15.1,0.0,89,EDDF
2026-09-17T07:00,12.5,5.0,13.7,0.0,98,EDDF
2026-09-17T08:00,14.6,6.9,17.3,0.0,94,EDDF
2026-09-17T09:00,16.8,9.6,24.1,0.0,81,EDDF
2026-09-17T10:00,18.6,13.4,31.3,0.0,76,EDDF
2026-09-17T11:00,20.2,16.1,38.2,0.0,83,EDDF
2026-09-17T12:00,21.4,18.0,39.6,0.0,61,EDDF
2026-09-17T13:00,21.5,18.9,42.8,0.0,80,EDDF
2026-09-17T14:00,21.4,18.1,42.5,0.0,95,EDDF
2026-09-17T15:00,21.4,16.0,39.6,0.0,47,EDDF
2026-09-17T16:00,21.5,11.6,35.3,0.0,25,EDDF
2026-09-17T17:00,20.0,8.8,24.5,0.0,77,EDDF
2026-09-17T18:00,18.9,11.2,17.6,0.0,45,EDDF
2026-09-17T19:00,17.6,9.5,19.8,0.0,98,EDDF
2026-09-17T20:00,17.6,10.3,19.4,0.0,98,EDDF
2026-09-17T21:00,16.8,10.5,19.4,0.0,100,EDDF
2026-09-17T22:00,16.2,10.4,20.2,0.0,88,EDDF
2026-09-17T23:00,15.6,9.6,19.4,0.0,52,EDDF
2026-06-01T00:00,14.5,8.0,22.0,0.0,29,EGLL
2026-06-01T01:00,14.0,7.9,15.8,0.0,48,EGLL
2026-06-01T02:00,13.6,7.0,15.8,0.0,75,EGLL
2026-06-01T03:00,13.3,6.5,14.0,0.0,83,EGLL
2026-06-01T04:00,12.8,5.3,13.3,0.0,95,EGLL
2026-06-01T05:00,13.4,5.0,11.9,0.0,99,EGLL
2026-06-01T06:00,14.3,6.0,15.1,0.0,82,EGLL
2026-06-01T07:00,16.3,9.5,23.4,0.0,98,EGLL
2026-06-01T08:00,17.7,15.8,37.4,0.0,97,EGLL
2026-06-01T09:00,18.7,15.3,37.4,0.0,95,EGLL
2026-06-01T10:00,19.4,13.7,37.1,0.0,98,EGLL
2026-06-01T11:00,20.6,13.4,34.2,0.0,88,EGLL
2026-06-01T12:00,23.1,14.0,40.0,0.0,100,EGLL
2026-06-01T13:00,23.2,16.1,39.6,0.0,100,EGLL
2026-06-01T14:00,21.0,21.2,48.2,0.0,100,EGLL
2026-06-01T15:00,19.1,17.4,49.0,0.0,100,EGLL
2026-06-01T16:00,19.1,17.7,40.7,0.0,97,EGLL
2026-06-01T17:00,19.5,19.4,44.6,0.0,100,EGLL
2026-06-01T18:00,18.0,16.5,44.3,1.4,98,EGLL
2026-06-01T19:00,17.2,16.6,40.7,0.8,100,EGLL
2026-06-01T20:00,16.4,14.3,34.9,0.8,100,EGLL
2026-06-01T21:00,15.9,14.8,31.7,0.8,100,EGLL
2026-06-01T22:00,15.5,15.0,31.3,0.9,100,EGLL
2026-06-01T23:00,15.5,16.5,31.0,0.3,100,EGLL
2026-06-02T00:00,15.7,14.5,31.7,1.5,100,EGLL
2026-06-02T01:00,15.5,14.0,30.6,1.8,100,EGLL
2026-06-02T02:00,15.3,13.5,27.0,1.5,100,EGLL
2026-06-02T03:00,15.0,15.3,28.1,0.7,100,EGLL
2026-06-02T04:00,14.8,15.7,33.1,5.4,100,EGLL
2026-06-02T05:00,14.8,7.5,29.2,1.1,100,EGLL
2026-06-02T06:00,14.8,9.3,19.1,0.9,88,EGLL
2026-06-02T07:00,15.9,10.5,29.2,0.4,100,EGLL
2026-06-02T08:00,14.2,13.9,33.5,3.1,100,EGLL
2026-06-02T09:00,15.9,10.3,28.8,0.8,98,EGLL
2026-06-02T10:00,17.9,12.9,34.2,0.1,98,EGLL
2026-06-02T11:00,18.7,14.3,36.7,0.1,91,EGLL
2026-06-02T12:00,18.8,11.5,36.7,0.1,32,EGLL
2026-06-02T13:00,19.3,15.6,40.3,0.1,64,EGLL
2026-06-02T14:00,14.5,15.0,49.3,3.1,94,EGLL
2026-06-02T15:00,17.2,12.8,31.3,0.2,54,EGLL
2026-06-02T16:00,16.0,20.3,43.9,0.8,90,EGLL
2026-06-02T17:00,16.5,12.6,43.2,0.5,59,EGLL
2026-06-02T18:00,16.4,13.8,39.6,0.5,54,EGLL
2026-06-02T19:00,16.2,13.8,29.5,0.2,5,EGLL
2026-06-02T20:00,15.5,13.5,28.4,0.0,11,EGLL
2026-06-02T21:00,15.0,13.1,27.4,0.0,3,EGLL
2026-06-02T22:00,14.3,14.5,29.5,0.0,4,EGLL
2026-06-02T23:00,13.7,13.1,29.9,0.0,4,EGLL
2026-06-03T00:00,13.6,13.3,27.0,0.0,13,EGLL
2026-06-03T01:00,13.3,14.1,29.2,0.0,14,EGLL
2026-06-03T02:00,13.0,13.6,29.2,0.0,35,EGLL
2026-06-03T03:00,12.8,12.6,28.4,0.0,92,EGLL
2026-06-03T04:00,12.6,12.5,25.6,0.0,100,EGLL
2026-06-03T05:00,12.9,13.4,28.4,0.0,100,EGLL
2026-06-03T06:00,13.5,14.9,27.7,0.0,95,EGLL
2026-06-03T07:00,14.4,17.1,37.4,0.0,98,EGLL
2026-06-03T08:00,15.2,17.0,40.0,0.0,100,EGLL
2026-06-03T09:00,15.0,19.9,43.9,0.1,100,EGLL
2026-06-03T10:00,14.4,19.4,46.1,2.0,100,EGLL
2026-06-03T11:00,14.8,20.1,51.1,1.5,100,EGLL
2026-06-03T12:00,15.8,28.3,61.6,1.5,100,EGLL
2026-06-03T13:00,15.7,20.9,59.4,0.1,100,EGLL
2026-06-03T14:00,17.7,21.9,47.5,0.4,32,EGLL
2026-06-03T15:00,18.9,28.8,61.9,0.1,34,EGLL
2026-06-03T16:00,18.1,28.9,62.3,0.2,73,EGLL
2026-06-03T17:00,16.8,26.2,62.3,0.3,41,EGLL
2026-06-03T18:00,16.6,25.6,59.0,0.3,39,EGLL
2026-06-03T19:00,15.7,21.6,54.7,0.1,30,EGLL
2026-06-03T20:00,15.1,19.1,44.6,0.0,31,EGLL
2026-06-03T21:00,14.4,19.8,41.8,0.1,48,EGLL
2026-06-03T22:00,14.1,20.0,42.5,0.0,30,EGLL
2026-06-03T23:00,13.7,19.9,42.1,0.0,98,EGLL
2026-06-04T00:00,13.6,19.6,44.3,0.0,9,EGLL
2026-06-04T01:00,13.4,19.5,41.8,0.0,28,EGLL
2026-06-04T02:00,13.4,19.2,40.7,0.0,34,EGLL
2026-06-04T03:00,13.2,19.0,40.7,0.0,21,EGLL
2026-06-04T04:00,12.9,18.3,40.0,0.0,100,EGLL
2026-06-04T05:00,13.3,18.1,38.5,0.0,94,EGLL
2026-06-04T06:00,13.5,18.0,42.8,0.2,92,EGLL
2026-06-04T07:00,13.5,17.0,39.2,0.6,68,EGLL
2026-06-04T08:00,15.1,19.1,42.8,0.1,90,EGLL
2026-06-04T09:00,14.7,20.1,53.3,0.6,93,EGLL
2026-06-04T10:00,13.7,22.2,53.6,1.0,93,EGLL
2026-06-04T11:00,15.5,21.4,54.4,0.4,91,EGLL
2026-06-04T12:00,15.3,21.4,52.9,2.1,80,EGLL
2026-06-04T13:00,17.1,20.8,49.7,0.1,12,EGLL
2026-06-04T14:00,17.8,20.9,50.8,0.1,100,EGLL
2026-06-04T15:00,15.7,16.8,49.3,2.1,52,EGLL
2026-06-04T16:00,16.4,16.8,44.6,0.7,55,EGLL
2026-06-04T17:00,16.1,18.4,45.0,0.4,55,EGLL
2026-06-04T18:00,16.7,19.3,40.7,0.1,40,EGLL
2026-06-04T19:00,15.9,17.9,41.4,0.0,55,EGLL
2026-06-04T20:00,14.8,16.6,37.8,0.0,89,EGLL
2026-06-04T21:00,14.3,15.3,34.2,0.0,44,EGLL
2026-06-04T22:00,13.5,14.8,31.7,0.0,2,EGLL
2026-06-04T23:00,13.0,14.2,30.6,0.0,0,EGLL
2026-06-05T00:00,12.7,14.1,29.2,0.0,4,EGLL
2026-06-05T01:00,12.4,13.5,28.4,0.0,5,EGLL
2026-06-05T02:00,12.0,12.5,27.4,0.0,14,EGLL
2026-06-05T03:00,11.6,12.1,25.6,0.0,9,EGLL
2026-06-05T04:00,11.2,11.6,24.5,0.0,14,EGLL
2026-06-05T05:00,11.7,11.2,23.0,0.0,17,EGLL
2026-06-05T06:00,13.0,10.8,25.6,0.0,36,EGLL
2026-06-05T07:00,13.9,11.3,26.6,0.0,54,EGLL
2026-06-05T08:00,14.6,12.0,28.4,0.1,24,EGLL
2026-06-05T09:00,15.5,13.5,32.4,0.1,27,EGLL
2026-06-05T10:00,16.4,14.4,34.9,0.0,27,EGLL
2026-06-05T11:00,16.5,13.3,34.9,0.0,99,EGLL
2026-06-05T12:00,17.0,12.8,33.5,0.0,100,EGLL
2026-06-05T13:00,16.9,13.6,31.7,0.0,99,EGLL
2026-06-05T14:00,17.3,13.0,33.1,0.0,62,EGLL
2026-06-05T15:00,16.6,17.3,38.5,0.0,95,EGLL
2026-06-05T16:00,15.7,14.7,40.3,0.1,80,EGLL
2026-06-05T17:00,16.2,14.4,34.6,0.0,84,EGLL
2026-06-05T18:00,16.2,13.9,36.4,0.0,61,EGLL
2026-06-05T19:00,15.1,13.6,29.9,0.0,98,EGLL
2026-06-05T20:00,13.7,10.8,28.8,0.0,100,EGLL
2026-06-05T21:00,12.9,10.6,22.3,0.0,96,EGLL
2026-06-05T22:00,12.2,9.6,22.0,0.0,98,EGLL
2026-06-05T23:00,12.2,9.8,20.5,0.0,100,EGLL
2026-06-06T00:00,12.4,12.1,23.8,0.3,100,EGLL
2026-06-06T01:00,12.3,14.8,29.5,0.2,100,EGLL
2026-06-06T02:00,12.5,15.2,31.3,0.1,100,EGLL
2026-06-06T03:00,12.1,13.6,31.0,0.2,100,EGLL
2026-06-06T04:00,12.6,13.8,29.2,0.4,100,EGLL
2026-06-06T05:00,12.5,15.4,29.2,0.3,95,EGLL
2026-06-06T06:00,12.9,18.6,35.3,0.7,100,EGLL
2026-06-06T07:00,12.5,21.2,41.8,0.6,95,EGLL
2026-06-06T08:00,13.3,19.5,44.6,0.2,100,EGLL
2026-06-06T09:00,13.4,19.1,44.6,0.2,100,EGLL
2026-06-06T10:00,14.1,16.0,40.7,0.2,14,EGLL
2026-06-06T11:00,16.0,24.2,55.8,0.2,59,EGLL
2026-06-06T12:00,16.6,26.6,58.7,0.1,100,EGLL
2026-06-06T13:00,15.3,26.8,59.0,0.2,100,EGLL
2026-06-06T14:00,15.3,19.1,58.7,0.5,100,EGLL
2026-06-06T15:00,15.5,23.0,48.6,0.8,100,EGLL
2026-06-06T16:00,16.0,23.9,57.6,0.1,100,EGLL
2026-06-06T17:00,15.7,23.8,66.2,0.7,90,EGLL
2026-06-06T18:00,15.3,26.7,52.9,0.6,100,EGLL
2026-06-06T19:00,15.0,27.0,59.8,0.1,100,EGLL
2026-06-06T20:00,14.5,25.6,56.9,0.1,100,EGLL
2026-06-06T21:00,14.4,24.2,54.0,0.0,100,EGLL
2026-06-06T22:00,14.2,22.2,51.1,0.0,100,EGLL
2026-06-06T23:00,13.6,20.3,46.8,0.0,82,EGLL
2026-06-07T00:00,12.8,17.4,42.8,0.0,11,EGLL
2026-06-07T01:00,12.0,16.6,36.0,0.0,16,EGLL
2026-06-07T02:00,11.5,15.2,34.9,0.0,0,EGLL
2026-06-07T03:00,11.0,13.4,31.7,0.0,1,EGLL
2026-06-07T04:00,10.7,12.0,27.4,0.0,15,EGLL
2026-06-07T05:00,11.6,13.1,26.6,0.0,34,EGLL
2026-06-07T06:00,12.9,13.2,30.2,0.0,50,EGLL
2026-06-07T07:00,14.2,15.3,33.5,0.0,80,EGLL
2026-06-07T08:00,15.6,17.7,41.4,0.0,100,EGLL
2026-06-07T09:00,15.9,16.7,39.2,0.0,100,EGLL
2026-06-07T10:00,16.9,16.8,37.8,0.0,100,EGLL
2026-06-07T11:00,17.7,18.7,42.1,0.0,100,EGLL
2026-06-07T12:00,17.5,19.2,41.8,0.0,100,EGLL
2026-06-07T13:00,17.8,19.0,42.8,0.1,100,EGLL
2026-06-07T14:00,18.1,19.2,43.2,0.0,100,EGLL
2026-06-07T15:00,18.4,19.4,44.3,0.0,100,EGLL
2026-06-07T16:00,17.9,18.7,43.2,0.0,98,EGLL
2026-06-07T17:00,17.5,17.1,41.4,0.0,100,EGLL
2026-06-07T18:00,16.6,14.4,40.7,0.0,100,EGLL
2026-06-07T19:00,15.9,13.5,31.0,0.0,100,EGLL
2026-06-07T20:00,15.1,13.2,29.2,0.0,100,EGLL
2026-06-07T21:00,14.5,12.2,27.7,0.0,100,EGLL
2026-06-07T22:00,14.0,11.1,25.2,0.0,95,EGLL
2026-06-07T23:00,13.9,11.0,23.4,0.0,100,EGLL
2026-06-08T00:00,14.0,11.4,25.2,0.0,100,EGLL
2026-06-08T01:00,14.1,12.2,25.2,0.0,100,EGLL
2026-06-08T02:00,13.9,12.7,26.3,0.1,100,EGLL
2026-06-08T03:00,13.7,12.6,25.9,0.1,100,EGLL
2026-06-08T04:00,13.6,13.5,27.4,0.1,98,EGLL
2026-06-08T05:00,13.5,13.8,28.4,0.0,100,EGLL
2026-06-08T06:00,13.7,13.7,27.7,0.0,100,EGLL
2026-06-08T07:00,14.1,12.1,31.0,0.2,100,EGLL
2026-06-08T08:00,13.8,14.8,29.5,0.7,100,EGLL
2026-06-08T09:00,13.3,12.8,31.7,1.7,100,EGLL
2026-06-08T10:00,13.3,11.5,25.9,1.1,100,EGLL
2026-06-08T11:00,13.6,10.7,23.0,0.7,100,EGLL
2026-06-08T12:00,16.1,10.2,24.5,0.5,100,EGLL
2026-06-08T13:00,13.9,10.9,31.7,1.9,98,EGLL
2026-06-08T14:00,14.9,9.6,25.9,0.2,29,EGLL
2026-06-08T15:00,16.8,11.0,30.6,0.1,100,EGLL
2026-06-08T16:00,15.5,10.4,30.2,0.3,93,EGLL
2026-06-08T17:00,15.0,15.7,33.1,0.3,34,EGLL
2026-06-08T18:00,16.3,11.4,33.1,0.1,20,EGLL
2026-06-08T19:00,15.1,12.7,25.6,0.0,30,EGLL
2026-06-08T20:00,13.7,16.4,33.5,0.0,15,EGLL
2026-06-08T21:00,12.3,16.4,35.6,0.0,6,EGLL
2026-06-08T22:00,11.6,14.3,33.5,0.0,27,EGLL
2026-06-08T23:00,11.2,13.0,29.2,0.0,26,EGLL
2026-06-09T00:00,10.4,12.2,26.3,0.0,16,EGLL
2026-06-09T01:00,9.8,10.8,24.1,0.0,5,EGLL
2026-06-09T02:00,9.3,10.7,21.6,0.0,22,EGLL
2026-06-09T03:00,9.2,10.7,22.0,0.0,53,EGLL
2026-06-09T04:00,9.2,11.4,23.4,0.0,28,EGLL
2026-06-09T05:00,9.6,11.1,24.5,0.0,37,EGLL
2026-06-09T06:00,11.0,11.3,23.4,0.0,72,EGLL
2026-06-09T07:00,12.0,13.6,29.5,0.0,50,EGLL
2026-06-09T08:00,13.4,16.6,42.1,0.0,59,EGLL
2026-06-09T09:00,14.4,17.9,44.6,0.1,84,EGLL
2026-06-09T10:00,11.7,18.9,47.2,2.1,55,EGLL
2026-06-09T11:00,14.9,22.1,49.7,0.1,36,EGLL
2026-06-09T12:00,16.1,20.3,52.6,0.1,20,EGLL
2026-06-09T13:00,16.8,20.6,50.8,0.0,15,EGLL
2026-06-09T14:00,16.9,20.8,49.7,0.0,63,EGLL
2026-06-09T15:00,16.8,21.4,50.0,0.0,34,EGLL
2026-06-09T16:00,16.5,21.8,49.7,0.0,14,EGLL
2026-06-09T17:00,16.0,20.7,48.6,0.0,17,EGLL
2026-06-09T18:00,15.7,16.1,45.0,0.0,7,EGLL
2026-06-09T19:00,15.0,14.4,34.6,0.0,4,EGLL
2026-06-09T20:00,13.7,11.7,30.2,0.0,3,EGLL
2026-06-09T21:00,12.6,12.0,24.1,0.0,5,EGLL
2026-06-09T22:00,11.8,12.2,25.2,0.0,9,EGLL
2026-06-09T23:00,11.3,11.8,25.2,0.0,2,EGLL
2026-06-10T00:00,10.6,11.6,24.1,0.0,53,EGLL
2026-06-10T01:00,10.1,10.9,23.0,0.0,53,EGLL
2026-06-10T02:00,9.6,10.5,22.0,0.0,14,EGLL
2026-06-10T03:00,9.2,10.2,21.2,0.0,1,EGLL
2026-06-10T04:00,8.9,10.1,20.5,0.0,24,EGLL
2026-06-10T05:00,9.4,9.5,20.5,0.0,40,EGLL
2026-06-10T06:00,10.8,8.9,20.9,0.0,23,EGLL
2026-06-10T07:00,12.2,10.5,25.2,0.0,98,EGLL
2026-06-10T08:00,12.9,10.9,26.3,0.0,80,EGLL
2026-06-10T09:00,13.7,11.1,28.4,0.0,73,EGLL
2026-06-10T10:00,10.8,17.8,39.2,2.7,100,EGLL
2026-06-10T11:00,12.0,5.4,40.7,1.2,30,EGLL
2026-06-10T12:00,15.3,13.5,36.4,0.1,51,EGLL
2026-06-10T13:00,16.1,14.2,36.0,0.2,35,EGLL
2026-06-10T14:00,16.4,15.2,38.9,0.1,58,EGLL
2026-06-10T15:00,14.9,13.9,39.2,0.5,45,EGLL
2026-06-10T16:00,15.8,12.3,35.3,0.0,100,EGLL
2026-06-10T17:00,12.9,10.5,33.1,2.5,63,EGLL
2026-06-10T18:00,13.3,9.6,22.7,0.7,54,EGLL
2026-06-10T19:00,13.1,6.8,24.8,0.1,28,EGLL
2026-06-10T20:00,12.6,7.5,8.3,0.0,18,EGLL
2026-06-10T21:00,12.0,10.8,16.6,0.0,20,EGLL
2026-06-10T22:00,11.4,11.1,21.6,0.0,8,EGLL
2026-06-10T23:00,10.8,10.9,21.2,0.0,10,EGLL
2026-06-11T00:00,10.0,10.3,19.4,0.0,15,EGLL
2026-06-11T01:00,9.6,9.7,19.4,0.0,61,EGLL
2026-06-11T02:00,9.3,8.1,18.4,0.0,88,EGLL
2026-06-11T03:00,9.1,7.6,15.1,0.0,67,EGLL
2026-06-11T04:00,8.8,8.2,15.1,0.0,99,EGLL
2026-06-11T05:00,9.6,8.5,16.9,0.0,97,EGLL
2026-06-11T06:00,11.0,7.5,16.9,0.0,100,EGLL
2026-06-11T07:00,11.9,9.2,20.5,0.0,100,EGLL
2026-06-11T08:00,12.9,13.2,28.1,0.2,100,EGLL
2026-06-11T09:00,12.8,14.7,31.3,0.8,100,EGLL
2026-06-11T10:00,12.1,15.8,31.0,1.5,100,EGLL
2026-06-11T11:00,12.0,16.0,31.0,1.2,100,EGLL
2026-06-11T12:00,12.3,18.6,31.0,1.4,100,EGLL
2026-06-11T13:00,13.3,22.1,44.3,0.0,100,EGLL
2026-06-11T14:00,13.3,24.2,48.6,0.4,100,EGLL
2026-06-11T15:00,14.3,20.1,48.6,0.0,100,EGLL
2026-06-11T16:00,15.3,18.8,41.0,0.1,100,EGLL
2026-06-11T17:00,16.3,18.2,38.2,0.2,100,EGLL
2026-06-11T18:00,17.3,18.7,39.6,0.0,100,EGLL
2026-06-11T19:00,16.7,17.9,39.6,0.0,100,EGLL
2026-06-11T20:00,16.2,18.0,37.4,0.0,100,EGLL
2026-06-11T21:00,15.8,18.3,38.5,0.0,100,EGLL
2026-06-11T22:00,15.6,18.3,38.9,0.0,100,EGLL
2026-06-11T23:00,15.5,17.9,37.8,0.0,100,EGLL
2026-06-12T00:00,15.8,15.8,37.4,0.0,100,EGLL
2026-06-12T01:00,15.9,17.9,37.1,0.0,100,EGLL
2026-06-12T02:00,15.8,18.4,38.5,0.0,100,EGLL
2026-06-12T03:00,15.6,19.2,40.3,0.0,100,EGLL
2026-06-12T04:00,15.4,18.3,40.3,0.0,100,EGLL
2026-06-12T05:00,15.4,17.7,38.2,0.0,100,EGLL
2026-06-12T06:00,15.7,17.3,38.5,0.0,100,EGLL
2026-06-12T07:00,16.2,18.6,43.6,0.0,100,EGLL
2026-06-12T08:00,16.7,20.0,43.6,0.0,100,EGLL
2026-06-12T09:00,16.9,19.3,45.0,0.0,100,EGLL
2026-06-12T10:00,17.4,20.5,44.6,0.0,100,EGLL
2026-06-12T11:00,17.9,20.2,46.4,0.0,100,EGLL
2026-06-12T12:00,18.8,21.4,50.8,0.1,100,EGLL
2026-06-12T13:00,20.0,20.7,50.0,0.0,100,EGLL
2026-06-12T14:00,20.1,24.3,54.4,0.0,59,EGLL
2026-06-12T15:00,20.6,24.6,55.1,0.0,41,EGLL
2026-06-12T16:00,20.2,22.8,54.0,0.0,16,EGLL
2026-06-12T17:00,19.3,22.0,49.7,0.0,12,EGLL
2026-06-12T18:00,18.7,19.7,47.5,0.0,38,EGLL
2026-06-12T19:00,17.4,19.0,42.5,0.0,46,EGLL
2026-06-12T20:00,15.9,16.0,39.2,0.0,40,EGLL
2026-06-12T21:00,14.8,15.6,33.1,0.0,63,EGLL
2026-06-12T22:00,14.1,14.4,32.0,0.0,34,EGLL
2026-06-12T23:00,13.6,14.3,29.5,0.0,34,EGLL
2026-06-13T00:00,12.9,14.2,29.2,0.0,9,EGLL
2026-06-13T01:00,12.7,13.7,28.8,0.0,33,EGLL
2026-06-13T02:00,12.5,12.9,27.7,0.0,83,EGLL
2026-06-13T03:00,12.9,12.9,27.0,0.0,100,EGLL
2026-06-13T04:00,13.2,13.0,27.0,0.0,89,EGLL
2026-06-13T05:00,13.3,12.9,27.0,0.0,7,EGLL
2026-06-13T06:00,14.3,13.3,29.2,0.0,0,EGLL
2026-06-13T07:00,14.9,14.6,33.1,0.0,5,EGLL
2026-06-13T08:00,15.3,13.8,33.5,0.0,7,EGLL
2026-06-13T09:00,16.1,15.4,36.4,0.0,54,EGLL
2026-06-13T10:00,16.6,14.4,36.7,0.0,55,EGLL
2026-06-13T11:00,17.5,14.0,35.3,0.0,65,EGLL
2026-06-13T12:00,19.0,12.7,34.9,0.0,57,EGLL
2026-06-13T13:00,19.5,13.2,33.5,0.0,63,EGLL
2026-06-13T14:00,19.8,14.5,35.3,0.0,81,EGLL
2026-06-13T15:00,19.9,14.7,35.6,0.0,43,EGLL
2026-06-13T16:00,19.9,14.9,35.3,0.0,25,EGLL
2026-06-13T17:00,19.7,14.6,34.6,0.0,45,EGLL
2026-06-13T18:00,19.7,13.4,33.1,0.0,55,EGLL
2026-06-13T19:00,18.6,11.8,28.1,0.0,68,EGLL
2026-06-13T20:00,17.0,11.6,24.8,0.0,97,EGLL
2026-06-13T21:00,16.0,11.6,24.1,0.0,77,EGLL
2026-06-13T22:00,15.0,9.9,23.8,0.0,36,EGLL
2026-06-13T23:00,13.8,8.2,19.8,0.0,23,EGLL
2026-06-14T00:00,12.6,6.6,15.8,0.0,20,EGLL
2026-06-14T01:00,12.1,7.2,13.7,0.0,34,EGLL
2026-06-14T02:00,11.7,6.6,14.0,0.0,59,EGLL
2026-06-14T03:00,11.5,7.3,14.0,0.0,80,EGLL
2026-06-14T04:00,11.1,8.5,16.6,0.0,68,EGLL
2026-06-14T05:00,11.6,8.8,17.6,0.0,63,EGLL
2026-06-14T06:00,13.1,8.6,17.6,0.0,45,EGLL
2026-06-14T07:00,14.2,9.6,23.4,0.0,41,EGLL
2026-06-14T08:00,15.2,8.6,24.1,0.0,45,EGLL
2026-06-14T09:00,16.3,8.8,24.8,0.0,90,EGLL
2026-06-14T10:00,17.1,7.9,24.5,0.0,48,EGLL
2026-06-14T11:00,18.0,7.1,23.4,0.0,67,EGLL
2026-06-14T12:00,19.3,5.8,23.0,0.0,81,EGLL
2026-06-14T13:00,19.8,5.3,19.1,0.0,84,EGLL
2026-06-14T14:00,20.0,5.5,19.4,0.0,91,EGLL
2026-06-14T15:00,19.9,6.8,20.5,0.0,100,EGLL
2026-06-14T16:00,19.6,6.5,20.5,0.0,98,EGLL
2026-06-14T17:00,19.2,6.2,18.0,0.0,95,EGLL
2026-06-14T18:00,18.7,6.1,16.6,0.0,100,EGLL
2026-06-14T19:00,18.2,5.2,14.0,0.0,96,EGLL
2026-06-14T20:00,17.3,2.7,10.8,0.0,80,EGLL
2026-06-14T21:00,16.6,2.9,5.0,0.0,26,EGLL
2026-06-14T22:00,15.4,5.8,10.4,0.0,15,EGLL
2026-06-14T23:00,15.3,8.7,16.2,0.0,19,EGLL
2026-06-15T00:00,14.8,9.5,17.3,0.0,96,EGLL
2026-06-15T01:00,14.4,8.9,18.4,0.0,99,EGLL
2026-06-15T02:00,14.0,7.6,18.4,0.0,100,EGLL
2026-06-15T03:00,13.6,5.8,15.1,0.0,99,EGLL
2026-06-15T04:00,13.2,5.4,11.9,0.1,99,EGLL
2026-06-15T05:00,12.9,8.1,14.8,1.5,99,EGLL
2026-06-15T06:00,13.4,8.6,19.1,0.2,93,EGLL
2026-06-15T07:00,14.4,8.5,20.5,0.0,93,EGLL
2026-06-15T08:00,16.0,11.3,28.1,0.0,100,EGLL
2026-06-15T09:00,17.1,12.5,30.6,0.0,66,EGLL
2026-06-15T10:00,18.9,13.5,33.5,0.0,83,EGLL
2026-06-15T11:00,19.6,14.3,34.6,0.0,78,EGLL
2026-06-15T12:00,20.1,15.1,37.1,0.0,99,EGLL
2026-06-15T13:00,20.9,14.4,37.4,0.0,100,EGLL
2026-06-15T14:00,21.4,14.7,35.6,0.0,99,EGLL
2026-06-15T15:00,21.9,14.2,36.4,0.0,99,EGLL
2026-06-15T16:00,22.0,12.6,34.6,0.0,100,EGLL
2026-06-15T17:00,21.9,11.5,30.2,0.0,100,EGLL
2026-06-15T18:00,21.2,9.9,26.3,0.0,99,EGLL
2026-06-15T19:00,20.5,6.7,21.2,0.0,100,EGLL
2026-06-15T20:00,19.4,3.1,13.0,0.0,100,EGLL
2026-06-15T21:00,18.5,4.2,7.2,0.0,98,EGLL
2026-06-15T22:00,17.3,6.2,14.4,0.0,97,EGLL
2026-06-15T23:00,16.1,5.6,12.2,0.0,99,EGLL
2026-06-16T00:00,15.2,4.0,22.3,2.7,48,EGLL
2026-06-16T01:00,14.7,1.3,6.8,0.0,59,EGLL
2026-06-16T02:00,14.6,1.9,4.7,0.0,88,EGLL
2026-06-16T03:00,14.9,8.0,14.8,0.0,70,EGLL
2026-06-16T04:00,14.2,9.4,18.4,0.0,100,EGLL
2026-06-16T05:00,14.4,9.0,20.9,0.0,100,EGLL
2026-06-16T06:00,15.8,10.0,24.8,0.0,100,EGLL
2026-06-16T07:00,16.8,9.6,23.8,0.0,100,EGLL
2026-06-16T08:00,17.7,7.8,22.3,0.0,88,EGLL
2026-06-16T09:00,19.7,8.3,23.0,0.0,70,EGLL
2026-06-16T10:00,21.3,8.0,24.1,0.0,65,EGLL
2026-06-16T11:00,23.2,9.9,27.0,0.0,63,EGLL
2026-06-16T12:00,24.1,10.8,26.6,0.0,66,EGLL
2026-06-16T13:00,24.1,6.7,27.7,0.0,42,EGLL
2026-06-16T14:00,25.2,13.0,31.7,0.0,100,EGLL
2026-06-16T15:00,24.6,15.7,36.7,0.0,61,EGLL
2026-06-16T16:00,24.2,14.2,37.1,0.0,100,EGLL
2026-06-16T17:00,23.2,16.9,39.2,0.0,94,EGLL
2026-06-16T18:00,21.4,16.1,38.5,0.0,84,EGLL
2026-06-16T19:00,19.3,14.5,37.8,0.5,100,EGLL
2026-06-16T20:00,18.0,12.3,30.6,0.6,89,EGLL
2026-06-16T21:00,17.4,13.0,25.6,0.3,100,EGLL
2026-06-16T22:00,17.0,11.1,25.6,0.0,63,EGLL
2026-06-16T23:00,16.3,11.1,22.7,0.0,84,EGLL
2026-06-17T00:00,16.7,8.9,22.7,0.0,74,EGLL
2026-06-17T01:00,16.2,9.5,18.4,0.1,94,EGLL
2026-06-17T02:00,16.3,11.5,22.7,0.1,59,EGLL
2026-06-17T03:00,16.2,13.1,25.6,0.0,100,EGLL
2026-06-17T04:00,16.6,13.5,27.7,0.0,100,EGLL
2026-06-17T05:00,16.9,15.1,31.3,0.0,100,EGLL
2026-06-17T06:00,17.6,13.0,33.1,0.0,100,EGLL
2026-06-17T07:00,18.5,16.1,34.9,0.0,100,EGLL
2026-06-17T08:00,19.0,18.0,39.2,0.0,100,EGLL
2026-06-17T09:00,20.5,19.6,44.6,0.0,99,EGLL
2026-06-17T10:00,21.2,19.0,45.4,0.0,49,EGLL
2026-06-17T11:00,22.8,19.9,45.7,0.0,61,EGLL
2026-06-17T12:00,24.1,17.9,47.5,0.0,20,EGLL
2026-06-17T13:00,24.5,19.4,45.4,0.0,71,EGLL
2026-06-17T14:00,23.6,18.6,45.7,0.0,98,EGLL
2026-06-17T15:00,23.3,17.7,42.5,0.0,100,EGLL
2026-06-17T16:00,22.2,15.8,40.7,0.0,100,EGLL
2026-06-17T17:00,21.3,15.2,35.6,0.0,99,EGLL
2026-06-17T18:00,21.3,12.9,36.0,0.0,100,EGLL
2026-06-17T19:00,20.9,11.7,28.4,0.0,100,EGLL
2026-06-17T20:00,20.1,10.2,27.7,0.0,88,EGLL
2026-06-17T21:00,19.1,9.8,21.2,0.0,12,EGLL
2026-06-17T22:00,18.2,8.1,20.2,0.0,38,EGLL
2026-06-17T23:00,17.6,8.0,15.8,0.0,56,EGLL
2026-06-18T00:00,17.0,8.4,17.3,0.0,20,EGLL
2026-06-18T01:00,16.6,8.4,16.9,0.0,100,EGLL
2026-06-18T02:00,16.3,8.1,16.6,0.0,100,EGLL
2026-06-18T03:00,16.6,8.5,18.7,0.0,100,EGLL
2026-06-18T04:00,16.6,8.8,19.4,0.0,100,EGLL
2026-06-18T05:00,16.9,9.9,21.2,0.0,100,EGLL
2026-06-18T06:00,18.0,10.2,24.5,0.0,100,EGLL
2026-06-18T07:00,18.6,11.1,26.3,0.0,100,EGLL
2026-06-18T08:00,19.3,11.7,27.7,0.0,100,EGLL
2026-06-18T09:00,20.1,12.4,29.9,0.0,100,EGLL
2026-06-18T10:00,21.2,11.8,29.9,0.0,98,EGLL
2026-06-18T11:00,22.8,13.3,32.4,0.0,100,EGLL
2026-06-18T12:00,24.5,13.9,36.4,0.0,97,EGLL
2026-06-18T13:00,25.1,12.0,33.5,0.0,99,EGLL
2026-06-18T14:00,24.4,12.6,33.1,0.0,100,EGLL
2026-06-18T15:00,23.2,13.2,30.6,0.0,100,EGLL
2026-06-18T16:00,23.0,12.8,33.5,0.0,91,EGLL
2026-06-18T17:00,23.2,11.7,30.2,0.0,82,EGLL
2026-06-18T18:00,23.5,9.6,28.1,0.0,22,EGLL
2026-06-18T19:00,22.8,8.6,22.7,0.0,4,EGLL
2026-06-18T20:00,21.5,7.9,18.7,0.0,1,EGLL
2026-06-18T21:00,20.2,8.1,15.1,0.0,0,EGLL
2026-06-18T22:00,19.1,6.4,15.5,0.0,3,EGLL
2026-06-18T23:00,18.2,5.6,11.9,0.0,4,EGLL
2026-06-19T00:00,17.8,5.2,11.5,0.0,0,EGLL
2026-06-19T01:00,17.2,4.1,9.4,0.0,0,EGLL
2026-06-19T02:00,16.7,4.2,7.9,0.0,0,EGLL
2026-06-19T03:00,16.3,4.6,8.6,0.0,0,EGLL
2026-06-19T04:00,16.1,5.8,10.8,0.0,0,EGLL
2026-06-19T05:00,16.7,6.1,11.9,0.0,0,EGLL
2026-06-19T06:00,18.1,3.7,12.2,0.0,0,EGLL
2026-06-19T07:00,19.6,4.1,14.4,0.0,0,EGLL
2026-06-19T08:00,21.4,4.3,16.2,0.0,0,EGLL
2026-06-19T09:00,23.2,4.6,18.0,0.0,0,EGLL
2026-06-19T10:00,25.0,7.1,22.3,0.0,4,EGLL
2026-06-19T11:00,26.6,12.6,32.0,0.0,38,EGLL
2026-06-19T12:00,28.1,12.6,37.4,0.0,5,EGLL
2026-06-19T13:00,28.4,13.6,35.3,0.0,4,EGLL
2026-06-19T14:00,28.4,14.5,36.7,0.0,27,EGLL
2026-06-19T15:00,27.8,14.1,36.7,0.0,10,EGLL
2026-06-19T16:00,27.1,14.7,36.0,0.0,1,EGLL
2026-06-19T17:00,26.0,15.2,37.1,0.0,1,EGLL
2026-06-19T18:00,25.4,13.4,36.0,0.0,0,EGLL
2026-06-19T19:00,24.0,14.3,32.4,0.0,0,EGLL
2026-06-19T20:00,22.6,12.6,32.0,0.0,0,EGLL
2026-06-19T21:00,21.4,12.5,26.6,0.0,0,EGLL
2026-06-19T22:00,20.1,13.2,28.1,0.0,0,EGLL
2026-06-19T23:00,19.1,11.7,28.1,0.0,9,EGLL
2026-06-20T00:00,18.1,10.3,25.6,0.0,27,EGLL
2026-06-20T01:00,17.5,10.8,23.0,0.0,47,EGLL
2026-06-20T02:00,17.4,10.0,22.0,0.0,39,EGLL
2026-06-20T03:00,17.3,8.2,20.2,0.0,25,EGLL
2026-06-20T04:00,17.1,8.1,16.6,0.0,19,EGLL
2026-06-20T05:00,18.1,11.2,25.2,0.0,66,EGLL
2026-06-20T06:00,19.3,14.3,25.9,0.0,100,EGLL
2026-06-20T07:00,20.3,14.0,32.8,0.0,100,EGLL
2026-06-20T08:00,20.7,14.4,33.8,0.0,100,EGLL
2026-06-20T09:00,21.9,12.9,32.8,0.0,77,EGLL
2026-06-20T10:00,23.6,13.0,33.1,0.0,100,EGLL
2026-06-20T11:00,23.4,12.8,33.5,0.0,100,EGLL
2026-06-20T12:00,24.6,11.9,33.1,0.0,97,EGLL
2026-06-20T13:00,24.0,13.8,33.8,0.0,98,EGLL
2026-06-20T14:00,24.4,12.9,34.6,0.0,100,EGLL
2026-06-20T15:00,24.9,13.6,33.5,0.0,99,EGLL
2026-06-20T16:00,25.0,11.9,34.2,0.0,100,EGLL
2026-06-20T17:00,24.1,11.1,29.2,0.0,77,EGLL
2026-06-20T18:00,24.3,6.8,27.7,0.0,21,EGLL
2026-06-20T19:00,23.8,6.4,17.6,0.0,12,EGLL
2026-06-20T20:00,22.7,6.2,15.5,0.0,16,EGLL
2026-06-20T21:00,21.6,6.2,11.9,0.0,30,EGLL
2026-06-20T22:00,20.5,4.7,11.9,0.0,70,EGLL
2026-06-20T23:00,19.9,1.8,8.6,0.0,53,EGLL
2026-06-21T00:00,18.4,2.6,5.0,0.0,0,EGLL
2026-06-21T01:00,17.8,3.6,6.8,0.0,5,EGLL
2026-06-21T02:00,17.4,3.2,7.2,0.0,0,EGLL
2026-06-21T03:00,17.0,3.2,6.5,0.0,2,EGLL
2026-06-21T04:00,16.7,2.8,6.1,0.0,23,EGLL
2026-06-21T05:00,17.5,3.4,7.6,0.0,5,EGLL
2026-06-21T06:00,19.2,1.4,8.3,0.0,46,EGLL
2026-06-21T07:00,21.3,1.4,9.7,0.0,96,EGLL
2026-06-21T08:00,23.0,0.2,10.4,0.0,50,EGLL
2026-06-21T09:00,24.6,2.0,13.7,0.0,74,EGLL
2026-06-21T10:00,25.8,0.9,14.4,0.0,75,EGLL
2026-06-21T11:00,26.9,1.2,13.7,0.0,88,EGLL
2026-06-21T12:00,28.1,2.7,14.0,0.0,91,EGLL
2026-06-21T13:00,28.6,2.3,16.6,0.0,100,EGLL
2026-06-21T14:00,28.9,2.3,14.8,0.0,66,EGLL
2026-06-21T15:00,30.4,3.1,16.6,0.0,73,EGLL
2026-06-21T16:00,30.0,9.7,24.8,0.0,97,EGLL
2026-06-21T17:00,28.1,16.6,37.1,0.0,99,EGLL
2026-06-21T18:00,27.1,15.2,39.2,0.0,80,EGLL
2026-06-21T19:00,25.9,14.2,33.8,0.0,10,EGLL
2026-06-21T20:00,24.2,15.0,32.0,0.0,21,EGLL
2026-06-21T21:00,22.8,14.6,32.0,0.0,5,EGLL
2026-06-21T22:00,21.6,14.0,31.7,0.0,52,EGLL
2026-06-21T23:00,20.7,11.7,29.5,0.0,48,EGLL
2026-06-22T00:00,20.1,10.8,23.4,0.0,59,EGLL
2026-06-22T01:00,19.5,10.4,22.0,0.0,51,EGLL
2026-06-22T02:00,18.8,10.3,21.2,0.0,15,EGLL
2026-06-22T03:00,18.2,10.4,20.9,0.0,2,EGLL
2026-06-22T04:00,17.7,10.2,20.9,0.0,41,EGLL
2026-06-22T05:00,17.8,9.7,22.0,0.0,96,EGLL
2026-06-22T06:00,18.8,9.9,24.1,0.0,33,EGLL
2026-06-22T07:00,20.2,9.8,24.8,0.0,73,EGLL
2026-06-22T08:00,22.1,10.5,27.0,0.0,56,EGLL
2026-06-22T09:00,24.1,12.0,30.6,0.0,48,EGLL
2026-06-22T10:00,26.0,12.6,32.4,0.0,49,EGLL
2026-06-22T11:00,27.6,13.1,33.8,0.0,38,EGLL
2026-06-22T12:00,28.8,13.3,34.9,0.0,34,EGLL
2026-06-22T13:00,29.3,14.6,37.1,0.0,35,EGLL
2026-06-22T14:00,29.5,14.2,37.4,0.0,29,EGLL
2026-06-22T15:00,29.3,15.5,38.5,0.0,71,EGLL
2026-06-22T16:00,28.6,15.7,38.2,0.0,46,EGLL
2026-06-22T17:00,27.6,15.2,38.2,0.0,34,EGLL
2026-06-22T18:00,26.8,11.2,36.7,0.0,98,EGLL
2026-06-22T19:00,23.3,13.7,29.9,0.7,100,EGLL
2026-06-22T20:00,22.8,12.7,28.1,0.2,100,EGLL
2026-06-22T21:00,20.6,17.1,30.6,1.3,100,EGLL
2026-06-22T22:00,19.7,16.1,32.0,0.5,57,EGLL
2026-06-22T23:00,19.8,12.9,29.9,0.0,70,EGLL
2026-06-23T00:00,19.1,10.5,24.5,0.0,100,EGLL
2026-06-23T01:00,18.8,9.6,19.4,1.2,99,EGLL
2026-06-23T02:00,18.5,8.3,23.8,0.3,97,EGLL
2026-06-23T03:00,18.8,4.9,14.0,0.6,92,EGLL
2026-06-23T04:00,18.7,9.4,17.3,0.2,62,EGLL
2026-06-23T05:00,19.0,8.0,22.3,0.3,42,EGLL
2026-06-23T06:00,19.8,12.0,20.5,0.2,9,EGLL
2026-06-23T07:00,21.7,7.8,21.2,0.0,35,EGLL
2026-06-23T08:00,23.3,9.4,25.2,0.1,24,EGLL
2026-06-23T09:00,25.8,7.0,23.4,0.0,58,EGLL
2026-06-23T10:00,27.9,10.0,25.9,0.0,40,EGLL
2026-06-23T11:00,29.6,10.8,28.1,0.0,10,EGLL
2026-06-23T12:00,30.3,10.7,29.2,0.0,72,EGLL
2026-06-23T13:00,31.2,9.9,28.1,0.0,45,EGLL
2026-06-23T14:00,32.1,9.7,26.6,0.0,1,EGLL
2026-06-23T15:00,32.8,10.8,27.4,0.0,0,EGLL
2026-06-23T16:00,33.2,11.1,27.7,0.0,0,EGLL
2026-06-23T17:00,33.0,10.4,27.0,0.0,0,EGLL
2026-06-23T18:00,32.2,6.8,24.5,0.0,0,EGLL
2026-06-23T19:00,31.5,6.9,18.0,0.0,0,EGLL
2026-06-23T20:00,29.9,4.3,13.7,0.0,0,EGLL
2026-06-23T21:00,28.2,4.1,7.9,0.0,0,EGLL
2026-06-23T22:00,26.9,4.5,8.3,0.0,0,EGLL
2026-06-23T23:00,25.7,6.5,12.2,0.0,0,EGLL
2026-06-24T00:00,23.7,5.6,11.9,0.0,0,EGLL
2026-06-24T01:00,22.9,5.8,11.5,0.0,0,EGLL
2026-06-24T02:00,22.3,5.1,11.2,0.0,0,EGLL
2026-06-24T03:00,21.7,4.3,10.1,0.0,0,EGLL
2026-06-24T04:00,21.2,5.7,10.8,0.0,0,EGLL
2026-06-24T05:00,22.1,5.6,11.5,0.0,0,EGLL
2026-06-24T06:00,23.9,5.1,13.7,0.0,0,EGLL
2026-06-24T07:00,25.6,5.6,16.9,0.0,0,EGLL
2026-06-24T08:00,27.4,7.6,22.0,0.0,0,EGLL
2026-06-24T09:00,29.0,8.3,24.8,0.0,0,EGLL
2026-06-24T10:00,30.6,8.2,25.2,0.0,0,EGLL
2026-06-24T11:00,31.9,8.1,25.6,0.0,0,EGLL
2026-06-24T12:00,33.0,8.6,25.9,0.0,0,EGLL
2026-06-24T13:00,33.5,8.1,26.3,0.0,0,EGLL
2026-06-24T14:00,34.1,7.9,25.6,0.0,5,EGLL
2026-06-24T15:00,34.3,7.8,25.2,0.0,0,EGLL
2026-06-24T16:00,34.2,8.9,25.6,0.0,0,EGLL
2026-06-24T17:00,33.7,11.0,28.1,0.0,0,EGLL
2026-06-24T18:00,33.2,12.0,28.8,0.0,0,EGLL
2026-06-24T19:00,31.7,15.6,33.8,0.0,1,EGLL
2026-06-24T20:00,29.7,15.4,34.9,0.0,0,EGLL
2026-06-24T21:00,28.0,12.8,32.8,0.0,1,EGLL
2026-06-24T22:00,26.4,11.5,27.7,0.0,0,EGLL
2026-06-24T23:00,25.3,10.4,25.2,0.0,0,EGLL
2026-06-25T00:00,24.1,11.6,20.9,0.0,0,EGLL
2026-06-25T01:00,23.2,11.6,24.8,0.0,7,EGLL
2026-06-25T02:00,22.2,11.7,25.2,0.0,20,EGLL
2026-06-25T03:00,21.4,11.4,24.8,0.0,8,EGLL
2026-06-25T04:00,20.8,10.9,23.4,0.0,0,EGLL
2026-06-25T05:00,20.9,9.3,22.7,0.0,2,EGLL
2026-06-25T06:00,22.3,10.2,23.0,0.0,0,EGLL
2026-06-25T07:00,23.8,11.7,28.1,0.0,0,EGLL
2026-06-25T08:00,25.8,12.8,31.0,0.0,1,EGLL
2026-06-25T09:00,27.8,13.8,34.2,0.0,5,EGLL
2026-06-25T10:00,29.5,15.7,38.2,0.0,0,EGLL
2026-06-25T11:00,30.8,16.5,40.7,0.0,0,EGLL
2026-06-25T12:00,32.5,17.3,41.8,0.0,0,EGLL
2026-06-25T13:00,32.9,17.6,42.8,0.0,0,EGLL
2026-06-25T14:00,33.1,17.9,43.6,0.0,0,EGLL
2026-06-25T15:00,32.9,18.9,44.6,0.0,0,EGLL
2026-06-25T16:00,32.2,18.5,44.6,0.0,2,EGLL
2026-06-25T17:00,31.3,17.6,43.2,0.0,26,EGLL
2026-06-25T18:00,30.4,16.8,40.7,0.0,2,EGLL
2026-06-25T19:00,28.5,16.5,38.5,0.0,1,EGLL
2026-06-25T20:00,27.0,14.2,36.0,0.0,7,EGLL
2026-06-25T21:00,25.6,15.2,32.4,0.0,3,EGLL
2026-06-25T22:00,24.8,13.7,30.6,0.0,40,EGLL
2026-06-25T23:00,24.4,12.3,27.7,0.0,89,EGLL
2026-06-26T00:00,23.5,12.5,25.9,0.0,58,EGLL
2026-06-26T01:00,24.3,8.6,24.5,0.0,83,EGLL
2026-06-26T02:00,25.4,7.6,15.8,0.0,93,EGLL
2026-06-26T03:00,25.5,6.7,15.1,0.0,98,EGLL
2026-06-26T04:00,25.2,4.8,12.6,0.0,83,EGLL
2026-06-26T05:00,25.4,7.3,13.0,0.0,95,EGLL
2026-06-26T06:00,26.1,7.6,19.4,0.0,2,EGLL
2026-06-26T07:00,27.4,4.7,16.2,0.0,18,EGLL
2026-06-26T08:00,29.5,6.0,17.3,0.0,2,EGLL
2026-06-26T09:00,31.2,10.9,27.4,0.0,4,EGLL
2026-06-26T10:00,32.1,11.6,29.9,0.0,12,EGLL
2026-06-26T11:00,32.8,12.0,30.6,0.0,27,EGLL
2026-06-26T12:00,34.2,14.4,38.2,0.0,35,EGLL
2026-06-26T13:00,34.1,15.6,39.2,0.0,5,EGLL
2026-06-26T14:00,34.3,13.0,39.2,0.0,13,EGLL
2026-06-26T15:00,34.0,16.3,40.0,0.0,2,EGLL
2026-06-26T16:00,33.2,15.6,40.3,0.0,5,EGLL
2026-06-26T17:00,32.3,15.7,38.2,0.0,6,EGLL
2026-06-26T18:00,31.5,14.4,37.1,0.0,80,EGLL
2026-06-26T19:00,29.9,12.9,32.8,0.0,15,EGLL
2026-06-26T20:00,28.2,11.8,28.8,0.0,10,EGLL
2026-06-26T21:00,26.7,11.3,26.3,0.0,30,EGLL
2026-06-26T22:00,25.6,10.7,23.8,0.0,17,EGLL
2026-06-26T23:00,24.4,9.7,22.3,0.0,63,EGLL
2026-06-27T00:00,22.9,7.6,20.9,0.0,41,EGLL
2026-06-27T01:00,22.3,6.8,16.2,0.1,95,EGLL
2026-06-27T02:00,21.7,8.8,19.1,0.1,59,EGLL
2026-06-27T03:00,21.0,6.2,18.7,0.0,89,EGLL
2026-06-27T04:00,20.7,4.9,15.5,0.0,23,EGLL
2026-06-27T05:00,20.9,3.7,10.8,0.0,6,EGLL
2026-06-27T06:00,21.6,2.3,11.2,0.0,32,EGLL
2026-06-27T07:00,23.2,2.5,12.6,0.0,87,EGLL
2026-06-27T08:00,24.7,3.5,15.5,0.0,91,EGLL
2026-06-27T09:00,26.4,4.2,17.6,0.0,95,EGLL
2026-06-27T10:00,27.9,5.5,20.5,0.0,95,EGLL
2026-06-27T11:00,29.2,7.8,24.8,0.0,100,EGLL
2026-06-27T12:00,30.6,7.6,26.6,0.0,44,EGLL
2026-06-27T13:00,31.2,9.2,27.7,0.0,52,EGLL
2026-06-27T14:00,31.7,12.1,32.8,0.0,100,EGLL
2026-06-27T15:00,30.2,15.1,36.0,0.0,96,EGLL
2026-06-27T16:00,29.6,14.8,38.2,0.0,99,EGLL
2026-06-27T17:00,28.4,15.8,36.4,0.0,92,EGLL
2026-06-27T18:00,27.4,15.5,37.8,0.0,93,EGLL
2026-06-27T19:00,26.1,16.8,36.4,0.0,99,EGLL
2026-06-27T20:00,25.0,13.9,37.1,0.0,76,EGLL
2026-06-27T21:00,23.9,9.6,29.9,0.0,23,EGLL
2026-06-27T22:00,23.1,10.4,20.9,0.0,2,EGLL
2026-06-27T23:00,22.5,10.1,20.9,0.0,7,EGLL
2026-06-28T00:00,21.0,7.7,20.5,0.0,6,EGLL
2026-06-28T01:00,20.7,8.9,18.4,0.0,6,EGLL
2026-06-28T02:00,20.1,10.2,20.9,0.0,5,EGLL
2026-06-28T03:00,19.7,12.1,25.2,0.0,1,EGLL
2026-06-28T04:00,19.1,13.4,29.2,0.0,5,EGLL
2026-06-28T05:00,19.1,13.6,29.5,0.0,32,EGLL
2026-06-28T06:00,19.8,15.4,36.7,0.0,13,EGLL
2026-06-28T07:00,20.9,17.6,40.0,0.0,23,EGLL
2026-06-28T08:00,21.7,18.5,43.2,0.0,32,EGLL
2026-06-28T09:00,22.7,18.5,44.6,0.0,100,EGLL
2026-06-28T10:00,22.6,17.3,43.9,0.0,71,EGLL
2026-06-28T11:00,24.1,18.4,43.6,0.0,70,EGLL
2026-06-28T12:00,24.6,19.7,46.1,0.0,74,EGLL
2026-06-28T13:00,25.3,19.7,47.2,0.0,91,EGLL
2026-06-28T14:00,25.2,19.2,47.2,0.0,88,EGLL
2026-06-28T15:00,25.0,18.5,45.0,0.0,100,EGLL
2026-06-28T16:00,23.3,18.5,44.3,0.0,100,EGLL
2026-06-28T17:00,23.2,17.0,42.5,0.0,59,EGLL
2026-06-28T18:00,22.4,13.8,40.0,0.0,100,EGLL
2026-06-28T19:00,21.4,14.2,32.0,0.0,78,EGLL
2026-06-28T20:00,20.4,14.7,32.4,0.0,52,EGLL
2026-06-28T21:00,19.2,14.5,31.7,0.0,43,EGLL
2026-06-28T22:00,18.1,13.8,31.7,0.0,0,EGLL
2026-06-28T23:00,17.0,12.3,29.5,0.0,1,EGLL
2026-06-29T00:00,15.6,11.7,25.2,0.0,0,EGLL
2026-06-29T01:00,14.8,10.5,24.5,0.0,0,EGLL
2026-06-29T02:00,14.3,10.0,22.0,0.0,5,EGLL
2026-06-29T03:00,14.0,10.1,20.9,0.0,2,EGLL
2026-06-29T04:00,13.8,9.0,21.2,0.0,4,EGLL
2026-06-29T05:00,14.1,7.3,18.7,0.0,4,EGLL
2026-06-29T06:00,15.3,8.2,20.2,0.0,2,EGLL
2026-06-29T07:00,16.5,9.4,24.5,0.0,2,EGLL
2026-06-29T08:00,17.8,10.6,27.7,0.0,30,EGLL
2026-06-29T09:00,19.0,12.3,31.7,0.0,73,EGLL
2026-06-29T10:00,20.2,10.8,32.0,0.0,63,EGLL
2026-06-29T11:00,21.2,10.5,29.5,0.0,97,EGLL
2026-06-29T12:00,22.0,8.9,29.9,0.0,100,EGLL
2026-06-29T13:00,22.5,9.1,27.4,0.0,100,EGLL
2026-06-29T14:00,22.3,9.4,27.4,0.0,99,EGLL
2026-06-29T15:00,22.6,8.8,27.0,0.0,99,EGLL
2026-06-29T16:00,22.6,8.8,25.6,0.0,98,EGLL
2026-06-29T17:00,22.3,9.7,25.9,0.0,77,EGLL
2026-06-29T18:00,21.8,8.0,25.2,0.0,97,EGLL
2026-06-29T19:00,21.1,8.6,21.6,0.0,99,EGLL
2026-06-29T20:00,20.4,9.0,20.9,0.0,95,EGLL
2026-06-29T21:00,19.7,6.5,19.8,0.0,100,EGLL
2026-06-29T22:00,19.9,5.4,13.3,0.0,100,EGLL
2026-06-29T23:00,19.3,5.2,11.5,0.0,100,EGLL
2026-06-30T00:00,18.0,5.0,11.9,0.0,100,EGLL
2026-06-30T01:00,17.7,3.3,10.8,0.0,100,EGLL
2026-06-30T02:00,17.4,1.5,6.8,0.0,100,EGLL
2026-06-30T03:00,17.0,2.3,5.4,0.0,48,EGLL
2026-06-30T04:00,16.0,3.4,7.6,0.0,100,EGLL
2026-06-30T05:00,16.7,5.5,13.0,0.0,63,EGLL
2026-06-30T06:00,17.5,4.8,13.0,0.0,98,EGLL
2026-06-30T07:00,18.3,6.2,17.6,0.0,98,EGLL
2026-06-30T08:00,19.0,7.8,22.0,0.0,98,EGLL
2026-06-30T09:00,19.9,9.8,26.3,0.0,100,EGLL
2026-06-30T10:00,20.7,11.1,29.5,0.0,80,EGLL
2026-06-30T11:00,21.8,12.2,32.4,0.0,93,EGLL
2026-06-30T12:00,22.8,11.4,33.5,0.0,98,EGLL
2026-06-30T13:00,23.3,12.1,32.0,0.0,42,EGLL
2026-06-30T14:00,24.2,13.6,35.3,0.0,46,EGLL
2026-06-30T15:00,24.4,13.1,35.3,0.0,59,EGLL
2026-06-30T16:00,24.6,15.1,36.7,0.0,97,EGLL
2026-06-30T17:00,23.3,16.3,37.8,0.0,100,EGLL
2026-06-30T18:00,21.8,15.3,40.7,0.0,63,EGLL
2026-06-30T19:00,20.5,14.8,36.0,0.3,65,EGLL
2026-06-30T20:00,20.0,11.8,32.8,0.1,63,EGLL
2026-06-30T21:00,19.4,12.2,25.9,0.0,36,EGLL
2026-06-30T22:00,18.6,12.0,25.9,0.0,34,EGLL
2026-06-30T23:00,17.8,9.2,25.9,0.0,21,EGLL
2026-07-01T00:00,17.3,8.8,19.1,0.0,5,EGLL
2026-07-01T01:00,16.7,8.8,18.0,0.0,3,EGLL
2026-07-01T02:00,15.9,9.4,19.4,0.0,14,EGLL
2026-07-01T03:00,15.4,8.3,19.8,0.0,10,EGLL
2026-07-01T04:00,14.9,8.5,17.3,0.0,10,EGLL
2026-07-01T05:00,15.4,7.7,16.9,0.0,13,EGLL
2026-07-01T06:00,16.8,7.3,20.9,0.0,11,EGLL
2026-07-01T07:00,18.2,8.8,23.4,0.0,9,EGLL
2026-07-01T08:00,19.8,9.4,25.9,0.0,39,EGLL
2026-07-01T09:00,21.1,10.2,28.4,0.0,100,EGLL
2026-07-01T10:00,21.8,11.3,30.2,0.0,100,EGLL
2026-07-01T11:00,22.5,10.9,30.2,0.0,100,EGLL
2026-07-01T12:00,23.3,8.6,29.9,0.0,95,EGLL
2026-07-01T13:00,24.3,9.9,28.4,0.0,100,EGLL
2026-07-01T14:00,24.2,11.6,30.2,0.0,78,EGLL
2026-07-01T15:00,24.9,12.0,31.3,0.0,81,EGLL
2026-07-01T16:00,24.9,12.8,31.7,0.0,91,EGLL
2026-07-01T17:00,24.7,12.0,32.0,0.0,93,EGLL
2026-07-01T18:00,24.9,13.1,32.0,0.0,66,EGLL
2026-07-01T19:00,24.1,15.1,33.1,0.0,56,EGLL
2026-07-01T20:00,22.2,16.0,35.3,0.0,17,EGLL
2026-07-01T21:00,20.3,16.8,36.4,0.0,45,EGLL
2026-07-01T22:00,18.7,16.4,37.1,0.0,24,EGLL
2026-07-01T23:00,17.4,13.6,34.9,0.0,13,EGLL
2026-07-02T00:00,17.0,13.6,28.8,0.0,9,EGLL
2026-07-02T01:00,16.8,13.9,28.4,0.0,27,EGLL
2026-07-02T02:00,16.7,15.2,30.6,0.0,100,EGLL
2026-07-02T03:00,17.3,14.8,32.4,0.0,100,EGLL
2026-07-02T04:00,17.4,13.3,31.3,0.0,100,EGLL
2026-07-02T05:00,18.3,15.8,39.6,0.0,100,EGLL
2026-07-02T06:00,18.6,13.6,32.8,0.0,100,EGLL
2026-07-02T07:00,19.7,19.1,42.5,0.0,24,EGLL
2026-07-02T08:00,21.2,20.8,47.2,0.0,14,EGLL
2026-07-02T09:00,21.9,19.6,46.8,0.0,8,EGLL
2026-07-02T10:00,23.0,19.4,46.4,0.0,2,EGLL
2026-07-02T11:00,23.5,18.2,46.8,0.0,10,EGLL
2026-07-02T12:00,24.3,17.2,45.4,0.0,38,EGLL
2026-07-02T13:00,24.8,16.7,42.8,0.0,76,EGLL
2026-07-02T14:00,25.2,16.4,42.1,0.0,27,EGLL
2026-07-02T15:00,25.3,16.8,41.4,0.0,20,EGLL
2026-07-02T16:00,24.7,16.9,41.8,0.0,67,EGLL
2026-07-02T17:00,24.0,16.5,41.0,0.0,17,EGLL
2026-07-02T18:00,23.5,15.3,39.2,0.0,11,EGLL
2026-07-02T19:00,22.4,14.1,35.3,0.0,1,EGLL
2026-07-02T20:00,21.0,13.6,31.7,0.0,8,EGLL
2026-07-02T21:00,19.4,13.5,30.2,0.0,19,EGLL
2026-07-02T22:00,18.2,12.3,28.8,0.0,0,EGLL
2026-07-02T23:00,17.2,9.9,26.3,0.0,9,EGLL
2026-07-03T00:00,15.6,8.2,20.9,0.0,30,EGLL
2026-07-03T01:00,14.8,7.3,16.9,0.0,29,EGLL
2026-07-03T02:00,14.1,5.9,14.8,0.0,42,EGLL
2026-07-03T03:00,13.4,5.8,11.5,0.0,87,EGLL
2026-07-03T04:00,12.9,6.1,12.6,0.0,88,EGLL
2026-07-03T05:00,13.3,6.0,12.6,0.0,98,EGLL
2026-07-03T06:00,14.5,5.7,14.8,0.0,99,EGLL
2026-07-03T07:00,16.2,5.6,17.6,0.0,91,EGLL
2026-07-03T08:00,17.6,5.7,19.8,0.0,79,EGLL
2026-07-03T09:00,19.1,4.6,19.4,0.0,60,EGLL
2026-07-03T10:00,20.5,4.5,20.2,0.0,72,EGLL
2026-07-03T11:00,21.8,5.3,22.0,0.0,72,EGLL
2026-07-03T12:00,23.3,4.9,22.7,0.0,40,EGLL
2026-07-03T13:00,24.3,7.6,25.6,0.0,39,EGLL
2026-07-03T14:00,24.8,8.8,27.7,0.0,23,EGLL
2026-07-03T15:00,25.2,9.5,28.4,0.0,12,EGLL
2026-07-03T16:00,25.4,10.4,29.2,0.0,8,EGLL
2026-07-03T17:00,25.4,10.5,29.5,0.0,21,EGLL
2026-07-03T18:00,25.6,11.8,27.7,0.0,5,EGLL
2026-07-03T19:00,24.8,13.0,29.5,0.0,0,EGLL
2026-07-03T20:00,23.7,9.9,29.2,0.0,4,EGLL
2026-07-03T21:00,22.2,12.0,24.1,0.0,2,EGLL
2026-07-03T22:00,21.1,13.1,27.7,0.0,0,EGLL
2026-07-03T23:00,19.9,12.8,27.4,0.0,0,EGLL
2026-07-04T00:00,18.0,13.5,32.0,0.0,0,EGLL
2026-07-04T01:00,16.8,12.8,29.2,0.0,0,EGLL
2026-07-04T02:00,15.9,9.6,27.0,0.0,0,EGLL
2026-07-04T03:00,15.3,9.0,20.2,0.0,0,EGLL
2026-07-04T04:00,15.1,9.0,19.1,0.0,0,EGLL
2026-07-04T05:00,15.6,9.9,20.5,0.0,13,EGLL
2026-07-04T06:00,16.9,14.3,32.4,0.0,94,EGLL
2026-07-04T07:00,17.9,14.3,33.1,0.0,100,EGLL
2026-07-04T08:00,19.5,13.9,33.5,0.0,100,EGLL
2026-07-04T09:00,20.9,16.2,37.8,0.0,97,EGLL
2026-07-04T10:00,22.3,17.1,40.7,0.0,96,EGLL
2026-07-04T11:00,23.9,17.5,41.4,0.0,77,EGLL
2026-07-04T12:00,25.4,17.2,46.1,0.0,16,EGLL
2026-07-04T13:00,26.8,18.0,44.3,0.0,91,EGLL
2026-07-04T14:00,27.7,20.0,47.2,0.0,50,EGLL
2026-07-04T15:00,27.8,18.0,47.9,0.0,6,EGLL
2026-07-04T16:00,28.7,20.6,47.2,0.0,61,EGLL
2026-07-04T17:00,26.8,20.4,49.3,0.0,3,EGLL
2026-07-04T18:00,26.0,17.5,46.4,0.0,48,EGLL
2026-07-04T19:00,24.5,17.6,40.3,0.0,24,EGLL
2026-07-04T20:00,22.4,17.4,38.2,0.0,36,EGLL
2026-07-04T21:00,20.8,15.8,37.1,0.0,25,EGLL
2026-07-04T22:00,19.6,14.7,32.8,0.0,48,EGLL
2026-07-04T23:00,18.8,12.7,29.9,0.0,52,EGLL
2026-07-05T00:00,18.2,10.2,25.6,0.0,37,EGLL
2026-07-05T01:00,17.5,9.9,21.6,0.0,7,EGLL
2026-07-05T02:00,16.9,10.2,21.2,0.0,66,EGLL
2026-07-05T03:00,16.4,9.2,21.2,0.0,46,EGLL
2026-07-05T04:00,16.0,9.7,19.4,0.0,62,EGLL
2026-07-05T05:00,16.3,9.2,22.3,0.0,41,EGLL
2026-07-05T06:00,17.4,12.0,24.8,0.0,100,EGLL
2026-07-05T07:00,18.0,10.9,27.4,0.0,100,EGLL
2026-07-05T08:00,18.7,8.9,26.6,0.0,100,EGLL
2026-07-05T09:00,19.7,9.1,23.8,0.0,100,EGLL
2026-07-05T10:00,20.9,10.2,25.9,0.0,99,EGLL
2026-07-05T11:00,23.3,11.7,31.0,0.0,82,EGLL
2026-07-05T12:00,25.5,11.5,32.8,0.0,70,EGLL
2026-07-05T13:00,26.2,11.3,32.0,0.0,31,EGLL
2026-07-05T14:00,26.7,11.3,32.0,0.0,34,EGLL
2026-07-05T15:00,27.2,11.7,31.7,0.0,55,EGLL
2026-07-05T16:00,27.5,12.3,32.8,0.0,81,EGLL
2026-07-05T17:00,27.4,12.0,32.4,0.0,94,EGLL
2026-07-05T18:00,27.3,12.0,30.2,0.0,98,EGLL
2026-07-05T19:00,26.4,13.4,29.9,0.0,98,EGLL
2026-07-05T20:00,25.0,12.6,29.5,0.0,92,EGLL
2026-07-05T21:00,23.5,12.9,26.6,0.0,91,EGLL
2026-07-05T22:00,22.2,12.0,26.3,0.0,77,EGLL
2026-07-05T23:00,21.0,11.6,24.8,0.0,65,EGLL
2026-07-06T00:00,19.7,10.2,24.1,0.0,77,EGLL
2026-07-06T01:00,18.6,9.4,21.2,0.0,82,EGLL
2026-07-06T02:00,17.7,8.9,19.4,0.0,72,EGLL
2026-07-06T03:00,17.1,8.5,18.0,0.0,64,EGLL
2026-07-06T04:00,16.6,8.1,17.3,0.0,65,EGLL
2026-07-06T05:00,16.7,7.0,16.6,0.0,26,EGLL
2026-07-06T06:00,18.5,8.2,20.5,0.0,31,EGLL
2026-07-06T07:00,20.3,8.1,21.6,0.0,17,EGLL
2026-07-06T08:00,22.6,7.9,23.0,0.0,19,EGLL
2026-07-06T09:00,24.8,8.8,25.2,0.0,52,EGLL
2026-07-06T10:00,26.8,10.9,29.9,0.0,36,EGLL
2026-07-06T11:00,28.6,14.0,36.0,0.0,35,EGLL
2026-07-06T12:00,30.3,16.1,42.1,0.0,30,EGLL
2026-07-06T13:00,30.8,18.3,44.6,0.0,51,EGLL
2026-07-06T14:00,31.0,19.4,46.4,0.0,56,EGLL
2026-07-06T15:00,30.9,20.4,48.2,0.0,90,EGLL
2026-07-06T16:00,30.4,20.8,48.6,0.0,20,EGLL
2026-07-06T17:00,29.9,20.4,47.9,0.0,66,EGLL
2026-07-06T18:00,29.1,18.5,46.1,0.0,98,EGLL
2026-07-06T19:00,27.8,15.5,40.0,0.0,97,EGLL
2026-07-06T20:00,26.4,13.3,33.1,0.0,93,EGLL
2026-07-06T21:00,25.3,13.0,27.7,0.0,98,EGLL
2026-07-06T22:00,24.2,13.6,28.1,0.0,99,EGLL
2026-07-06T23:00,23.3,13.6,28.1,0.0,96,EGLL
2026-07-07T00:00,21.6,13.0,29.2,0.0,91,EGLL
2026-07-07T01:00,20.6,12.6,26.6,0.0,66,EGLL
2026-07-07T02:00,19.4,11.0,25.6,0.0,73,EGLL
2026-07-07T03:00,18.6,9.4,22.0,0.0,65,EGLL
2026-07-07T04:00,17.8,8.4,18.4,0.0,66,EGLL
2026-07-07T05:00,17.7,8.0,16.9,0.0,96,EGLL
2026-07-07T06:00,18.9,8.5,20.2,0.0,88,EGLL
2026-07-07T07:00,20.4,9.8,24.5,0.0,79,EGLL
2026-07-07T08:00,21.9,10.1,26.6,0.0,87,EGLL
2026-07-07T09:00,23.8,10.9,29.5,0.0,47,EGLL
2026-07-07T10:00,25.6,13.2,34.2,0.0,85,EGLL
2026-07-07T11:00,26.7,14.2,36.7,0.0,71,EGLL
2026-07-07T12:00,28.8,12.8,36.7,0.0,86,EGLL
2026-07-07T13:00,29.4,12.5,34.2,0.0,79,EGLL
2026-07-07T14:00,30.0,12.4,34.2,0.0,63,EGLL
2026-07-07T15:00,30.4,11.9,33.5,0.0,45,EGLL
2026-07-07T16:00,30.4,12.5,32.4,0.0,70,EGLL
2026-07-07T17:00,30.0,13.4,33.1,0.0,70,EGLL
2026-07-07T18:00,29.7,12.1,33.1,0.0,71,EGLL
2026-07-07T19:00,28.9,11.6,28.4,0.0,67,EGLL
2026-07-07T20:00,27.7,9.2,25.9,0.0,62,EGLL
2026-07-07T21:00,26.5,7.1,18.4,0.0,34,EGLL
2026-07-07T22:00,25.7,9.2,17.6,0.0,7,EGLL
2026-07-07T23:00,24.8,8.8,18.4,0.0,9,EGLL
2026-07-08T00:00,23.1,7.9,18.0,0.0,9,EGLL
2026-07-08T01:00,22.2,8.8,18.0,0.0,0,EGLL
2026-07-08T02:00,21.1,6.0,18.0,0.0,0,EGLL
2026-07-08T03:00,20.2,5.0,11.5,0.0,0,EGLL
2026-07-08T04:00,19.4,5.5,11.2,0.0,0,EGLL
2026-07-08T05:00,19.5,6.0,13.3,0.0,0,EGLL
2026-07-08T06:00,20.7,4.8,14.4,0.0,0,EGLL
2026-07-08T07:00,22.3,4.0,14.8,0.0,0,EGLL
2026-07-08T08:00,23.9,4.1,16.9,0.0,0,EGLL
2026-07-08T09:00,25.5,3.8,17.6,0.0,0,EGLL
2026-07-08T10:00,27.1,3.1,17.6,0.0,0,EGLL
2026-07-08T11:00,28.5,2.3,17.6,0.0,0,EGLL
2026-07-08T12:00,30.2,3.1,18.7,0.0,0,EGLL
2026-07-08T13:00,31.2,3.8,19.8,0.0,0,EGLL
2026-07-08T14:00,31.8,3.5,19.8,0.0,0,EGLL
2026-07-08T15:00,32.1,3.5,18.7,0.0,0,EGLL
2026-07-08T16:00,32.3,4.2,18.0,0.0,0,EGLL
2026-07-08T17:00,32.1,6.3,20.2,0.0,0,EGLL
2026-07-08T18:00,31.9,4.5,22.3,0.0,0,EGLL
2026-07-08T19:00,31.0,6.3,15.8,0.0,0,EGLL
2026-07-08T20:00,29.8,8.6,18.0,0.0,0,EGLL
2026-07-08T21:00,28.2,6.4,16.9,0.0,0,EGLL
2026-07-08T22:00,26.9,8.4,15.5,0.0,0,EGLL
2026-07-08T23:00,25.3,8.4,19.1,0.0,0,EGLL
2026-07-09T00:00,23.4,6.8,16.9,0.0,0,EGLL
2026-07-09T01:00,22.5,6.3,13.7,0.0,0,EGLL
2026-07-09T02:00,21.7,5.8,12.6,0.0,0,EGLL
2026-07-09T03:00,20.8,4.6,11.2,0.0,0,EGLL
2026-07-09T04:00,19.9,4.0,9.0,0.0,0,EGLL
2026-07-09T05:00,20.2,4.9,9.4,0.0,1,EGLL
2026-07-09T06:00,21.5,4.1,12.2,0.0,2,EGLL
2026-07-09T07:00,23.6,4.0,14.8,0.0,6,EGLL
2026-07-09T08:00,25.9,3.8,16.2,0.0,18,EGLL
2026-07-09T09:00,28.2,4.2,18.0,0.0,39,EGLL
2026-07-09T10:00,30.1,4.1,18.7,0.0,53,EGLL
2026-07-09T11:00,31.3,4.0,19.1,0.0,55,EGLL
2026-07-09T12:00,32.4,2.7,19.1,0.0,47,EGLL
2026-07-09T13:00,33.2,1.7,17.3,0.0,45,EGLL
2026-07-09T14:00,33.7,1.4,16.6,0.0,88,EGLL
2026-07-09T15:00,33.7,2.6,15.8,0.0,95,EGLL
2026-07-09T16:00,34.1,2.0,15.5,0.0,98,EGLL
2026-07-09T17:00,33.7,3.9,14.4,0.0,99,EGLL
2026-07-09T18:00,31.9,13.7,20.9,0.0,95,EGLL
2026-07-09T19:00,31.3,14.2,32.0,0.0,87,EGLL
2026-07-09T20:00,29.6,14.9,32.0,0.0,81,EGLL
2026-07-09T21:00,27.5,11.4,32.0,0.0,92,EGLL
2026-07-09T22:00,26.2,8.6,24.8,0.0,91,EGLL
2026-07-09T23:00,25.3,8.2,19.1,0.0,100,EGLL
2026-07-10T00:00,24.2,4.8,16.2,0.0,100,EGLL
2026-07-10T01:00,23.8,5.0,10.1,0.0,99,EGLL
2026-07-10T02:00,23.5,4.0,9.4,0.0,100,EGLL
2026-07-10T03:00,23.2,4.4,8.6,0.0,100,EGLL
2026-07-10T04:00,22.9,6.2,11.9,0.0,97,EGLL
2026-07-10T05:00,22.7,7.8,16.9,0.0,96,EGLL
2026-07-10T06:00,23.2,7.1,18.0,0.0,94,EGLL
2026-07-10T07:00,24.4,7.6,20.5,0.0,70,EGLL
2026-07-10T08:00,25.9,8.1,23.0,0.0,47,EGLL
2026-07-10T09:00,27.5,8.3,24.1,0.0,97,EGLL
2026-07-10T10:00,28.9,9.2,26.6,0.0,97,EGLL
2026-07-10T11:00,30.0,11.0,30.2,0.0,94,EGLL
2026-07-10T12:00,31.0,12.1,32.8,0.0,83,EGLL
2026-07-10T13:00,31.3,13.9,36.0,0.0,35,EGLL
2026-07-10T14:00,31.4,14.1,36.7,0.0,30,EGLL
2026-07-10T15:00,31.4,14.7,37.1,0.0,1,EGLL
2026-07-10T16:00,31.1,15.5,38.2,0.0,47,EGLL
2026-07-10T17:00,30.3,15.0,38.2,0.0,62,EGLL
2026-07-10T18:00,28.9,14.6,36.0,0.0,5,EGLL
2026-07-10T19:00,27.3,14.3,33.8,0.0,23,EGLL
2026-07-10T20:00,25.5,13.7,31.7,0.0,7,EGLL
2026-07-10T21:00,24.1,13.6,30.2,0.0,36,EGLL
2026-07-10T22:00,23.1,11.4,29.2,0.0,30,EGLL
2026-07-10T23:00,22.3,10.4,23.4,0.0,7,EGLL
2026-07-11T00:00,20.9,10.5,20.9,0.0,2,EGLL
2026-07-11T01:00,20.4,10.8,22.3,0.0,13,EGLL
2026-07-11T02:00,19.9,10.8,22.7,0.0,0,EGLL
2026-07-11T03:00,19.3,10.6,22.7,0.0,0,EGLL
2026-07-11T04:00,18.7,10.2,22.7,0.0,0,EGLL
2026-07-11T05:00,18.7,9.9,22.0,0.0,0,EGLL
2026-07-11T06:00,19.7,10.9,26.6,0.0,2,EGLL
2026-07-11T07:00,21.2,11.1,27.7,0.0,1,EGLL
2026-07-11T08:00,22.9,10.8,28.4,0.0,2,EGLL
2026-07-11T09:00,24.8,12.5,32.4,0.0,2,EGLL
2026-07-11T10:00,26.4,13.9,36.0,0.0,3,EGLL
2026-07-11T11:00,27.8,14.4,37.1,0.0,0,EGLL
2026-07-11T12:00,28.9,14.1,37.1,0.0,2,EGLL
2026-07-11T13:00,29.4,14.1,37.1,0.0,1,EGLL
2026-07-11T14:00,30.0,14.3,37.4,0.0,0,EGLL
2026-07-11T15:00,30.2,14.5,37.1,0.0,0,EGLL
2026-07-11T16:00,30.1,15.2,37.4,0.0,0,EGLL
2026-07-11T17:00,29.4,16.5,38.9,0.0,0,EGLL
2026-07-11T18:00,28.5,17.8,40.0,0.0,0,EGLL
2026-07-11T19:00,26.8,18.1,41.0,0.0,0,EGLL
2026-07-11T20:00,25.1,17.0,39.6,0.0,0,EGLL
2026-07-11T21:00,23.4,17.0,36.7,0.0,0,EGLL
2026-07-11T22:00,21.4,16.6,36.7,0.0,2,EGLL
2026-07-11T23:00,19.9,14.8,35.6,0.0,1,EGLL
2026-07-12T00:00,18.4,15.7,32.0,0.0,1,EGLL
2026-07-12T01:00,17.4,14.9,33.1,0.0,1,EGLL
2026-07-12T02:00,16.9,15.0,32.4,0.0,2,EGLL
2026-07-12T03:00,16.6,14.5,32.0,0.0,2,EGLL
2026-07-12T04:00,16.7,14.2,31.0,0.0,37,EGLL
2026-07-12T05:00,17.2,13.9,30.6,0.0,100,EGLL
2026-07-12T06:00,17.9,17.3,40.3,0.0,100,EGLL
2026-07-12T07:00,18.8,16.8,38.2,0.0,100,EGLL
2026-07-12T08:00,20.0,16.5,38.2,0.0,99,EGLL
2026-07-12T09:00,22.3,16.8,39.2,0.0,99,EGLL
2026-07-12T10:00,24.7,17.5,41.8,0.0,100,EGLL
2026-07-12T11:00,27.6,19.4,45.7,0.0,58,EGLL
2026-07-12T12:00,28.8,17.8,46.4,0.0,13,EGLL
2026-07-12T13:00,29.5,18.2,44.3,0.0,8,EGLL
2026-07-12T14:00,29.8,19.1,45.7,0.0,1,EGLL
2026-07-12T15:00,29.7,20.2,47.2,0.0,0,EGLL
2026-07-12T16:00,29.3,20.9,48.6,0.0,0,EGLL
2026-07-12T17:00,28.4,22.1,49.7,0.0,0,EGLL
2026-07-12T18:00,27.3,21.9,50.0,0.0,0,EGLL
2026-07-12T19:00,25.7,20.7,48.2,0.0,0,EGLL
2026-07-12T20:00,23.9,19.8,44.6,0.0,0,EGLL
2026-07-12T21:00,22.2,20.8,44.6,0.0,0,EGLL
2026-07-12T22:00,20.6,21.0,45.7,0.0,20,EGLL
2026-07-12T23:00,19.2,18.9,43.9,0.0,24,EGLL
2026-07-13T00:00,17.7,17.2,39.2,0.0,1,EGLL
2026-07-13T01:00,16.8,18.0,37.8,0.0,0,EGLL
2026-07-13T02:00,15.8,19.1,40.7,0.0,2,EGLL
2026-07-13T03:00,15.2,18.7,40.3,0.0,5,EGLL
2026-07-13T04:00,14.8,17.6,40.3,0.0,23,EGLL
2026-07-13T05:00,15.4,19.7,40.3,0.0,91,EGLL
2026-07-13T06:00,16.7,24.4,52.6,0.0,100,EGLL
2026-07-13T07:00,18.1,21.1,50.4,0.1,100,EGLL
2026-07-13T08:00,19.6,22.7,50.4,0.0,86,EGLL
2026-07-13T09:00,21.3,21.6,51.5,0.0,18,EGLL
2026-07-13T10:00,22.9,19.3,49.3,0.0,25,EGLL
2026-07-13T11:00,24.4,19.4,46.4,0.0,25,EGLL
2026-07-13T12:00,25.1,19.8,48.6,0.0,2,EGLL
2026-07-13T13:00,25.8,20.4,49.3,0.0,7,EGLL
2026-07-13T14:00,26.6,20.2,48.6,0.0,14,EGLL
2026-07-13T15:00,27.1,20.1,48.2,0.0,9,EGLL
2026-07-13T16:00,27.1,20.3,47.5,0.0,4,EGLL
2026-07-13T17:00,26.7,20.9,47.5,0.0,2,EGLL
2026-07-13T18:00,25.6,20.4,47.5,0.0,34,EGLL
2026-07-13T19:00,24.2,19.9,45.0,0.0,100,EGLL
2026-07-13T20:00,22.6,19.4,43.2,0.0,95,EGLL
2026-07-13T21:00,21.1,18.6,41.4,0.0,95,EGLL
2026-07-13T22:00,19.9,17.6,39.6,0.0,97,EGLL
2026-07-13T23:00,18.9,16.6,37.1,0.0,100,EGLL
2026-07-14T00:00,17.7,16.3,35.3,0.0,72,EGLL
2026-07-14T01:00,16.8,15.2,33.8,0.0,80,EGLL
2026-07-14T02:00,16.4,13.7,31.3,0.0,76,EGLL
2026-07-14T03:00,16.3,13.6,27.7,0.0,99,EGLL
2026-07-14T04:00,16.2,15.4,32.4,0.0,99,EGLL
2026-07-14T05:00,16.7,18.7,40.0,0.0,98,EGLL
2026-07-14T06:00,17.0,17.0,41.8,0.0,100,EGLL
2026-07-14T07:00,18.0,17.6,38.9,0.0,73,EGLL
2026-07-14T08:00,20.1,17.6,40.7,0.0,53,EGLL
2026-07-14T09:00,21.9,18.6,43.2,0.0,100,EGLL
2026-07-14T10:00,22.5,17.7,43.6,0.0,100,EGLL
2026-07-14T11:00,23.7,17.2,42.1,0.0,100,EGLL
2026-07-14T12:00,23.4,18.0,42.8,0.0,100,EGLL
2026-07-14T13:00,24.2,15.6,42.1,0.0,100,EGLL
2026-07-14T14:00,26.9,14.4,36.4,0.0,30,EGLL
2026-07-14T15:00,29.1,15.7,38.5,0.0,11,EGLL
2026-07-14T16:00,29.5,17.0,39.6,0.0,5,EGLL
2026-07-14T17:00,29.3,17.9,41.4,0.0,13,EGLL
2026-07-14T18:00,28.9,16.3,40.7,0.0,16,EGLL
2026-07-14T19:00,27.8,17.3,37.1,0.0,9,EGLL
2026-07-14T20:00,25.2,18.3,39.2,0.0,0,EGLL
2026-07-14T21:00,23.3,17.7,39.6,0.0,0,EGLL
2026-07-14T22:00,21.9,16.2,37.4,0.0,0,EGLL
2026-07-14T23:00,20.7,15.2,34.9,0.0,0,EGLL
2026-07-15T00:00,19.2,14.0,32.8,0.0,0,EGLL
2026-07-15T01:00,18.5,14.7,31.3,0.0,0,EGLL
2026-07-15T02:00,17.9,14.9,32.0,0.0,0,EGLL
2026-07-15T03:00,17.5,15.6,32.4,0.0,0,EGLL
2026-07-15T04:00,17.1,15.4,32.8,0.0,0,EGLL
2026-07-15T05:00,17.2,13.2,32.0,0.0,5,EGLL
2026-07-15T06:00,17.9,17.0,36.4,0.0,86,EGLL
2026-07-15T07:00,19.1,17.4,39.6,0.0,38,EGLL
2026-07-15T08:00,20.4,17.6,41.0,0.0,38,EGLL
2026-07-15T09:00,22.2,16.9,40.7,0.0,46,EGLL
2026-07-15T10:00,24.1,17.5,42.1,0.0,61,EGLL
2026-07-15T11:00,26.0,16.8,42.1,0.0,9,EGLL
2026-07-15T12:00,26.8,17.2,41.0,0.0,23,EGLL
2026-07-15T13:00,27.7,14.7,41.4,0.0,16,EGLL
2026-07-15T14:00,28.5,14.6,38.9,0.0,27,EGLL
2026-07-15T15:00,28.5,14.3,37.1,0.0,34,EGLL
2026-07-15T16:00,28.3,14.4,36.4,0.0,29,EGLL
2026-07-15T17:00,28.3,15.5,36.7,0.0,68,EGLL
2026-07-15T18:00,27.4,15.2,37.8,0.0,34,EGLL
2026-07-15T19:00,26.4,16.2,36.0,0.0,21,EGLL
2026-07-15T20:00,25.0,15.8,37.8,0.0,10,EGLL
2026-07-15T21:00,23.6,15.7,33.8,0.0,0,EGLL
2026-07-15T22:00,21.9,16.2,34.6,0.0,0,EGLL
2026-07-15T23:00,20.4,13.4,34.6,0.0,0,EGLL
2026-07-16T00:00,18.6,11.6,28.4,0.0,0,EGLL
2026-07-16T01:00,17.8,11.9,26.3,0.0,0,EGLL
2026-07-16T02:00,17.2,12.1,26.3,0.0,0,EGLL
2026-07-16T03:00,16.6,11.8,25.9,0.0,0,EGLL
2026-07-16T04:00,16.2,11.8,25.2,0.0,0,EGLL
2026-07-16T05:00,16.2,10.5,25.2,0.0,0,EGLL
2026-07-16T06:00,17.0,11.0,25.9,0.0,0,EGLL
2026-07-16T07:00,18.8,10.7,26.6,0.0,0,EGLL
2026-07-16T08:00,20.9,11.2,28.8,0.0,0,EGLL
2026-07-16T09:00,22.9,11.7,31.0,0.0,0,EGLL
2026-07-16T10:00,24.7,12.6,33.5,0.0,1,EGLL
2026-07-16T11:00,26.4,13.4,35.3,0.0,5,EGLL
2026-07-16T12:00,27.5,12.5,35.3,0.0,9,EGLL
2026-07-16T13:00,28.3,11.3,33.5,0.0,13,EGLL
2026-07-16T14:00,29.1,11.2,31.7,0.0,62,EGLL
2026-07-16T15:00,28.2,13.9,33.8,0.0,100,EGLL
2026-07-16T16:00,28.3,13.3,34.2,0.0,82,EGLL
2026-07-16T17:00,27.9,12.5,32.4,0.0,93,EGLL
2026-07-16T18:00,27.2,11.0,30.2,0.0,100,EGLL
2026-07-16T19:00,25.3,12.1,28.1,0.0,100,EGLL
2026-07-16T20:00,23.9,10.0,28.4,0.0,14,EGLL
2026-07-16T21:00,23.0,6.2,21.2,0.0,3,EGLL
2026-07-16T22:00,22.2,7.2,14.0,0.0,0,EGLL
2026-07-16T23:00,21.3,7.1,14.4,0.0,0,EGLL
2026-07-17T00:00,19.5,7.0,14.0,0.0,0,EGLL
2026-07-17T01:00,18.4,7.5,15.8,0.0,0,EGLL
2026-07-17T02:00,17.4,5.2,15.5,0.0,0,EGLL
2026-07-17T03:00,16.7,5.8,11.9,0.0,0,EGLL
2026-07-17T04:00,15.9,7.3,15.5,0.0,0,EGLL
2026-07-17T05:00,15.7,7.2,16.2,0.0,2,EGLL
2026-07-17T06:00,15.9,6.5,16.6,0.0,10,EGLL
2026-07-17T07:00,17.3,6.6,19.8,0.0,21,EGLL
2026-07-17T08:00,19.3,5.3,20.2,0.0,4,EGLL
2026-07-17T09:00,21.6,4.0,18.7,0.0,5,EGLL
2026-07-17T10:00,23.8,3.5,18.4,0.0,20,EGLL
2026-07-17T11:00,25.8,5.2,20.9,0.0,9,EGLL
2026-07-17T12:00,26.8,8.9,25.9,0.0,48,EGLL
2026-07-17T13:00,27.4,9.4,28.8,0.0,35,EGLL
2026-07-17T14:00,27.4,10.9,30.6,0.0,16,EGLL
2026-07-17T15:00,27.5,11.1,31.0,0.0,10,EGLL
2026-07-17T16:00,28.0,12.1,31.3,0.0,13,EGLL
2026-07-17T17:00,27.7,10.5,31.3,0.0,13,EGLL
2026-07-17T18:00,27.3,9.8,27.0,0.0,3,EGLL
2026-07-17T19:00,26.4,10.1,24.8,0.0,2,EGLL
2026-07-17T20:00,24.9,12.1,26.3,0.0,0,EGLL
2026-07-17T21:00,23.6,11.1,26.6,0.0,0,EGLL
2026-07-17T22:00,22.0,13.0,28.1,0.0,0,EGLL
2026-07-17T23:00,20.5,11.7,28.1,0.0,0,EGLL
2026-07-18T00:00,18.7,11.5,25.9,0.0,0,EGLL
2026-07-18T01:00,17.9,11.1,24.1,0.0,0,EGLL
2026-07-18T02:00,17.0,11.2,24.5,0.0,2,EGLL
2026-07-18T03:00,16.4,10.0,24.1,0.0,45,EGLL
2026-07-18T04:00,15.9,9.5,21.2,0.0,67,EGLL
2026-07-18T05:00,15.6,9.7,21.2,0.0,13,EGLL
2026-07-18T06:00,16.2,8.4,21.6,0.0,0,EGLL
2026-07-18T07:00,17.3,9.5,24.5,0.0,5,EGLL
2026-07-18T08:00,18.3,10.4,28.1,0.0,39,EGLL
2026-07-18T09:00,18.9,10.3,28.8,0.0,32,EGLL
2026-07-18T10:00,20.0,10.2,29.5,0.0,10,EGLL
2026-07-18T11:00,21.3,11.1,31.7,0.0,11,EGLL
2026-07-18T12:00,22.3,13.3,33.1,0.0,58,EGLL
2026-07-18T13:00,23.3,14.5,36.7,0.0,97,EGLL
2026-07-18T14:00,23.2,14.4,37.1,0.0,69,EGLL
2026-07-18T15:00,23.5,14.0,36.4,0.0,95,EGLL
2026-07-18T16:00,23.0,16.4,39.6,0.0,30,EGLL
2026-07-18T17:00,22.6,13.5,38.9,0.0,42,EGLL
2026-07-18T18:00,21.8,13.3,33.5,0.0,25,EGLL
2026-07-18T19:00,20.5,13.2,31.3,0.0,5,EGLL
2026-07-18T20:00,19.4,10.7,29.5,0.0,10,EGLL
2026-07-18T21:00,18.6,11.1,23.4,0.0,1,EGLL
2026-07-18T22:00,17.0,12.9,29.2,0.0,1,EGLL
2026-07-18T23:00,16.1,9.0,27.7,0.0,1,EGLL
2026-07-19T00:00,15.3,8.1,18.4,0.0,0,EGLL
2026-07-19T01:00,14.8,7.4,16.6,0.0,1,EGLL
2026-07-19T02:00,14.4,7.0,15.8,0.0,2,EGLL
2026-07-19T03:00,14.1,8.0,16.2,0.0,0,EGLL
2026-07-19T04:00,13.7,9.5,19.8,0.0,2,EGLL
2026-07-19T05:00,13.6,10.5,22.0,0.0,18,EGLL
2026-07-19T06:00,14.2,10.5,24.5,0.0,26,EGLL
2026-07-19T07:00,15.3,11.2,27.0,0.0,88,EGLL
2026-07-19T08:00,16.4,11.0,28.4,0.0,34,EGLL
2026-07-19T09:00,18.4,15.7,37.1,0.0,70,EGLL
2026-07-19T10:00,19.6,18.2,43.2,0.0,83,EGLL
2026-07-19T11:00,20.1,15.9,43.2,0.0,46,EGLL
2026-07-19T12:00,20.8,15.5,38.9,0.0,77,EGLL
2026-07-19T13:00,21.6,14.6,38.5,0.0,29,EGLL
2026-07-19T14:00,22.2,14.2,38.2,0.0,80,EGLL
2026-07-19T15:00,22.5,11.4,36.7,0.0,5,EGLL
2026-07-19T16:00,22.9,11.7,31.0,0.0,5,EGLL
2026-07-19T17:00,22.2,15.2,36.4,0.0,2,EGLL
2026-07-19T18:00,21.2,14.9,37.8,0.0,0,EGLL
2026-07-19T19:00,20.3,12.3,34.2,0.0,1,EGLL
2026-07-19T20:00,19.4,10.0,27.7,0.0,0,EGLL
2026-07-19T21:00,18.6,9.5,20.9,0.0,0,EGLL
2026-07-19T22:00,17.4,9.9,24.5,0.0,2,EGLL
2026-07-19T23:00,16.4,8.3,21.6,0.0,24,EGLL
2026-07-20T00:00,14.5,8.1,18.0,0.0,92,EGLL
2026-07-20T01:00,13.7,6.4,16.9,0.0,95,EGLL
2026-07-20T02:00,13.2,5.9,13.3,0.0,98,EGLL
2026-07-20T03:00,12.9,6.1,13.0,0.0,43,EGLL
2026-07-20T04:00,12.2,5.6,12.6,0.0,29,EGLL
2026-07-20T05:00,12.3,6.3,12.2,0.0,17,EGLL
2026-07-20T06:00,13.2,5.8,15.5,0.0,6,EGLL
2026-07-20T07:00,15.1,6.7,18.7,0.0,24,EGLL
2026-07-20T08:00,16.5,6.2,19.4,0.0,29,EGLL
2026-07-20T09:00,18.3,6.9,21.6,0.0,20,EGLL
2026-07-20T10:00,19.9,7.2,22.7,0.0,20,EGLL
2026-07-20T11:00,21.5,8.5,25.2,0.0,5,EGLL
2026-07-20T12:00,23.2,9.8,28.8,0.0,1,EGLL
2026-07-20T13:00,24.2,10.7,30.2,0.0,3,EGLL
2026-07-20T14:00,24.9,12.5,33.8,0.0,2,EGLL
2026-07-20T15:00,25.5,11.2,33.1,0.0,36,EGLL
2026-07-20T16:00,25.1,8.7,30.2,0.0,17,EGLL
2026-07-20T17:00,24.9,3.2,24.8,0.0,28,EGLL
2026-07-20T18:00,24.8,1.8,14.4,0.0,18,EGLL
2026-07-20T19:00,24.0,4.8,12.6,0.0,13,EGLL
2026-07-20T20:00,23.0,7.7,13.3,0.0,7,EGLL
2026-07-20T21:00,21.5,14.6,31.7,0.0,5,EGLL
2026-07-20T22:00,19.3,8.2,32.0,0.0,4,EGLL
2026-07-20T23:00,18.3,7.0,18.0,0.0,1,EGLL
2026-07-21T00:00,16.8,3.3,14.0,0.0,0,EGLL
2026-07-21T01:00,16.6,1.8,6.5,0.0,0,EGLL
2026-07-21T02:00,16.1,1.5,4.0,0.0,0,EGLL
2026-07-21T03:00,15.5,4.2,7.9,0.0,0,EGLL
2026-07-21T04:00,15.1,6.9,14.4,0.0,0,EGLL
2026-07-21T05:00,14.8,8.5,20.2,0.0,0,EGLL
2026-07-21T06:00,15.3,6.7,18.0,0.0,0,EGLL
2026-07-21T07:00,16.8,6.8,19.4,0.0,5,EGLL
2026-07-21T08:00,18.6,11.6,29.2,0.0,25,EGLL
2026-07-21T09:00,19.9,12.7,32.4,0.0,45,EGLL
2026-07-21T10:00,21.3,13.3,34.2,0.0,100,EGLL
2026-07-21T11:00,22.1,13.9,34.9,0.0,100,EGLL
2026-07-21T12:00,22.1,13.4,34.9,0.0,100,EGLL
2026-07-21T13:00,22.7,13.1,33.1,0.0,99,EGLL
2026-07-21T14:00,22.9,12.8,33.1,0.0,87,EGLL
2026-07-21T15:00,23.5,12.0,32.0,0.0,96,EGLL
2026-07-21T16:00,23.5,11.2,30.6,0.0,99,EGLL
2026-07-21T17:00,23.6,10.1,28.1,0.0,74,EGLL
2026-07-21T18:00,23.2,6.9,24.5,0.0,17,EGLL
2026-07-21T19:00,22.8,5.1,18.0,0.0,9,EGLL
2026-07-21T20:00,21.5,3.7,12.6,0.0,10,EGLL
2026-07-21T21:00,20.7,5.5,9.7,0.0,22,EGLL
2026-07-21T22:00,19.9,8.0,15.5,0.0,5,EGLL
2026-07-21T23:00,18.8,7.4,16.2,0.0,2,EGLL
2026-07-22T00:00,17.5,4.2,14.4,0.0,1,EGLL
2026-07-22T01:00,16.8,3.7,9.4,0.0,1,EGLL
2026-07-22T02:00,16.5,5.1,10.1,0.0,1,EGLL
2026-07-22T03:00,16.1,5.2,10.8,0.0,10,EGLL
2026-07-22T04:00,15.6,2.3,10.4,0.0,34,EGLL
2026-07-22T05:00,15.7,2.3,5.4,0.0,30,EGLL
2026-07-22T06:00,16.7,3.7,9.4,0.0,20,EGLL
2026-07-22T07:00,18.2,3.2,13.7,0.0,27,EGLL
2026-07-22T08:00,19.9,1.7,13.3,0.0,27,EGLL
2026-07-22T09:00,21.7,1.3,13.7,0.0,63,EGLL
2026-07-22T10:00,23.3,1.5,15.1,0.0,98,EGLL
2026-07-22T11:00,24.9,2.7,16.9,0.0,100,EGLL
2026-07-22T12:00,25.3,4.7,18.7,0.0,100,EGLL
2026-07-22T13:00,25.4,5.6,20.2,0.0,98,EGLL
2026-07-22T14:00,26.4,5.6,21.6,0.0,45,EGLL
2026-07-22T15:00,26.9,5.5,21.2,0.0,66,EGLL
2026-07-22T16:00,27.0,7.1,22.7,0.0,44,EGLL
2026-07-22T17:00,26.7,9.2,24.8,0.0,7,EGLL
2026-07-22T18:00,26.0,11.2,25.6,0.0,24,EGLL
2026-07-22T19:00,25.1,14.5,32.0,0.0,69,EGLL
2026-07-22T20:00,23.6,14.7,32.8,0.0,92,EGLL
2026-07-22T21:00,22.2,14.1,32.0,0.0,45,EGLL
2026-07-22T22:00,21.2,11.8,30.6,0.0,27,EGLL
2026-07-22T23:00,20.2,10.1,25.9,0.0,14,EGLL
2026-07-23T00:00,18.6,6.9,21.2,0.0,45,EGLL
2026-07-23T01:00,18.1,4.4,14.0,0.0,72,EGLL
2026-07-23T02:00,17.3,3.2,9.7,0.0,95,EGLL
2026-07-23T03:00,16.8,1.8,7.2,0.0,90,EGLL
2026-07-23T04:00,16.3,2.0,4.7,0.0,93,EGLL
2026-07-23T05:00,16.4,3.8,7.9,0.0,97,EGLL
2026-07-23T06:00,17.1,4.5,11.5,0.0,84,EGLL
2026-07-23T07:00,18.6,4.0,14.4,0.0,73,EGLL
2026-07-23T08:00,20.4,3.3,15.1,0.0,96,EGLL
2026-07-23T09:00,22.0,3.4,16.6,0.0,94,EGLL
2026-07-23T10:00,23.6,4.1,19.1,0.0,98,EGLL
2026-07-23T11:00,24.7,4.0,19.1,0.0,98,EGLL
2026-07-23T12:00,25.5,5.0,19.4,0.0,100,EGLL
2026-07-23T13:00,24.8,5.5,18.4,0.0,99,EGLL
2026-07-23T14:00,25.8,6.1,20.9,0.0,98,EGLL
2026-07-23T15:00,25.7,6.7,21.2,0.0,96,EGLL
2026-07-23T16:00,25.8,7.6,20.5,0.0,99,EGLL
2026-07-23T17:00,25.7,7.7,20.9,0.0,87,EGLL
2026-07-23T18:00,25.9,8.5,20.9,0.0,73,EGLL
2026-07-23T19:00,25.5,6.0,20.2,0.0,57,EGLL
2026-07-23T20:00,23.9,6.2,12.6,0.0,83,EGLL
2026-07-23T21:00,22.1,14.5,31.3,0.0,78,EGLL
2026-07-23T22:00,21.0,12.6,31.3,0.0,85,EGLL
2026-07-23T23:00,20.7,11.4,25.9,0.0,94,EGLL
2026-07-24T00:00,19.2,8.1,23.0,0.0,97,EGLL
2026-07-24T01:00,18.6,6.5,15.5,0.0,91,EGLL
2026-07-24T02:00,18.3,6.7,13.3,0.0,97,EGLL
2026-07-24T03:00,17.7,6.1,13.3,0.0,99,EGLL
2026-07-24T04:00,17.2,6.5,13.3,0.0,99,EGLL
2026-07-24T05:00,16.8,5.5,13.0,0.0,99,EGLL
2026-07-24T06:00,17.2,3.9,11.5,0.0,100,EGLL
2026-07-24T07:00,18.7,3.0,12.2,0.0,98,EGLL
2026-07-24T08:00,20.4,3.7,14.8,0.0,98,EGLL
2026-07-24T09:00,22.0,4.8,18.0,0.0,98,EGLL
2026-07-24T10:00,23.7,4.6,19.1,0.0,99,EGLL
2026-07-24T11:00,25.1,4.0,19.1,0.0,98,EGLL
2026-07-24T12:00,26.5,5.6,21.2,0.0,100,EGLL
2026-07-24T13:00,27.6,8.1,25.9,0.0,100,EGLL
2026-07-24T14:00,27.4,9.5,26.6,0.0,100,EGLL
2026-07-24T15:00,27.2,9.8,27.0,0.0,100,EGLL
2026-07-24T16:00,27.3,8.0,26.3,0.0,100,EGLL
2026-07-24T17:00,26.9,7.0,23.0,0.0,98,EGLL
2026-07-24T18:00,26.7,6.0,19.4,0.0,94,EGLL
2026-07-24T19:00,26.1,5.8,15.8,0.0,97,EGLL
2026-07-24T20:00,24.9,7.0,13.0,0.0,98,EGLL
2026-07-24T21:00,24.0,9.5,19.8,0.0,89,EGLL
2026-07-24T22:00,22.5,3.7,18.7,0.0,59,EGLL
2026-07-24T23:00,21.2,5.0,9.0,0.0,20,EGLL
2026-07-25T00:00,19.8,10.4,18.4,0.0,53,EGLL
2026-07-25T01:00,18.9,9.4,21.6,0.0,2,EGLL
2026-07-25T02:00,17.9,7.4,19.1,0.0,0,EGLL
2026-07-25T03:00,16.9,4.3,14.4,0.0,0,EGLL
2026-07-25T04:00,16.3,6.4,12.6,0.0,0,EGLL
2026-07-25T05:00,15.9,6.1,15.1,0.0,0,EGLL
2026-07-25T06:00,16.3,2.7,12.6,0.0,0,EGLL
2026-07-25T07:00,18.0,4.3,15.1,0.0,100,EGLL
2026-07-25T08:00,20.0,6.8,21.2,0.0,93,EGLL
2026-07-25T09:00,21.8,7.3,22.7,0.0,84,EGLL
2026-07-25T10:00,23.1,8.6,25.9,0.0,3,EGLL
2026-07-25T11:00,24.3,10.3,30.2,0.0,47,EGLL
2026-07-25T12:00,25.8,11.0,32.4,0.0,52,EGLL
2026-07-25T13:00,26.7,11.5,32.4,0.0,39,EGLL
2026-07-25T14:00,27.4,13.1,34.9,0.0,52,EGLL
2026-07-25T15:00,28.0,15.2,37.8,0.0,80,EGLL
2026-07-25T16:00,28.1,18.5,42.1,0.0,100,EGLL
2026-07-25T17:00,26.1,21.8,49.3,0.0,23,EGLL
2026-07-25T18:00,25.0,15.7,48.6,0.0,38,EGLL
2026-07-25T19:00,24.5,16.2,35.6,0.0,9,EGLL
2026-07-25T20:00,21.8,20.4,43.6,0.0,3,EGLL
2026-07-25T21:00,20.2,16.4,42.8,0.0,81,EGLL
2026-07-25T22:00,20.1,14.8,34.9,0.0,9,EGLL
2026-07-25T23:00,19.5,12.2,31.3,0.0,20,EGLL
2026-07-26T00:00,19.1,9.9,25.6,0.0,100,EGLL
2026-07-26T01:00,19.0,11.4,24.1,0.0,2,EGLL
2026-07-26T02:00,18.4,12.9,26.6,0.0,15,EGLL
2026-07-26T03:00,18.1,13.2,27.7,0.0,19,EGLL
2026-07-26T04:00,18.1,14.6,30.6,0.0,100,EGLL
2026-07-26T05:00,18.4,13.7,31.7,0.0,57,EGLL
2026-07-26T06:00,19.3,15.7,31.0,0.0,100,EGLL
2026-07-26T07:00,19.3,13.3,34.6,0.3,65,EGLL
2026-07-26T08:00,21.2,19.1,41.8,0.2,59,EGLL
2026-07-26T09:00,23.1,18.5,43.9,0.1,77,EGLL
2026-07-26T10:00,23.8,19.4,45.0,0.0,100,EGLL
2026-07-26T11:00,23.4,18.9,45.7,0.0,21,EGLL
2026-07-26T12:00,24.4,19.4,47.5,0.0,65,EGLL
2026-07-26T13:00,25.4,19.6,48.2,0.0,92,EGLL
2026-07-26T14:00,25.7,22.6,50.4,0.0,52,EGLL
2026-07-26T15:00,24.7,21.5,52.9,0.0,27,EGLL
2026-07-26T16:00,25.2,20.4,49.0,0.0,63,EGLL
2026-07-26T17:00,23.8,22.5,53.6,0.0,33,EGLL
2026-07-26T18:00,23.0,21.7,50.4,0.0,92,EGLL
2026-07-26T19:00,22.0,18.7,46.8,0.0,100,EGLL
2026-07-26T20:00,21.1,19.3,47.5,0.0,9,EGLL
2026-07-26T21:00,19.6,16.7,46.1,0.0,10,EGLL
2026-07-26T22:00,18.9,14.2,34.6,0.0,7,EGLL
2026-07-26T23:00,18.2,13.5,29.9,0.0,8,EGLL
2026-07-27T00:00,17.1,11.9,28.1,0.0,5,EGLL
2026-07-27T01:00,16.8,10.7,24.5,0.0,0,EGLL
2026-07-27T02:00,16.5,10.6,22.7,0.0,2,EGLL
2026-07-27T03:00,16.0,9.9,21.6,0.0,5,EGLL
2026-07-27T04:00,15.6,9.3,20.5,0.0,2,EGLL
2026-07-27T05:00,15.5,9.2,19.1,0.0,1,EGLL
2026-07-27T06:00,16.5,9.6,22.0,0.0,0,EGLL
2026-07-27T07:00,17.6,10.6,26.3,0.0,0,EGLL
2026-07-27T08:00,19.1,11.2,29.2,0.0,16,EGLL
2026-07-27T09:00,20.5,12.7,32.8,0.0,52,EGLL
2026-07-27T10:00,21.5,13.6,34.9,0.0,65,EGLL
2026-07-27T11:00,22.4,14.4,36.7,0.0,82,EGLL
2026-07-27T12:00,22.6,12.3,36.7,0.0,60,EGLL
2026-07-27T13:00,24.6,13.0,33.5,0.0,67,EGLL
2026-07-27T14:00,26.4,13.7,34.6,0.0,80,EGLL
2026-07-27T15:00,26.4,13.7,36.4,0.0,95,EGLL
2026-07-27T16:00,27.8,16.3,36.0,0.0,78,EGLL
2026-07-27T17:00,25.5,15.7,47.5,0.0,16,EGLL
2026-07-27T18:00,25.1,4.2,34.9,0.0,20,EGLL
2026-07-27T19:00,25.5,7.8,15.5,0.0,21,EGLL
2026-07-27T20:00,23.3,18.1,38.5,0.0,20,EGLL
2026-07-27T21:00,21.5,11.4,38.2,0.0,13,EGLL
2026-07-27T22:00,20.8,10.6,23.0,0.0,17,EGLL
2026-07-27T23:00,20.1,10.6,22.0,0.0,29,EGLL
2026-07-28T00:00,18.8,7.9,21.6,0.0,66,EGLL
2026-07-28T01:00,18.5,7.3,16.2,0.0,2,EGLL
2026-07-28T02:00,17.9,6.2,14.4,0.0,29,EGLL
2026-07-28T03:00,17.5,3.8,11.9,0.0,80,EGLL
2026-07-28T04:00,17.3,3.5,7.2,0.0,96,EGLL
2026-07-28T05:00,17.6,5.7,11.9,0.0,100,EGLL
2026-07-28T06:00,18.7,7.8,19.8,0.0,100,EGLL
2026-07-28T07:00,19.6,9.1,22.3,0.0,100,EGLL
2026-07-28T08:00,20.5,9.8,24.5,0.0,100,EGLL
2026-07-28T09:00,21.8,9.7,24.8,0.0,100,EGLL
2026-07-28T10:00,23.4,8.8,25.6,0.0,98,EGLL
2026-07-28T11:00,25.5,8.3,25.2,0.0,92,EGLL
2026-07-28T12:00,27.1,8.9,27.0,0.0,73,EGLL
2026-07-28T13:00,28.2,9.1,26.6,0.0,80,EGLL
2026-07-28T14:00,29.2,9.6,27.4,0.0,99,EGLL
2026-07-28T15:00,29.4,10.8,29.2,0.0,79,EGLL
2026-07-28T16:00,29.0,10.3,29.5,0.0,47,EGLL
2026-07-28T17:00,28.9,8.5,27.0,0.0,40,EGLL
2026-07-28T18:00,28.2,9.7,24.1,0.0,7,EGLL
2026-07-28T19:00,27.1,10.3,24.8,0.0,12,EGLL
2026-07-28T20:00,25.6,11.4,23.4,0.0,15,EGLL
2026-07-28T21:00,24.1,10.4,23.4,0.0,25,EGLL
2026-07-28T22:00,23.0,7.6,21.2,0.0,24,EGLL
2026-07-28T23:00,21.9,7.7,15.1,0.0,4,EGLL
2026-07-29T00:00,20.1,5.7,15.5,0.0,4,EGLL
2026-07-29T01:00,19.4,4.7,11.2,0.0,2,EGLL
2026-07-29T02:00,18.7,4.0,9.4,0.0,0,EGLL
2026-07-29T03:00,18.0,3.3,8.6,0.0,0,EGLL
2026-07-29T04:00,17.5,2.8,7.2,0.0,0,EGLL
2026-07-29T05:00,17.4,1.6,6.1,0.0,0,EGLL
2026-07-29T06:00,18.6,1.8,7.9,0.0,0,EGLL
2026-07-29T07:00,20.8,1.0,9.7,0.0,0,EGLL
2026-07-29T08:00,23.2,1.3,11.9,0.0,0,EGLL
2026-07-29T09:00,25.6,2.2,14.4,0.0,0,EGLL
2026-07-29T10:00,27.7,4.1,18.4,0.0,0,EGLL
2026-07-29T11:00,29.8,6.3,22.0,0.0,0,EGLL
2026-07-29T12:00,32.3,10.5,28.4,0.0,0,EGLL
2026-07-29T13:00,33.0,13.7,36.4,0.0,0,EGLL
2026-07-29T14:00,33.3,14.6,37.4,0.0,2,EGLL
2026-07-29T15:00,33.0,16.3,40.0,0.0,0,EGLL
2026-07-29T16:00,32.6,15.6,40.0,0.0,0,EGLL
2026-07-29T17:00,31.7,16.7,38.9,0.0,0,EGLL
2026-07-29T18:00,30.8,15.8,39.2,0.0,2,EGLL
2026-07-29T19:00,29.6,14.6,35.6,0.0,2,EGLL
2026-07-29T20:00,26.9,14.1,31.0,0.0,0,EGLL
2026-07-29T21:00,25.3,12.5,31.3,0.0,0,EGLL
2026-07-29T22:00,24.2,11.5,25.9,0.0,0,EGLL
2026-07-29T23:00,23.1,10.1,23.8,0.0,0,EGLL
2026-07-30T00:00,21.3,9.1,20.9,0.0,0,EGLL
2026-07-30T01:00,20.5,7.8,18.0,0.0,0,EGLL
2026-07-30T02:00,19.7,7.9,15.8,0.0,0,EGLL
2026-07-30T03:00,18.9,8.1,16.2,0.0,91,EGLL
2026-07-30T04:00,18.2,7.9,16.9,0.0,5,EGLL
2026-07-30T05:00,17.8,7.1,16.2,0.0,16,EGLL
2026-07-30T06:00,18.5,5.7,15.8,0.0,8,EGLL
2026-07-30T07:00,20.0,6.0,18.0,0.0,69,EGLL
2026-07-30T08:00,21.7,6.6,20.2,0.0,50,EGLL
2026-07-30T09:00,23.3,8.8,25.2,0.0,70,EGLL
2026-07-30T10:00,24.4,12.6,33.1,0.0,62,EGLL
2026-07-30T11:00,24.5,13.9,34.6,0.1,24,EGLL
2026-07-30T12:00,25.9,10.4,36.0,0.1,20,EGLL
2026-07-30T13:00,26.7,11.3,31.0,0.0,48,EGLL
2026-07-30T14:00,26.9,11.3,31.3,0.1,46,EGLL
2026-07-30T15:00,27.1,11.9,31.3,0.2,54,EGLL
2026-07-30T16:00,26.7,13.2,31.7,0.3,59,EGLL
2026-07-30T17:00,25.1,14.0,33.8,0.4,66,EGLL
2026-07-30T18:00,24.8,10.1,32.4,0.3,100,EGLL
2026-07-30T19:00,23.8,8.9,23.0,0.0,74,EGLL
2026-07-30T20:00,22.6,9.4,20.2,0.0,66,EGLL
2026-07-30T21:00,21.7,8.4,21.6,0.0,91,EGLL
2026-07-30T22:00,21.1,7.0,18.4,0.0,96,EGLL
2026-07-30T23:00,20.1,4.6,14.8,0.2,97,EGLL
2026-07-31T00:00,18.8,6.5,10.1,0.5,100,EGLL
2026-07-31T01:00,18.6,8.6,16.6,0.1,91,EGLL
2026-07-31T02:00,17.6,12.4,24.8,0.0,51,EGLL
2026-07-31T03:00,16.8,9.6,25.2,0.0,45,EGLL
2026-07-31T04:00,16.8,9.4,19.4,0.0,39,EGLL
2026-07-31T05:00,16.4,8.7,19.8,0.0,100,EGLL
2026-07-31T06:00,17.0,8.8,21.2,0.0,100,EGLL
2026-07-31T07:00,17.6,8.8,21.2,0.0,90,EGLL
2026-07-31T08:00,19.0,7.7,22.0,0.0,16,EGLL
2026-07-31T09:00,20.4,7.4,22.3,0.0,6,EGLL
2026-07-31T10:00,21.6,7.3,23.4,0.0,3,EGLL
2026-07-31T11:00,22.4,7.4,23.8,0.0,0,EGLL
2026-07-31T12:00,23.4,8.8,25.9,0.0,5,EGLL
2026-07-31T13:00,23.9,7.8,27.0,0.0,2,EGLL
2026-07-31T14:00,24.4,6.6,25.6,0.0,0,EGLL
2026-07-31T15:00,24.8,9.6,26.6,0.0,0,EGLL
2026-07-31T16:00,24.4,10.7,31.3,0.0,3,EGLL
2026-07-31T17:00,24.3,3.4,28.1,0.0,16,EGLL
2026-07-31T18:00,24.2,4.1,26.3,0.0,33,EGLL
2026-07-31T19:00,23.7,2.9,13.3,0.0,52,EGLL
2026-07-31T20:00,22.1,7.0,13.3,0.0,7,EGLL
2026-07-31T21:00,20.9,10.9,22.7,0.0,76,EGLL
2026-07-31T22:00,20.1,13.1,27.0,0.0,94,EGLL
2026-07-31T23:00,19.4,12.4,29.5,0.0,99,EGLL
2026-08-01T00:00,18.2,10.3,25.9,0.0,99,EGLL
2026-08-01T01:00,17.8,10.4,21.2,0.0,55,EGLL
2026-08-01T02:00,17.0,9.8,22.3,0.0,13,EGLL
2026-08-01T03:00,16.1,8.4,20.2,0.0,18,EGLL
2026-08-01T04:00,15.4,7.6,16.9,0.0,9,EGLL
2026-08-01T05:00,15.1,7.9,15.8,0.0,4,EGLL
2026-08-01T06:00,15.6,7.2,16.2,0.0,8,EGLL
2026-08-01T07:00,17.4,6.6,18.0,0.0,2,EGLL
2026-08-01T08:00,19.0,5.8,18.7,0.0,0,EGLL
2026-08-01T09:00,20.4,4.9,18.4,0.0,0,EGLL
2026-08-01T10:00,21.6,5.5,20.2,0.0,0,EGLL
2026-08-01T11:00,22.6,5.6,21.2,0.0,0,EGLL
2026-08-01T12:00,23.9,6.5,23.0,0.0,3,EGLL
2026-08-01T13:00,24.8,6.4,23.8,0.0,16,EGLL
2026-08-01T14:00,25.6,5.8,23.0,0.0,73,EGLL
2026-08-01T15:00,25.8,7.1,22.3,0.0,90,EGLL
2026-08-01T16:00,25.6,10.8,28.1,0.0,93,EGLL
2026-08-01T17:00,24.9,13.2,32.8,0.0,98,EGLL
2026-08-01T18:00,24.0,9.4,32.8,0.0,98,EGLL
2026-08-01T19:00,23.4,7.6,22.7,0.0,98,EGLL
2026-08-01T20:00,22.2,7.6,17.3,0.0,98,EGLL
2026-08-01T21:00,21.1,6.3,16.2,0.0,98,EGLL
2026-08-01T22:00,20.0,3.9,11.9,0.0,96,EGLL
2026-08-01T23:00,19.1,4.0,8.3,0.0,93,EGLL
2026-08-02T00:00,17.5,10.7,19.1,0.0,91,EGLL
2026-08-02T01:00,17.0,11.9,24.5,0.0,30,EGLL
2026-08-02T02:00,16.3,10.3,24.1,0.0,13,EGLL
2026-08-02T03:00,15.7,10.0,20.5,0.0,14,EGLL
2026-08-02T04:00,15.3,10.5,21.2,0.0,13,EGLL
2026-08-02T05:00,15.1,10.2,21.2,0.0,44,EGLL
2026-08-02T06:00,16.0,7.9,20.2,0.0,66,EGLL
2026-08-02T07:00,17.7,7.3,19.4,0.0,81,EGLL
2026-08-02T08:00,19.9,7.2,20.9,0.0,45,EGLL
2026-08-02T09:00,22.2,7.6,23.0,0.0,74,EGLL
2026-08-02T10:00,24.2,7.4,23.8,0.0,86,EGLL
2026-08-02T11:00,25.8,8.4,25.9,0.0,87,EGLL
2026-08-02T12:00,27.3,9.4,27.0,0.0,100,EGLL
2026-08-02T13:00,27.5,10.5,28.8,0.0,98,EGLL
2026-08-02T14:00,28.3,7.9,28.8,0.0,52,EGLL
2026-08-02T15:00,29.1,7.3,23.8,0.0,98,EGLL
2026-08-02T16:00,28.7,13.9,33.5,0.0,99,EGLL
2026-08-02T17:00,26.3,18.9,43.2,0.0,92,EGLL
2026-08-02T18:00,25.4,18.7,44.6,0.0,100,EGLL
2026-08-02T19:00,24.7,16.9,40.7,0.0,99,EGLL
2026-08-02T20:00,23.7,14.3,36.0,0.0,98,EGLL
2026-08-02T21:00,22.8,12.8,29.5,0.0,93,EGLL
2026-08-02T22:00,21.9,11.2,26.6,0.0,95,EGLL
2026-08-02T23:00,21.1,11.2,22.7,0.0,91,EGLL
2026-08-03T00:00,20.3,12.4,23.8,0.0,66,EGLL
2026-08-03T01:00,19.8,12.2,25.2,0.0,19,EGLL
2026-08-03T02:00,19.0,10.3,24.8,0.0,0,EGLL
2026-08-03T03:00,18.4,9.3,20.5,0.0,1,EGLL
2026-08-03T04:00,18.0,10.1,19.8,0.0,9,EGLL
2026-08-03T05:00,17.8,9.3,19.8,0.0,90,EGLL
2026-08-03T06:00,18.6,7.3,18.7,0.0,29,EGLL
2026-08-03T07:00,20.4,8.2,20.5,0.0,76,EGLL
2026-08-03T08:00,22.4,8.3,22.7,0.0,96,EGLL
2026-08-03T09:00,24.5,8.2,23.8,0.0,99,EGLL
2026-08-03T10:00,26.6,9.5,26.6,0.0,98,EGLL
2026-08-03T11:00,28.3,9.9,28.4,0.0,95,EGLL
2026-08-03T12:00,30.0,8.8,28.4,0.0,72,EGLL
2026-08-03T13:00,30.7,8.9,28.1,0.0,38,EGLL
2026-08-03T14:00,31.8,8.3,26.6,0.0,22,EGLL
2026-08-03T15:00,31.6,9.6,27.4,0.0,26,EGLL
2026-08-03T16:00,31.4,9.9,27.7,0.0,16,EGLL
2026-08-03T17:00,31.3,10.2,27.7,0.0,35,EGLL
2026-08-03T18:00,29.7,15.1,30.6,0.0,16,EGLL
2026-08-03T19:00,27.6,16.9,37.1,0.0,30,EGLL
2026-08-03T20:00,26.0,14.3,35.3,0.0,39,EGLL
2026-08-03T21:00,24.9,9.7,29.2,0.0,2,EGLL
2026-08-03T22:00,23.9,9.0,19.1,0.0,0,EGLL
2026-08-03T23:00,23.1,7.0,17.6,0.0,0,EGLL
2026-08-04T00:00,21.5,3.1,13.3,0.0,4,EGLL
2026-08-04T01:00,21.2,0.6,5.0,0.0,13,EGLL
2026-08-04T02:00,20.7,0.9,2.5,0.0,9,EGLL
2026-08-04T03:00,19.9,2.9,6.1,0.0,5,EGLL
2026-08-04T04:00,19.2,3.4,6.1,0.0,21,EGLL
2026-08-04T05:00,19.3,3.9,7.2,0.0,55,EGLL
2026-08-04T06:00,20.1,4.9,14.4,0.0,84,EGLL
2026-08-04T07:00,21.8,3.4,11.9,0.0,83,EGLL
2026-08-04T08:00,23.8,5.4,17.3,0.0,77,EGLL
2026-08-04T09:00,25.6,7.9,23.4,0.0,97,EGLL
2026-08-04T10:00,26.8,10.4,28.1,0.0,73,EGLL
2026-08-04T11:00,28.0,14.4,36.4,0.0,46,EGLL
2026-08-04T12:00,29.2,14.5,40.7,0.0,93,EGLL
2026-08-04T13:00,27.7,17.2,41.8,0.3,99,EGLL
2026-08-04T14:00,25.9,21.2,46.4,0.8,95,EGLL
2026-08-04T15:00,24.8,19.0,47.9,0.5,57,EGLL
2026-08-04T16:00,26.2,19.2,46.4,0.0,16,EGLL
2026-08-04T17:00,25.8,21.2,47.9,0.0,24,EGLL
2026-08-04T18:00,24.7,19.9,47.2,0.0,23,EGLL
2026-08-04T19:00,23.3,17.5,43.2,0.0,5,EGLL
2026-08-04T20:00,22.1,16.3,37.1,0.0,2,EGLL
2026-08-04T21:00,21.1,15.0,34.6,0.0,0,EGLL
2026-08-04T22:00,20.4,15.1,31.7,0.0,0,EGLL
2026-08-04T23:00,19.6,14.1,31.7,0.0,2,EGLL
2026-08-05T00:00,18.9,13.1,29.9,0.0,5,EGLL
2026-08-05T01:00,18.7,12.9,27.7,0.0,10,EGLL
2026-08-05T02:00,18.4,13.0,27.4,0.0,14,EGLL
2026-08-05T03:00,18.3,12.7,27.4,0.0,41,EGLL
2026-08-05T04:00,18.2,12.5,26.6,0.0,51,EGLL
2026-08-05T05:00,17.9,11.3,26.3,0.0,20,EGLL
2026-08-05T06:00,18.4,11.4,27.7,0.0,16,EGLL
2026-08-05T07:00,19.6,15.4,34.2,0.1,23,EGLL
2026-08-05T08:00,20.9,17.8,40.3,0.2,26,EGLL
2026-08-05T09:00,21.9,16.3,40.7,0.2,10,EGLL
2026-08-05T10:00,23.5,17.7,42.1,0.0,20,EGLL
2026-08-05T11:00,24.1,19.2,45.7,0.0,24,EGLL
2026-08-05T12:00,24.1,19.9,48.2,0.0,24,EGLL
2026-08-05T13:00,24.3,20.7,48.6,0.0,16,EGLL
2026-08-05T14:00,24.4,21.0,49.3,0.0,19,EGLL
2026-08-05T15:00,24.0,22.0,50.8,0.0,13,EGLL
2026-08-05T16:00,23.3,21.5,50.8,0.0,3,EGLL
2026-08-05T17:00,22.7,20.4,49.0,0.0,36,EGLL
2026-08-05T18:00,22.1,19.3,46.1,0.0,91,EGLL
2026-08-05T19:00,21.1,18.6,42.5,0.0,74,EGLL
2026-08-05T20:00,19.6,18.0,40.3,0.0,4,EGLL
2026-08-05T21:00,18.3,17.3,38.5,0.0,3,EGLL
2026-08-05T22:00,17.5,15.1,36.7,0.0,2,EGLL
2026-08-05T23:00,16.8,13.4,31.3,0.0,8,EGLL
2026-08-06T00:00,15.6,11.9,28.1,0.0,5,EGLL
2026-08-06T01:00,15.2,10.8,24.1,0.0,0,EGLL
2026-08-06T02:00,14.8,9.8,22.0,0.0,1,EGLL
2026-08-06T03:00,14.3,8.8,19.8,0.0,3,EGLL
2026-08-06T04:00,13.9,8.5,18.0,0.0,2,EGLL
2026-08-06T05:00,13.5,8.2,16.9,0.0,0,EGLL
2026-08-06T06:00,14.2,7.6,19.4,0.0,1,EGLL
2026-08-06T07:00,15.7,10.7,25.6,0.0,0,EGLL
2026-08-06T08:00,17.2,11.8,29.5,0.0,1,EGLL
2026-08-06T09:00,18.5,12.8,32.4,0.0,5,EGLL
2026-08-06T10:00,19.8,15.2,38.2,0.0,59,EGLL
2026-08-06T11:00,20.6,15.7,38.9,0.0,91,EGLL
2026-08-06T12:00,20.3,15.1,39.2,0.0,98,EGLL
2026-08-06T13:00,21.1,14.5,36.7,0.0,98,EGLL
2026-08-06T14:00,21.2,14.0,36.4,0.0,78,EGLL
2026-08-06T15:00,21.6,13.4,34.9,0.0,64,EGLL
2026-08-06T16:00,21.8,12.6,33.5,0.0,65,EGLL
2026-08-06T17:00,21.6,12.4,31.3,0.0,49,EGLL
2026-08-06T18:00,21.2,10.9,30.2,0.0,13,EGLL
2026-08-06T19:00,20.4,8.0,25.2,0.0,7,EGLL
2026-08-06T20:00,19.0,6.2,17.6,0.0,18,EGLL
2026-08-06T21:00,18.6,6.3,13.0,0.0,9,EGLL
2026-08-06T22:00,17.4,6.6,13.0,0.0,13,EGLL
2026-08-06T23:00,16.4,5.4,13.0,0.0,5,EGLL
2026-08-07T00:00,14.7,7.7,10.4,0.0,2,EGLL
2026-08-07T01:00,14.0,6.9,15.5,0.0,6,EGLL
2026-08-07T02:00,13.4,4.9,13.7,0.0,2,EGLL
2026-08-07T03:00,12.8,4.3,9.7,0.0,1,EGLL
2026-08-07T04:00,12.6,4.9,9.7,0.0,0,EGLL
2026-08-07T05:00,12.4,3.4,9.7,0.0,0,EGLL
2026-08-07T06:00,13.9,3.9,8.3,0.0,0,EGLL
2026-08-07T07:00,15.8,2.6,11.2,0.0,2,EGLL
2026-08-07T08:00,18.1,2.2,13.0,0.0,1,EGLL
2026-08-07T09:00,19.9,1.7,13.7,0.0,0,EGLL
2026-08-07T10:00,21.2,3.5,18.0,0.0,23,EGLL
2026-08-07T11:00,22.1,3.9,19.4,0.0,0,EGLL
2026-08-07T12:00,23.5,4.2,21.6,0.0,0,EGLL
2026-08-07T13:00,24.4,4.2,20.2,0.0,0,EGLL
2026-08-07T14:00,24.8,4.1,20.2,0.0,0,EGLL
2026-08-07T15:00,25.0,5.4,20.9,0.0,0,EGLL
2026-08-07T16:00,24.9,6.9,22.7,0.0,0,EGLL
2026-08-07T17:00,24.5,8.2,23.8,0.0,0,EGLL
2026-08-07T18:00,24.5,7.7,23.4,0.0,0,EGLL
2026-08-07T19:00,23.5,5.5,19.4,0.0,2,EGLL
2026-08-07T20:00,21.5,3.4,10.8,0.0,1,EGLL
2026-08-07T21:00,20.1,8.5,17.3,0.0,0,EGLL
2026-08-07T22:00,18.9,6.0,17.3,0.0,0,EGLL
2026-08-07T23:00,18.0,4.9,12.2,0.0,9,EGLL
2026-08-08T00:00,16.4,4.1,10.8,0.0,0,EGLL
2026-08-08T01:00,15.5,2.8,8.6,0.0,0,EGLL
2026-08-08T02:00,14.8,3.1,6.1,0.0,5,EGLL
2026-08-08T03:00,14.3,5.2,12.2,0.0,2,EGLL
2026-08-08T04:00,13.5,3.6,10.4,0.0,9,EGLL
2026-08-08T05:00,13.3,3.0,6.8,0.0,0,EGLL
2026-08-08T06:00,14.3,3.2,9.7,0.0,0,EGLL
2026-08-08T07:00,16.3,1.4,9.4,0.0,5,EGLL
2026-08-08T08:00,18.9,2.9,13.3,0.0,98,EGLL
2026-08-08T09:00,21.4,6.2,20.2,0.0,91,EGLL
2026-08-08T10:00,23.3,9.4,26.6,0.0,35,EGLL
2026-08-08T11:00,24.8,11.0,30.6,0.0,66,EGLL
2026-08-08T12:00,26.4,10.7,32.4,0.0,95,EGLL
2026-08-08T13:00,27.0,11.2,31.3,0.0,100,EGLL
2026-08-08T14:00,27.2,12.3,32.8,0.0,100,EGLL
2026-08-08T15:00,26.9,12.8,33.1,0.0,98,EGLL
2026-08-08T16:00,26.7,12.0,33.5,0.0,95,EGLL
2026-08-08T17:00,26.0,11.0,30.6,0.0,98,EGLL
2026-08-08T18:00,25.6,10.4,27.0,0.0,71,EGLL
2026-08-08T19:00,24.4,10.4,24.8,0.0,95,EGLL
2026-08-08T20:00,22.8,8.3,21.6,0.0,99,EGLL
2026-08-08T21:00,21.7,6.3,15.5,0.0,99,EGLL
2026-08-08T22:00,20.7,4.7,11.9,0.0,5,EGLL
2026-08-08T23:00,19.5,4.0,9.0,0.0,20,EGLL
2026-08-09T00:00,18.1,3.1,7.2,0.0,27,EGLL
2026-08-09T01:00,17.6,1.5,6.1,0.0,9,EGLL
2026-08-09T02:00,16.9,2.4,4.7,0.0,23,EGLL
2026-08-09T03:00,16.6,2.7,5.8,0.0,0,EGLL
2026-08-09T04:00,16.1,1.7,5.4,0.0,0,EGLL
2026-08-09T05:00,15.6,3.3,6.1,0.0,0,EGLL
2026-08-09T06:00,16.5,2.0,6.5,0.0,24,EGLL
2026-08-09T07:00,19.1,0.4,7.6,0.0,79,EGLL
2026-08-09T08:00,21.4,0.0,9.4,0.0,27,EGLL
2026-08-09T09:00,24.2,3.5,15.5,0.0,33,EGLL
2026-08-09T10:00,26.2,4.0,18.0,0.0,20,EGLL
2026-08-09T11:00,27.9,1.0,17.6,0.0,18,EGLL
2026-08-09T12:00,29.1,3.1,18.7,0.0,13,EGLL
2026-08-09T13:00,29.9,4.2,19.8,0.0,37,EGLL
2026-08-09T14:00,30.4,3.9,19.4,0.0,8,EGLL
2026-08-09T15:00,30.8,8.1,24.5,0.0,27,EGLL
2026-08-09T16:00,30.4,13.1,33.1,0.0,32,EGLL
2026-08-09T17:00,29.7,15.1,35.6,0.0,1,EGLL
2026-08-09T18:00,29.4,13.3,35.6,0.0,13,EGLL
2026-08-09T19:00,28.1,15.0,31.0,0.0,66,EGLL
2026-08-09T20:00,25.8,13.7,36.4,0.0,87,EGLL
2026-08-09T21:00,24.8,14.5,30.2,0.0,76,EGLL
2026-08-09T22:00,23.8,13.2,29.9,0.0,73,EGLL
2026-08-09T23:00,22.6,13.2,28.1,0.0,41,EGLL
2026-08-10T00:00,20.8,11.4,27.4,0.0,31,EGLL
2026-08-10T01:00,20.1,9.6,23.0,0.0,34,EGLL
2026-08-10T02:00,19.4,9.8,19.4,0.0,20,EGLL
2026-08-10T03:00,18.6,10.2,20.5,0.0,33,EGLL
2026-08-10T04:00,17.9,9.0,20.5,0.0,74,EGLL
2026-08-10T05:00,17.4,8.7,18.0,0.0,58,EGLL
2026-08-10T06:00,17.7,7.7,18.0,0.0,51,EGLL
2026-08-10T07:00,19.1,10.5,25.2,0.0,51,EGLL
2026-08-10T08:00,20.2,10.8,27.7,0.0,63,EGLL
2026-08-10T09:00,21.4,10.9,29.2,0.0,88,EGLL
2026-08-10T10:00,22.4,11.0,30.6,0.0,77,EGLL
2026-08-10T11:00,23.4,10.5,30.6,0.0,64,EGLL
2026-08-10T12:00,24.4,9.5,30.2,0.0,73,EGLL
2026-08-10T13:00,25.1,8.0,28.1,0.0,82,EGLL
2026-08-10T14:00,25.8,7.9,25.9,0.0,76,EGLL
2026-08-10T15:00,26.2,7.0,25.2,0.0,15,EGLL
2026-08-10T16:00,26.2,6.2,22.7,0.0,23,EGLL
2026-08-10T17:00,26.1,7.9,22.3,0.0,38,EGLL
2026-08-10T18:00,25.3,8.8,22.7,0.0,13,EGLL
2026-08-10T19:00,24.9,8.4,22.0,0.0,18,EGLL
2026-08-10T20:00,22.1,15.9,34.9,0.0,29,EGLL
2026-08-10T21:00,20.5,13.5,34.2,0.0,13,EGLL
2026-08-10T22:00,19.5,12.8,29.5,0.0,10,EGLL
2026-08-10T23:00,18.8,12.4,27.4,0.0,29,EGLL
2026-08-11T00:00,17.8,10.8,26.6,0.0,12,EGLL
2026-08-11T01:00,17.5,9.4,22.3,0.0,25,EGLL
2026-08-11T02:00,17.2,8.1,19.8,0.0,63,EGLL
2026-08-11T03:00,16.9,7.7,16.2,0.0,71,EGLL
2026-08-11T04:00,16.6,7.4,15.5,0.0,16,EGLL
2026-08-11T05:00,16.3,7.1,14.8,0.0,1,EGLL
2026-08-11T06:00,17.1,6.5,16.2,0.0,2,EGLL
2026-08-11T07:00,18.6,8.4,20.9,0.0,2,EGLL
2026-08-11T08:00,20.0,10.2,26.6,0.0,2,EGLL
2026-08-11T09:00,21.5,10.1,27.7,0.0,3,EGLL
2026-08-11T10:00,23.0,9.6,27.7,0.0,2,EGLL
2026-08-11T11:00,24.3,9.7,28.4,0.0,2,EGLL
2026-08-11T12:00,25.7,10.0,29.2,0.0,2,EGLL
2026-08-11T13:00,26.2,11.0,31.0,0.0,48,EGLL
2026-08-11T14:00,26.4,11.9,32.4,0.0,70,EGLL
2026-08-11T15:00,26.2,12.4,33.1,0.0,49,EGLL
2026-08-11T16:00,25.8,12.8,33.1,0.0,7,EGLL
2026-08-11T17:00,25.0,13.6,33.1,0.0,20,EGLL
2026-08-11T18:00,24.1,13.6,33.1,0.0,1,EGLL
2026-08-11T19:00,22.6,12.7,31.0,0.0,4,EGLL
2026-08-11T20:00,21.3,12.8,27.7,0.0,20,EGLL
2026-08-11T21:00,20.3,12.5,27.4,0.0,33,EGLL
2026-08-11T22:00,19.6,11.4,25.9,0.0,91,EGLL
2026-08-11T23:00,19.2,10.7,23.0,0.0,87,EGLL
2026-08-12T00:00,18.0,9.6,21.2,0.0,7,EGLL
2026-08-12T01:00,17.9,8.3,18.7,0.0,9,EGLL
2026-08-12T02:00,17.8,7.7,16.2,0.0,28,EGLL
2026-08-12T03:00,17.6,7.4,14.8,0.0,81,EGLL
2026-08-12T04:00,17.4,7.8,14.8,0.0,91,EGLL
2026-08-12T05:00,17.2,7.9,15.1,0.0,29,EGLL
2026-08-12T06:00,18.0,7.6,16.9,0.0,0,EGLL
2026-08-12T07:00,19.6,6.7,17.6,0.0,0,EGLL
2026-08-12T08:00,21.6,6.7,19.8,0.0,0,EGLL
2026-08-12T09:00,24.0,6.9,21.6,0.0,4,EGLL
2026-08-12T10:00,26.4,6.1,21.6,0.0,7,EGLL
2026-08-12T11:00,28.4,5.5,21.2,0.0,18,EGLL
2026-08-12T12:00,30.3,3.8,20.9,0.0,27,EGLL
2026-08-12T13:00,31.3,3.6,18.4,0.0,20,EGLL
2026-08-12T14:00,32.1,4.5,19.1,0.0,4,EGLL
2026-08-12T15:00,32.6,4.7,19.1,0.0,1,EGLL
2026-08-12T16:00,32.9,5.2,18.7,0.0,7,EGLL
2026-08-12T17:00,32.6,6.9,19.4,0.0,0,EGLL
2026-08-12T18:00,31.8,6.9,20.9,0.0,0,EGLL
2026-08-12T19:00,30.1,10.5,20.9,0.0,0,EGLL
2026-08-12T20:00,28.2,10.5,21.6,0.0,0,EGLL
2026-08-12T21:00,26.5,8.6,20.9,0.0,0,EGLL
2026-08-12T22:00,25.3,7.7,16.9,0.0,0,EGLL
2026-08-12T23:00,24.4,6.7,14.8,0.0,0,EGLL
2026-08-13T00:00,22.2,5.6,12.6,0.0,0,EGLL
2026-08-13T01:00,21.5,6.2,11.9,0.0,0,EGLL
2026-08-13T02:00,20.8,5.6,11.9,0.0,0,EGLL
2026-08-13T03:00,20.1,5.3,10.4,0.0,0,EGLL
2026-08-13T04:00,19.5,5.1,10.1,0.0,0,EGLL
2026-08-13T05:00,19.0,4.6,9.4,0.0,0,EGLL
2026-08-13T06:00,20.3,6.9,14.0,0.0,0,EGLL
2026-08-13T07:00,22.1,2.9,13.3,0.0,0,EGLL
2026-08-13T08:00,24.5,3.3,13.7,0.0,4,EGLL
2026-08-13T09:00,27.7,3.1,14.8,0.0,0,EGLL
2026-08-13T10:00,30.8,3.8,16.6,0.0,0,EGLL
2026-08-13T11:00,32.7,5.5,20.2,0.0,0,EGLL
2026-08-13T12:00,34.9,6.1,22.0,0.0,0,EGLL
2026-08-13T13:00,35.4,7.9,24.8,0.0,5,EGLL
2026-08-13T14:00,35.7,9.8,28.1,0.0,1,EGLL
2026-08-13T15:00,35.7,12.0,31.0,0.0,11,EGLL
2026-08-13T16:00,35.5,13.0,32.0,0.0,0,EGLL
2026-08-13T17:00,34.8,15.0,34.6,0.0,0,EGLL
2026-08-13T18:00,33.5,13.5,34.6,0.0,0,EGLL
2026-08-13T19:00,31.3,11.1,29.9,0.0,0,EGLL
2026-08-13T20:00,29.3,8.3,22.0,0.0,0,EGLL
2026-08-13T21:00,27.9,8.2,15.8,0.0,0,EGLL
2026-08-13T22:00,26.6,7.0,15.5,0.0,1,EGLL
2026-08-13T23:00,25.6,6.8,13.3,0.0,19,EGLL
2026-08-14T00:00,23.8,5.7,13.0,0.0,48,EGLL
2026-08-14T01:00,23.0,5.9,12.2,0.0,1,EGLL
2026-08-14T02:00,22.2,5.9,11.2,0.0,0,EGLL
2026-08-14T03:00,21.5,4.9,11.5,0.0,0,EGLL
2026-08-14T04:00,20.8,4.6,9.4,0.0,0,EGLL
2026-08-14T05:00,20.3,5.3,9.7,0.0,0,EGLL
2026-08-14T06:00,21.0,7.1,14.8,0.0,0,EGLL
2026-08-14T07:00,22.7,6.6,17.6,0.0,2,EGLL
2026-08-14T08:00,24.7,5.7,18.0,0.0,48,EGLL
2026-08-14T09:00,26.9,5.7,19.8,0.0,37,EGLL
2026-08-14T10:00,28.8,3.8,19.4,0.0,30,EGLL
2026-08-14T11:00,30.2,3.9,18.4,0.0,53,EGLL
2026-08-14T12:00,31.6,4.7,20.9,0.0,0,EGLL
2026-08-14T13:00,32.3,5.4,21.6,0.0,2,EGLL
2026-08-14T14:00,32.7,6.2,22.3,0.0,13,EGLL
2026-08-14T15:00,32.8,6.9,23.0,0.0,2,EGLL
2026-08-14T16:00,32.6,7.2,23.0,0.0,3,EGLL
2026-08-14T17:00,32.1,7.1,22.7,0.0,3,EGLL
2026-08-14T18:00,31.5,8.6,21.2,0.0,8,EGLL
2026-08-14T19:00,30.6,9.2,21.6,0.0,39,EGLL
2026-08-14T20:00,29.3,11.6,24.1,0.0,73,EGLL
2026-08-14T21:00,28.3,9.1,23.0,0.0,78,EGLL
2026-08-14T22:00,27.8,12.1,23.0,0.0,84,EGLL
2026-08-14T23:00,26.9,15.9,34.2,0.0,84,EGLL
2026-08-15T00:00,24.4,12.5,34.2,0.0,70,EGLL
2026-08-15T01:00,23.6,14.5,31.3,0.0,85,EGLL
2026-08-15T02:00,22.6,14.3,31.7,0.0,80,EGLL
2026-08-15T03:00,21.8,13.5,31.0,0.0,95,EGLL
2026-08-15T04:00,21.0,14.2,30.6,0.0,99,EGLL
2026-08-15T05:00,20.2,13.9,30.2,0.0,77,EGLL
2026-08-15T06:00,19.8,12.1,30.6,0.0,98,EGLL
2026-08-15T07:00,20.5,11.5,27.7,0.0,93,EGLL
2026-08-15T08:00,21.7,11.3,28.4,0.0,41,EGLL
2026-08-15T09:00,23.2,12.5,32.4,0.0,5,EGLL
2026-08-15T10:00,25.2,11.4,32.4,0.0,8,EGLL
2026-08-15T11:00,27.1,13.0,33.5,0.0,95,EGLL
2026-08-15T12:00,26.1,13.6,35.3,0.0,100,EGLL
2026-08-15T13:00,25.4,13.0,34.2,0.0,38,EGLL
2026-08-15T14:00,26.7,10.1,33.5,0.0,26,EGLL
2026-08-15T15:00,27.1,9.6,28.1,0.0,37,EGLL
2026-08-15T16:00,26.6,11.9,30.2,0.0,40,EGLL
2026-08-15T17:00,26.2,11.4,30.6,0.0,33,EGLL
2026-08-15T18:00,25.3,11.2,28.1,0.0,8,EGLL
2026-08-15T19:00,24.4,10.7,27.0,0.0,6,EGLL
2026-08-15T20:00,23.5,9.4,23.8,0.0,16,EGLL
2026-08-15T21:00,22.8,8.6,19.4,0.0,45,EGLL
2026-08-15T22:00,22.5,8.3,17.6,0.0,90,EGLL
2026-08-15T23:00,22.1,6.0,16.9,0.0,85,EGLL
2026-08-16T00:00,19.4,2.8,12.2,0.1,19,EGLL
2026-08-16T01:00,19.1,3.8,8.3,0.0,48,EGLL
2026-08-16T02:00,18.5,5.0,10.8,0.0,27,EGLL
2026-08-16T03:00,17.9,5.1,11.2,0.0,83,EGLL
2026-08-16T04:00,17.9,4.5,11.9,0.0,93,EGLL
2026-08-16T05:00,17.9,4.3,10.1,0.0,60,EGLL
2026-08-16T06:00,17.9,4.0,10.8,0.0,100,EGLL
2026-08-16T07:00,18.7,2.3,10.4,0.0,100,EGLL
2026-08-16T08:00,19.3,1.5,9.0,0.0,100,EGLL
2026-08-16T09:00,19.9,2.3,10.4,0.2,100,EGLL
2026-08-16T10:00,19.8,3.1,12.2,0.8,100,EGLL
2026-08-16T11:00,19.9,4.5,14.4,0.3,100,EGLL
2026-08-16T12:00,24.4,6.5,16.9,0.1,99,EGLL
2026-08-16T13:00,24.2,7.9,22.7,0.0,98,EGLL
2026-08-16T14:00,24.0,9.4,26.3,0.0,100,EGLL
2026-08-16T15:00,24.6,8.7,25.6,0.0,100,EGLL
2026-08-16T16:00,24.6,7.0,24.1,0.0,99,EGLL
2026-08-16T17:00,24.6,5.7,19.8,0.0,59,EGLL
2026-08-16T18:00,25.0,3.4,15.5,0.0,97,EGLL
2026-08-16T19:00,24.4,0.9,7.9,0.0,99,EGLL
2026-08-16T20:00,23.3,4.4,7.6,0.0,100,EGLL
2026-08-16T21:00,22.8,9.1,19.1,0.0,99,EGLL
2026-08-16T22:00,21.9,8.1,19.1,0.0,97,EGLL
2026-08-16T23:00,21.3,8.9,18.0,0.0,99,EGLL
2026-08-17T00:00,20.4,7.3,20.2,0.0,99,EGLL
2026-08-17T01:00,19.9,9.6,19.1,0.0,98,EGLL
2026-08-17T02:00,19.1,11.0,22.3,0.0,98,EGLL
2026-08-17T03:00,18.4,11.1,22.7,0.0,74,EGLL
2026-08-17T04:00,17.6,9.9,22.7,0.0,91,EGLL
2026-08-17T05:00,17.2,8.5,20.2,0.0,75,EGLL
2026-08-17T06:00,17.7,6.8,16.9,0.0,99,EGLL
2026-08-17T07:00,19.0,6.7,16.6,0.0,54,EGLL
2026-08-17T08:00,20.3,5.6,18.4,0.0,21,EGLL
2026-08-17T09:00,21.8,5.3,18.4,0.0,38,EGLL
2026-08-17T10:00,23.7,6.2,20.9,0.0,77,EGLL
2026-08-17T11:00,24.7,8.3,23.8,0.0,98,EGLL
2026-08-17T12:00,25.2,8.5,28.1,0.1,80,EGLL
2026-08-17T13:00,26.4,9.1,25.2,0.0,92,EGLL
2026-08-17T14:00,26.9,10.6,27.7,0.0,90,EGLL
2026-08-17T15:00,26.9,10.6,28.4,0.0,93,EGLL
2026-08-17T16:00,27.0,10.1,26.6,0.0,75,EGLL
2026-08-17T17:00,26.7,9.7,25.2,0.0,45,EGLL
2026-08-17T18:00,26.6,8.0,24.5,0.0,56,EGLL
2026-08-17T19:00,25.9,7.0,18.0,0.0,52,EGLL
2026-08-17T20:00,25.2,12.2,23.0,0.0,91,EGLL
2026-08-17T21:00,23.7,16.6,36.4,0.0,52,EGLL
2026-08-17T22:00,22.1,13.5,34.6,0.0,16,EGLL
2026-08-17T23:00,20.9,13.8,29.2,0.0,72,EGLL
2026-08-18T00:00,19.5,14.3,31.7,0.0,76,EGLL
2026-08-18T01:00,18.8,13.5,35.3,0.0,86,EGLL
2026-08-18T02:00,18.5,11.7,28.8,0.0,96,EGLL
2026-08-18T03:00,18.1,9.4,25.6,0.8,99,EGLL
2026-08-18T04:00,18.5,11.5,22.7,0.0,100,EGLL
2026-08-18T05:00,18.3,12.9,25.2,0.5,100,EGLL
2026-08-18T06:00,19.3,12.5,26.3,0.0,100,EGLL
2026-08-18T07:00,19.8,11.2,26.3,0.0,100,EGLL
2026-08-18T08:00,20.7,14.0,30.2,0.0,100,EGLL
2026-08-18T09:00,21.9,14.4,32.0,0.0,100,EGLL
2026-08-18T10:00,23.1,14.8,33.5,0.0,100,EGLL
2026-08-18T11:00,24.0,14.4,34.2,0.0,100,EGLL
2026-08-18T12:00,24.3,14.2,33.5,0.0,100,EGLL
2026-08-18T13:00,24.3,15.1,34.2,0.0,100,EGLL
2026-08-18T14:00,23.9,14.8,34.2,0.0,100,EGLL
2026-08-18T15:00,23.5,14.6,32.8,0.0,100,EGLL
2026-08-18T16:00,23.4,14.8,33.1,0.0,100,EGLL
2026-08-18T17:00,23.1,14.7,32.8,0.0,100,EGLL
2026-08-18T18:00,22.9,11.6,32.0,0.0,99,EGLL
2026-08-18T19:00,22.4,14.1,29.9,0.0,100,EGLL
2026-08-18T20:00,21.6,12.7,32.0,0.0,98,EGLL
2026-08-18T21:00,20.9,10.5,26.3,0.0,100,EGLL
2026-08-18T22:00,20.5,10.8,22.0,0.0,100,EGLL
2026-08-18T23:00,19.9,12.8,27.4,0.0,100,EGLL
2026-08-19T00:00,19.0,9.0,27.4,0.0,100,EGLL
2026-08-19T01:00,18.6,10.7,23.0,0.2,100,EGLL
2026-08-19T02:00,17.6,11.4,22.7,0.4,100,EGLL
2026-08-19T03:00,17.2,10.4,23.4,0.2,100,EGLL
2026-08-19T04:00,16.9,11.9,24.5,0.2,100,EGLL
2026-08-19T05:00,16.7,11.9,24.5,0.0,96,EGLL
2026-08-19T06:00,16.4,10.6,24.8,0.0,78,EGLL
2026-08-19T07:00,17.1,10.5,28.8,0.0,100,EGLL
2026-08-19T08:00,16.9,9.1,23.0,0.3,100,EGLL
2026-08-19T09:00,17.3,7.8,20.2,0.1,83,EGLL
2026-08-19T10:00,18.9,6.9,21.6,0.0,45,EGLL
2026-08-19T11:00,19.8,5.3,20.2,0.0,34,EGLL
2026-08-19T12:00,22.1,8.6,23.8,0.1,43,EGLL
2026-08-19T13:00,22.9,8.5,25.2,0.2,14,EGLL
2026-08-19T14:00,23.7,10.6,28.4,0.0,16,EGLL
2026-08-19T15:00,24.2,13.0,31.7,0.0,22,EGLL
2026-08-19T16:00,24.0,16.5,38.2,0.0,27,EGLL
2026-08-19T17:00,23.5,18.7,41.0,0.0,2,EGLL
2026-08-19T18:00,22.4,19.5,44.3,0.0,5,EGLL
2026-08-19T19:00,20.8,15.8,41.8,0.0,10,EGLL
2026-08-19T20:00,19.7,15.1,33.1,0.0,3,EGLL
2026-08-19T21:00,18.6,15.0,32.0,0.0,5,EGLL
2026-08-19T22:00,17.7,13.6,31.3,0.0,5,EGLL
2026-08-19T23:00,17.1,11.8,28.1,0.0,16,EGLL
2026-08-20T00:00,16.5,10.2,24.5,0.0,28,EGLL
2026-08-20T01:00,16.2,9.0,20.2,0.0,46,EGLL
2026-08-20T02:00,16.0,9.0,19.4,0.0,45,EGLL
2026-08-20T03:00,15.8,9.8,21.2,0.0,27,EGLL
2026-08-20T04:00,15.5,10.1,22.3,0.0,30,EGLL
2026-08-20T05:00,15.3,9.8,22.0,0.0,27,EGLL
2026-08-20T06:00,15.1,11.0,23.4,0.0,14,EGLL
2026-08-20T07:00,16.3,12.6,28.4,0.0,14,EGLL
2026-08-20T08:00,17.8,13.2,33.1,0.0,12,EGLL
2026-08-20T09:00,19.4,13.6,36.7,0.1,30,EGLL
2026-08-20T10:00,20.5,15.0,39.6,0.0,80,EGLL
2026-08-20T11:00,21.3,16.2,40.7,0.1,100,EGLL
2026-08-20T12:00,20.9,15.5,41.0,0.1,45,EGLL
2026-08-20T13:00,21.3,14.9,40.7,0.6,28,EGLL
2026-08-20T14:00,20.2,17.3,41.4,0.7,50,EGLL
2026-08-20T15:00,21.6,16.1,40.3,0.1,18,EGLL
2026-08-20T16:00,21.4,17.0,39.6,0.1,37,EGLL
2026-08-20T17:00,19.7,14.2,39.6,0.4,14,EGLL
2026-08-20T18:00,18.0,14.3,31.3,0.1,39,EGLL
2026-08-20T19:00,16.9,8.6,29.2,0.1,14,EGLL
2026-08-20T20:00,16.4,8.3,16.2,0.0,30,EGLL
2026-08-20T21:00,16.2,9.9,19.4,0.0,13,EGLL
2026-08-20T22:00,15.1,12.4,25.9,0.0,7,EGLL
2026-08-20T23:00,14.4,9.9,25.2,0.0,5,EGLL
2026-08-21T00:00,14.0,7.7,19.8,0.0,18,EGLL
2026-08-21T01:00,13.9,8.3,16.6,0.0,16,EGLL
2026-08-21T02:00,13.6,9.1,17.6,0.0,30,EGLL
2026-08-21T03:00,13.4,8.8,18.7,0.0,31,EGLL
2026-08-21T04:00,13.1,8.6,16.9,0.0,9,EGLL
2026-08-21T05:00,12.6,9.4,18.7,0.0,2,EGLL
2026-08-21T06:00,13.2,9.3,18.7,0.0,13,EGLL
2026-08-21T07:00,14.2,9.0,20.9,0.0,12,EGLL
2026-08-21T08:00,15.7,9.4,23.4,0.0,9,EGLL
2026-08-21T09:00,17.1,9.1,24.5,0.0,6,EGLL
2026-08-21T10:00,18.3,8.7,25.6,0.0,19,EGLL
2026-08-21T11:00,19.3,8.1,25.6,0.0,20,EGLL
2026-08-21T12:00,19.9,8.8,25.2,0.1,52,EGLL
2026-08-21T13:00,20.0,11.3,29.9,0.1,27,EGLL
2026-08-21T14:00,20.1,9.8,29.9,0.1,17,EGLL
2026-08-21T15:00,20.3,8.9,26.3,0.0,20,EGLL
2026-08-21T16:00,20.4,8.0,23.8,0.0,23,EGLL
2026-08-21T17:00,20.4,8.6,21.2,0.0,32,EGLL
2026-08-21T18:00,18.7,9.3,21.6,0.0,41,EGLL
2026-08-21T19:00,17.5,14.5,29.5,0.0,50,EGLL
2026-08-21T20:00,15.7,11.3,33.5,0.0,23,EGLL
2026-08-21T21:00,14.6,10.1,23.8,0.0,9,EGLL
2026-08-21T22:00,14.0,8.3,20.9,0.0,30,EGLL
2026-08-21T23:00,13.6,8.9,18.0,0.0,28,EGLL
2026-08-22T00:00,13.1,10.1,19.1,0.1,98,EGLL
2026-08-22T01:00,13.4,10.1,19.8,0.0,15,EGLL
2026-08-22T02:00,13.0,10.6,21.2,0.0,0,EGLL
2026-08-22T03:00,12.3,9.6,21.2,0.0,0,EGLL
2026-08-22T04:00,11.8,8.5,19.1,0.0,1,EGLL
2026-08-22T05:00,11.4,8.5,16.6,0.0,0,EGLL
2026-08-22T06:00,11.8,9.7,18.4,0.0,0,EGLL
2026-08-22T07:00,13.3,10.1,23.0,0.0,0,EGLL
2026-08-22T08:00,14.9,9.7,24.5,0.0,0,EGLL
2026-08-22T09:00,16.5,9.7,25.6,0.0,0,EGLL
2026-08-22T10:00,17.7,9.3,26.3,0.0,0,EGLL
2026-08-22T11:00,18.8,8.9,26.3,0.0,0,EGLL
2026-08-22T12:00,20.2,8.3,25.9,0.0,25,EGLL
2026-08-22T13:00,21.0,7.3,24.1,0.0,60,EGLL
2026-08-22T14:00,21.2,7.3,23.0,0.0,100,EGLL
2026-08-22T15:00,21.2,8.1,22.3,0.0,76,EGLL
2026-08-22T16:00,21.0,7.4,22.0,0.0,95,EGLL
2026-08-22T17:00,20.7,6.3,19.4,0.0,70,EGLL
2026-08-22T18:00,20.4,5.2,16.9,0.0,28,EGLL
2026-08-22T19:00,18.9,5.7,10.8,0.0,13,EGLL
2026-08-22T20:00,17.9,6.9,13.3,0.0,6,EGLL
2026-08-22T21:00,17.2,6.5,13.0,0.0,5,EGLL
2026-08-22T22:00,16.7,7.3,13.7,0.0,2,EGLL
2026-08-22T23:00,16.0,6.9,14.8,0.0,23,EGLL
2026-08-23T00:00,14.0,4.0,13.3,0.0,23,EGLL
2026-08-23T01:00,13.6,4.5,8.6,0.0,85,EGLL
2026-08-23T02:00,13.3,2.9,8.3,0.0,74,EGLL
2026-08-23T03:00,13.1,1.9,5.0,0.0,45,EGLL
2026-08-23T04:00,12.8,3.0,5.4,0.0,14,EGLL
2026-08-23T05:00,12.4,3.5,7.2,0.0,12,EGLL
2026-08-23T06:00,12.7,4.4,6.8,0.0,33,EGLL
2026-08-23T07:00,14.2,2.7,9.7,0.0,13,EGLL
2026-08-23T08:00,16.3,2.2,10.8,0.0,1,EGLL
2026-08-23T09:00,18.2,2.5,13.3,0.0,0,EGLL
2026-08-23T10:00,19.8,2.2,14.0,0.0,0,EGLL
2026-08-23T11:00,21.2,1.6,14.0,0.0,1,EGLL
2026-08-23T12:00,22.5,1.9,14.0,0.0,31,EGLL
2026-08-23T13:00,23.3,1.3,14.0,0.0,34,EGLL
2026-08-23T14:00,23.8,2.5,14.8,0.0,77,EGLL
2026-08-23T15:00,24.2,3.4,15.5,0.0,76,EGLL
2026-08-23T16:00,24.2,3.4,15.5,0.0,30,EGLL
2026-08-23T17:00,23.7,10.0,23.4,0.0,13,EGLL
2026-08-23T18:00,22.6,13.9,32.0,0.0,31,EGLL
2026-08-23T19:00,21.8,8.7,30.6,0.0,18,EGLL
2026-08-23T20:00,20.2,12.0,25.2,0.0,15,EGLL
2026-08-23T21:00,18.6,9.6,26.3,0.0,35,EGLL
2026-08-23T22:00,17.9,9.3,19.8,0.0,80,EGLL
2026-08-23T23:00,17.4,9.5,19.4,0.0,83,EGLL
2026-08-24T00:00,16.3,9.6,19.4,0.0,40,EGLL
2026-08-24T01:00,15.7,8.2,19.1,0.0,14,EGLL
2026-08-24T02:00,15.0,7.6,16.6,0.0,1,EGLL
2026-08-24T03:00,14.4,7.2,15.1,0.0,30,EGLL
2026-08-24T04:00,13.9,8.7,16.9,0.0,67,EGLL
2026-08-24T05:00,13.4,10.0,19.4,0.0,83,EGLL
2026-08-24T06:00,13.6,10.9,21.6,0.0,79,EGLL
2026-08-24T07:00,15.1,9.5,21.2,0.0,90,EGLL
2026-08-24T08:00,17.2,11.2,26.6,0.0,94,EGLL
2026-08-24T09:00,18.6,16.0,37.1,0.0,97,EGLL
2026-08-24T10:00,19.4,16.6,38.2,0.0,100,EGLL
2026-08-24T11:00,20.2,17.2,40.0,0.0,95,EGLL
2026-08-24T12:00,21.4,17.6,40.3,0.0,100,EGLL
2026-08-24T13:00,22.3,18.3,43.2,0.0,100,EGLL
2026-08-24T14:00,22.0,18.3,43.6,0.0,7,EGLL
2026-08-24T15:00,22.2,18.9,43.9,0.0,30,EGLL
2026-08-24T16:00,21.5,19.8,45.4,0.0,14,EGLL
2026-08-24T17:00,20.7,19.0,45.0,0.0,8,EGLL
2026-08-24T18:00,19.7,18.3,42.5,0.0,2,EGLL
2026-08-24T19:00,18.6,16.5,39.2,0.0,0,EGLL
2026-08-24T20:00,18.0,15.5,34.6,0.0,1,EGLL
2026-08-24T21:00,17.4,14.8,32.4,0.0,2,EGLL
2026-08-24T22:00,16.9,14.1,31.0,0.0,7,EGLL
2026-08-24T23:00,16.6,13.9,29.2,0.0,19,EGLL
2026-08-25T00:00,16.2,13.9,28.4,0.0,68,EGLL
2026-08-25T01:00,16.5,14.7,30.2,0.0,86,EGLL
2026-08-25T02:00,16.4,14.4,30.2,0.0,55,EGLL
2026-08-25T03:00,16.4,14.0,29.5,0.0,51,EGLL
2026-08-25T04:00,16.0,13.6,28.4,0.0,5,EGLL
2026-08-25T05:00,15.7,13.2,27.7,0.0,7,EGLL
2026-08-25T06:00,16.1,13.9,27.4,0.0,0,EGLL
2026-08-25T07:00,17.4,13.1,32.0,0.0,0,EGLL
2026-08-25T08:00,19.1,14.3,32.8,0.0,0,EGLL
2026-08-25T09:00,21.0,16.0,37.8,0.0,2,EGLL
2026-08-25T10:00,22.7,16.4,39.6,0.0,2,EGLL
2026-08-25T11:00,24.2,17.3,41.4,0.0,0,EGLL
2026-08-25T12:00,25.2,16.4,43.2,0.0,0,EGLL
2026-08-25T13:00,25.7,15.3,40.0,0.0,0,EGLL
2026-08-25T14:00,25.8,15.0,38.2,0.0,0,EGLL
2026-08-25T15:00,25.7,14.0,37.4,0.0,1,EGLL
2026-08-25T16:00,25.2,14.3,34.9,0.0,16,EGLL
2026-08-25T17:00,24.4,15.0,34.9,0.0,22,EGLL
2026-08-25T18:00,23.4,13.7,34.6,0.0,56,EGLL
2026-08-25T19:00,22.1,14.2,30.2,0.0,34,EGLL
2026-08-25T20:00,21.2,13.0,31.3,0.0,77,EGLL
2026-08-25T21:00,20.2,9.3,27.0,0.1,95,EGLL
2026-08-25T22:00,20.0,9.1,18.4,0.0,91,EGLL
2026-08-25T23:00,19.6,9.0,19.1,0.0,100,EGLL
2026-08-26T00:00,17.8,6.3,18.0,0.0,100,EGLL
2026-08-26T01:00,17.9,5.6,13.0,1.4,98,EGLL
2026-08-26T02:00,17.6,5.8,10.4,0.4,92,EGLL
2026-08-26T03:00,17.5,5.2,12.2,0.4,94,EGLL
2026-08-26T04:00,17.5,1.8,9.7,0.0,77,EGLL
2026-08-26T05:00,17.2,1.3,2.5,0.0,57,EGLL
2026-08-26T06:00,16.7,5.2,5.0,0.0,58,EGLL
2026-08-26T07:00,17.6,5.9,13.7,0.3,23,EGLL
2026-08-26T08:00,19.1,6.3,17.6,0.1,5,EGLL
2026-08-26T09:00,21.0,3.9,18.4,0.0,8,EGLL
2026-08-26T10:00,22.9,5.7,19.1,0.0,50,EGLL
2026-08-26T11:00,23.8,8.2,24.1,0.1,39,EGLL
2026-08-26T12:00,26.6,9.6,24.1,0.1,100,EGLL
2026-08-26T13:00,24.3,11.2,28.8,0.5,97,EGLL
2026-08-26T14:00,23.1,2.7,27.4,2.1,95,EGLL
2026-08-26T15:00,25.6,1.3,14.0,0.1,88,EGLL
2026-08-26T16:00,26.1,7.0,18.7,0.0,99,EGLL
2026-08-26T17:00,24.1,11.0,24.5,0.4,98,EGLL
2026-08-26T18:00,24.2,11.2,24.5,0.0,98,EGLL
2026-08-26T19:00,23.2,9.6,23.0,0.0,100,EGLL
2026-08-26T20:00,22.2,9.2,19.4,0.0,100,EGLL
2026-08-26T21:00,21.4,10.5,21.2,0.0,97,EGLL
2026-08-26T22:00,20.7,12.3,25.2,0.0,98,EGLL
2026-08-26T23:00,20.4,11.6,25.2,0.0,99,EGLL
2026-08-27T00:00,19.6,11.8,23.0,0.0,90,EGLL
2026-08-27T01:00,19.8,12.1,24.8,0.0,98,EGLL
2026-08-27T02:00,19.9,13.6,30.6,0.0,100,EGLL
2026-08-27T03:00,18.4,16.2,28.4,0.8,100,EGLL
2026-08-27T04:00,18.2,13.2,33.8,0.1,100,EGLL
2026-08-27T05:00,18.2,6.0,24.8,0.9,100,EGLL
2026-08-27T06:00,18.5,6.1,20.9,1.2,100,EGLL
2026-08-27T07:00,18.9,7.5,16.2,1.1,100,EGLL
2026-08-27T08:00,19.2,6.0,16.6,1.0,100,EGLL
2026-08-27T09:00,19.8,10.0,19.1,0.2,100,EGLL
2026-08-27T10:00,21.0,7.4,23.4,0.0,100,EGLL
2026-08-27T11:00,21.5,5.2,19.1,0.3,100,EGLL
2026-08-27T12:00,20.4,5.9,27.7,4.8,57,EGLL
2026-08-27T13:00,22.3,5.7,20.9,0.3,73,EGLL
2026-08-27T14:00,23.1,6.0,22.0,0.2,100,EGLL
2026-08-27T15:00,23.9,7.2,21.6,0.1,100,EGLL
2026-08-27T16:00,18.4,11.4,35.6,3.5,81,EGLL
2026-08-27T17:00,20.2,3.6,22.3,0.1,100,EGLL
2026-08-27T18:00,20.9,3.9,13.7,0.0,100,EGLL
2026-08-27T19:00,20.3,6.7,12.2,0.0,100,EGLL
2026-08-27T20:00,19.2,8.3,15.8,0.0,83,EGLL
2026-08-27T21:00,18.5,9.3,18.7,0.0,95,EGLL
2026-08-27T22:00,18.3,10.3,20.9,0.0,100,EGLL
2026-08-27T23:00,18.3,10.0,20.9,0.0,88,EGLL
2026-08-28T00:00,16.8,9.8,20.5,0.0,0,EGLL
2026-08-28T01:00,16.3,8.0,19.1,0.0,0,EGLL
2026-08-28T02:00,15.9,7.6,15.8,0.0,1,EGLL
2026-08-28T03:00,15.4,8.2,16.2,0.0,0,EGLL
2026-08-28T04:00,15.0,7.9,16.2,0.0,0,EGLL
2026-08-28T05:00,14.8,8.4,16.6,0.0,0,EGLL
2026-08-28T06:00,15.1,9.5,17.6,0.0,2,EGLL
2026-08-28T07:00,16.3,9.1,19.8,0.0,5,EGLL
2026-08-28T08:00,18.0,10.4,24.1,0.0,21,EGLL
2026-08-28T09:00,19.6,13.4,31.3,0.0,12,EGLL
2026-08-28T10:00,20.8,14.7,34.6,0.0,9,EGLL
2026-08-28T11:00,22.0,16.7,38.2,0.0,22,EGLL
2026-08-28T12:00,22.5,17.3,43.6,0.3,23,EGLL
2026-08-28T13:00,23.4,20.3,47.2,0.2,55,EGLL
2026-08-28T14:00,22.2,21.7,49.3,0.4,80,EGLL
2026-08-28T15:00,21.7,20.5,49.7,0.3,84,EGLL
2026-08-28T16:00,21.6,22.2,51.8,0.1,55,EGLL
2026-08-28T17:00,19.3,22.2,48.2,0.7,79,EGLL
2026-08-28T18:00,17.3,12.7,47.2,1.1,58,EGLL
2026-08-28T19:00,17.4,16.0,29.9,0.4,50,EGLL
2026-08-28T20:00,17.2,15.3,29.9,0.1,61,EGLL
2026-08-28T21:00,16.8,16.5,32.8,0.0,41,EGLL
2026-08-28T22:00,16.8,15.5,32.8,0.0,18,EGLL
2026-08-28T23:00,16.7,13.3,31.3,0.0,13,EGLL
2026-08-29T00:00,16.6,11.0,27.0,0.0,16,EGLL
2026-08-29T01:00,16.5,10.9,22.3,0.1,16,EGLL
2026-08-29T02:00,16.5,11.2,22.3,0.0,45,EGLL
2026-08-29T03:00,16.5,11.1,23.0,0.0,72,EGLL
2026-08-29T04:00,16.4,11.1,22.3,0.0,65,EGLL
2026-08-29T05:00,16.5,10.1,22.7,0.0,97,EGLL
2026-08-29T06:00,16.5,10.7,20.2,0.0,100,EGLL
2026-08-29T07:00,17.5,11.9,27.4,0.0,100,EGLL
2026-08-29T08:00,17.3,13.9,28.4,0.9,100,EGLL
2026-08-29T09:00,17.2,12.6,27.4,1.0,100,EGLL
2026-08-29T10:00,17.0,14.9,28.8,1.4,100,EGLL
2026-08-29T11:00,18.1,16.7,33.1,0.2,100,EGLL
2026-08-29T12:00,18.6,20.1,48.2,0.9,97,EGLL
2026-08-29T13:00,19.6,18.7,45.7,0.5,100,EGLL
2026-08-29T14:00,18.5,17.1,44.3,1.8,100,EGLL
2026-08-29T15:00,19.2,18.9,40.0,0.6,98,EGLL
2026-08-29T16:00,19.3,19.2,42.8,0.9,99,EGLL
2026-08-29T17:00,19.8,18.7,41.0,0.5,100,EGLL
2026-08-29T18:00,18.8,16.0,38.9,0.1,16,EGLL
2026-08-29T19:00,18.8,13.1,30.6,0.0,4,EGLL
2026-08-29T20:00,18.4,14.7,28.4,0.0,7,EGLL
2026-08-29T21:00,18.0,14.8,31.0,0.0,17,EGLL
2026-08-29T22:00,17.7,13.0,29.9,0.0,100,EGLL
2026-08-29T23:00,18.2,17.3,34.9,0.1,100,EGLL
2026-08-30T00:00,17.8,18.9,42.1,0.0,88,EGLL
2026-08-30T01:00,17.1,18.7,38.5,0.0,5,EGLL
2026-08-30T02:00,16.6,17.8,38.5,0.0,61,EGLL
2026-08-30T03:00,16.2,14.8,36.7,0.0,2,EGLL
2026-08-30T04:00,15.6,13.1,30.2,0.0,11,EGLL
2026-08-30T05:00,15.6,13.0,26.3,0.0,100,EGLL
2026-08-30T06:00,16.2,13.3,26.6,0.0,100,EGLL
2026-08-30T07:00,17.1,13.1,32.0,0.0,73,EGLL
2026-08-30T08:00,18.0,11.7,31.3,0.0,36,EGLL
2026-08-30T09:00,19.3,13.0,29.9,0.0,52,EGLL
2026-08-30T10:00,20.4,13.8,31.3,0.0,85,EGLL
2026-08-30T11:00,20.7,15.4,35.3,0.0,94,EGLL
2026-08-30T12:00,21.4,17.0,39.6,0.2,98,EGLL
2026-08-30T13:00,21.2,18.1,40.3,0.3,95,EGLL
2026-08-30T14:00,21.6,19.3,42.8,0.2,16,EGLL
2026-08-30T15:00,21.5,20.2,44.6,0.0,16,EGLL
2026-08-30T16:00,20.8,20.9,45.4,0.1,39,EGLL
2026-08-30T17:00,20.1,19.5,45.4,0.1,80,EGLL
2026-08-30T18:00,19.2,16.6,41.8,0.0,99,EGLL
2026-08-30T19:00,18.2,14.8,36.4,0.0,100,EGLL
2026-08-30T20:00,17.2,14.9,31.0,0.2,91,EGLL
2026-08-30T21:00,15.9,15.5,43.2,0.0,32,EGLL
2026-08-30T22:00,15.9,13.9,31.7,0.0,50,EGLL
2026-08-30T23:00,15.7,14.3,29.5,0.0,37,EGLL
2026-08-31T00:00,15.6,15.7,36.7,0.3,54,EGLL
2026-08-31T01:00,15.4,17.8,35.6,0.0,100,EGLL
2026-08-31T02:00,14.8,18.2,39.6,0.9,34,EGLL
2026-08-31T03:00,14.2,16.8,34.6,0.0,89,EGLL
2026-08-31T04:00,13.8,17.1,34.9,0.0,77,EGLL
2026-08-31T05:00,13.6,14.9,33.8,0.0,9,EGLL
2026-08-31T06:00,13.8,13.9,29.9,0.0,8,EGLL
2026-08-31T07:00,14.9,13.9,32.4,0.0,16,EGLL
2026-08-31T08:00,16.1,18.5,40.7,0.0,38,EGLL
2026-08-31T09:00,17.5,18.0,41.8,0.1,42,EGLL
2026-08-31T10:00,18.6,18.7,41.4,0.1,67,EGLL
2026-08-31T11:00,19.7,17.2,41.8,0.1,22,EGLL
2026-08-31T12:00,20.7,17.4,41.8,0.2,21,EGLL
2026-08-31T13:00,21.5,18.0,40.3,0.2,27,EGLL
2026-08-31T14:00,21.8,18.9,42.1,0.4,30,EGLL
2026-08-31T15:00,21.9,18.1,41.8,0.2,28,EGLL
2026-08-31T16:00,21.8,16.6,39.2,0.1,70,EGLL
2026-08-31T17:00,21.1,13.9,35.3,0.0,89,EGLL
2026-08-31T18:00,19.4,16.6,32.0,0.0,59,EGLL
2026-08-31T19:00,18.2,12.8,33.8,0.0,90,EGLL
2026-08-31T20:00,17.1,10.8,25.9,0.0,83,EGLL
2026-08-31T21:00,16.5,9.8,22.0,0.0,93,EGLL
2026-08-31T22:00,15.8,8.4,19.8,0.0,99,EGLL
2026-08-31T23:00,15.1,8.3,16.9,0.0,98,EGLL
2026-09-01T00:00,14.3,9.0,16.9,0.0,86,EGLL
2026-09-01T01:00,13.9,8.0,17.3,0.0,11,EGLL
2026-09-01T02:00,13.2,6.8,15.8,0.0,5,EGLL
2026-09-01T03:00,12.6,5.9,13.3,0.0,1,EGLL
2026-09-01T04:00,12.3,6.4,12.6,0.0,5,EGLL
2026-09-01T05:00,11.9,6.2,12.6,0.0,18,EGLL
2026-09-01T06:00,12.1,6.6,12.2,0.0,16,EGLL
2026-09-01T07:00,13.4,5.4,13.7,0.0,35,EGLL
2026-09-01T08:00,15.2,5.3,15.5,0.0,97,EGLL
2026-09-01T09:00,17.0,7.2,19.1,0.0,90,EGLL
2026-09-01T10:00,18.4,8.6,23.0,0.0,72,EGLL
2026-09-01T11:00,19.8,11.5,28.1,0.0,66,EGLL
2026-09-01T12:00,20.4,11.4,28.8,0.0,100,EGLL
2026-09-01T13:00,20.4,12.0,28.4,0.0,79,EGLL
2026-09-01T14:00,21.0,13.5,31.0,0.0,77,EGLL
2026-09-01T15:00,21.1,12.8,31.7,0.0,99,EGLL
2026-09-01T16:00,21.1,11.2,30.6,0.0,100,EGLL
2026-09-01T17:00,20.6,8.8,24.8,0.0,100,EGLL
2026-09-01T18:00,19.8,6.0,18.4,0.0,100,EGLL
2026-09-01T19:00,18.4,5.1,11.2,0.0,100,EGLL
2026-09-01T20:00,17.7,8.5,16.2,0.0,100,EGLL
2026-09-01T21:00,17.2,9.4,18.7,0.0,100,EGLL
2026-09-01T22:00,16.8,8.1,18.7,0.0,98,EGLL
2026-09-01T23:00,16.2,6.4,16.2,0.0,98,EGLL
2026-09-02T00:00,15.8,6.3,12.6,0.0,77,EGLL
2026-09-02T01:00,15.7,6.1,11.9,0.0,78,EGLL
2026-09-02T02:00,15.3,5.5,11.9,0.0,100,EGLL
2026-09-02T03:00,15.4,6.3,12.2,0.0,100,EGLL
2026-09-02T04:00,15.2,6.3,12.2,0.0,70,EGLL
2026-09-02T05:00,14.8,6.8,13.7,0.0,100,EGLL
2026-09-02T06:00,15.0,7.2,14.0,0.0,70,EGLL
2026-09-02T07:00,16.5,9.3,21.2,0.0,85,EGLL
2026-09-02T08:00,17.7,13.5,29.5,0.2,100,EGLL
2026-09-02T09:00,17.6,11.1,30.2,0.1,100,EGLL
2026-09-02T10:00,17.9,15.3,31.7,0.3,100,EGLL
2026-09-02T11:00,17.5,12.7,32.8,0.4,98,EGLL
2026-09-02T12:00,18.9,16.5,38.5,0.0,100,EGLL
2026-09-02T13:00,18.9,15.8,34.9,0.1,100,EGLL
2026-09-02T14:00,20.4,25.5,58.7,0.0,100,EGLL
2026-09-02T15:00,19.3,21.3,58.7,0.1,100,EGLL
2026-09-02T16:00,19.1,21.7,45.7,0.0,100,EGLL
2026-09-02T17:00,19.1,19.4,46.8,0.0,100,EGLL
2026-09-02T18:00,19.0,17.5,41.0,0.0,100,EGLL
2026-09-02T19:00,19.0,15.8,37.1,0.0,84,EGLL
2026-09-02T20:00,18.7,16.0,33.1,0.0,95,EGLL
2026-09-02T21:00,18.8,16.5,34.2,0.0,100,EGLL
2026-09-02T22:00,18.8,15.3,34.6,0.0,84,EGLL
2026-09-02T23:00,18.4,15.2,32.0,0.0,75,EGLL
2026-09-03T00:00,18.3,14.0,32.0,0.2,95,EGLL
2026-09-03T01:00,18.3,13.9,29.2,0.0,100,EGLL
2026-09-03T02:00,18.4,14.6,30.6,0.0,100,EGLL
2026-09-03T03:00,18.5,15.5,32.4,0.0,100,EGLL
2026-09-03T04:00,18.8,15.4,32.8,0.0,100,EGLL
2026-09-03T05:00,18.8,17.7,36.7,0.0,100,EGLL
2026-09-03T06:00,18.8,14.7,36.7,0.0,100,EGLL
2026-09-03T07:00,19.2,16.3,35.6,0.0,100,EGLL
2026-09-03T08:00,19.9,17.6,36.4,0.0,100,EGLL
2026-09-03T09:00,20.8,17.8,39.2,0.0,100,EGLL
2026-09-03T10:00,21.9,19.2,43.9,0.0,100,EGLL
2026-09-03T11:00,22.4,18.6,41.8,0.0,100,EGLL
2026-09-03T12:00,23.4,18.0,43.6,0.0,100,EGLL
2026-09-03T13:00,23.9,18.6,40.7,0.0,99,EGLL
2026-09-03T14:00,24.4,17.1,42.5,0.0,90,EGLL
2026-09-03T15:00,25.1,19.7,44.6,0.0,85,EGLL
2026-09-03T16:00,25.5,22.6,50.0,0.0,73,EGLL
2026-09-03T17:00,24.4,19.6,47.9,0.0,66,EGLL
2026-09-03T18:00,23.7,16.0,41.4,0.0,53,EGLL
2026-09-03T19:00,22.4,13.9,33.1,0.0,94,EGLL
2026-09-03T20:00,20.7,16.8,35.3,0.1,82,EGLL
2026-09-03T21:00,20.4,17.8,36.7,0.0,64,EGLL
2026-09-03T22:00,20.0,18.0,38.2,0.0,100,EGLL
2026-09-03T23:00,19.8,17.5,37.8,0.0,96,EGLL
2026-09-04T00:00,19.1,16.9,38.5,0.0,100,EGLL
2026-09-04T01:00,19.7,19.5,41.4,0.0,100,EGLL
2026-09-04T02:00,19.8,22.3,46.4,0.0,100,EGLL
2026-09-04T03:00,19.7,23.6,50.0,0.0,100,EGLL
2026-09-04T04:00,19.7,23.4,50.8,0.1,100,EGLL
2026-09-04T05:00,19.6,22.1,49.3,0.0,100,EGLL
2026-09-04T06:00,19.9,22.6,47.2,0.1,100,EGLL
2026-09-04T07:00,19.9,23.1,48.2,0.3,100,EGLL
2026-09-04T08:00,19.4,22.9,52.2,0.7,100,EGLL
2026-09-04T09:00,19.1,17.7,45.7,0.0,100,EGLL
2026-09-04T10:00,19.8,16.1,40.0,0.0,85,EGLL
2026-09-04T11:00,20.9,18.5,42.1,0.0,100,EGLL
2026-09-04T12:00,19.5,17.4,42.8,0.0,100,EGLL
2026-09-04T13:00,19.6,17.9,38.9,0.0,100,EGLL
2026-09-04T14:00,19.2,17.4,39.2,0.0,100,EGLL
2026-09-04T15:00,19.1,18.8,40.3,0.0,100,EGLL
2026-09-04T16:00,18.7,19.2,43.2,0.0,100,EGLL
2026-09-04T17:00,18.4,17.8,41.0,0.0,100,EGLL
2026-09-04T18:00,18.0,15.1,37.8,0.0,99,EGLL
2026-09-04T19:00,17.4,14.1,31.3,0.0,1,EGLL
2026-09-04T20:00,16.3,13.8,29.2,0.0,1,EGLL
2026-09-04T21:00,15.5,12.4,28.1,0.0,0,EGLL
2026-09-04T22:00,14.8,11.6,25.2,0.0,0,EGLL
2026-09-04T23:00,14.2,11.1,23.8,0.0,0,EGLL
2026-09-05T00:00,13.6,10.6,22.0,0.0,0,EGLL
2026-09-05T01:00,13.4,10.4,21.6,0.0,0,EGLL
2026-09-05T02:00,13.0,10.0,20.9,0.0,93,EGLL
2026-09-05T03:00,12.7,10.1,20.2,0.0,96,EGLL
2026-09-05T04:00,12.5,10.4,20.5,0.0,32,EGLL
2026-09-05T05:00,12.2,9.5,20.5,0.0,33,EGLL
2026-09-05T06:00,12.4,9.7,18.7,0.0,22,EGLL
2026-09-05T07:00,13.8,9.2,19.4,0.0,45,EGLL
2026-09-05T08:00,15.4,10.9,25.6,0.0,36,EGLL
2026-09-05T09:00,17.0,11.1,27.7,0.0,5,EGLL
2026-09-05T10:00,18.4,10.6,27.4,0.0,2,EGLL
2026-09-05T11:00,19.9,11.6,29.9,0.0,29,EGLL
2026-09-05T12:00,20.6,8.7,29.9,0.0,15,EGLL
2026-09-05T13:00,21.1,7.4,23.8,0.0,24,EGLL
2026-09-05T14:00,21.5,8.2,23.4,0.0,30,EGLL
2026-09-05T15:00,21.5,8.1,23.4,0.0,18,EGLL
2026-09-05T16:00,21.4,7.6,22.0,0.0,16,EGLL
2026-09-05T17:00,20.9,5.9,20.2,0.0,23,EGLL
2026-09-05T18:00,20.2,3.0,14.8,0.0,31,EGLL
2026-09-05T19:00,18.5,5.4,9.4,0.0,16,EGLL
2026-09-05T20:00,17.5,7.4,14.0,0.0,16,EGLL
2026-09-05T21:00,16.5,6.1,14.8,0.0,26,EGLL
2026-09-05T22:00,15.4,4.3,11.5,0.0,81,EGLL
2026-09-05T23:00,15.0,3.2,7.9,0.0,61,EGLL
2026-09-06T00:00,14.4,1.0,6.1,0.0,97,EGLL
2026-09-06T01:00,14.4,2.2,4.3,0.2,84,EGLL
2026-09-06T02:00,13.8,2.7,11.2,0.2,87,EGLL
2026-09-06T03:00,13.5,2.6,5.0,0.0,100,EGLL
2026-09-06T04:00,13.7,4.2,9.4,0.0,100,EGLL
2026-09-06T05:00,13.9,5.2,10.4,0.1,60,EGLL
2026-09-06T06:00,13.7,6.9,13.0,0.0,14,EGLL
2026-09-06T07:00,15.3,7.9,15.5,0.0,22,EGLL
2026-09-06T08:00,17.5,8.0,19.4,0.0,21,EGLL
2026-09-06T09:00,19.6,10.8,26.6,0.0,71,EGLL
2026-09-06T10:00,21.6,13.0,31.7,0.0,73,EGLL
2026-09-06T11:00,23.3,14.4,34.9,0.0,86,EGLL
2026-09-06T12:00,25.2,15.3,36.4,0.0,85,EGLL
2026-09-06T13:00,25.8,14.1,37.4,0.0,86,EGLL
2026-09-06T14:00,26.3,14.4,34.6,0.0,5,EGLL
2026-09-06T15:00,26.2,17.3,40.3,0.0,9,EGLL
2026-09-06T16:00,25.2,18.0,40.7,0.0,88,EGLL
2026-09-06T17:00,23.1,15.5,42.1,0.0,86,EGLL
2026-09-06T18:00,22.1,13.4,33.8,0.0,5,EGLL
2026-09-06T19:00,21.1,10.8,28.4,0.0,1,EGLL
2026-09-06T20:00,20.5,11.1,21.6,0.0,2,EGLL
2026-09-06T21:00,20.3,10.5,22.3,0.0,59,EGLL
2026-09-06T22:00,19.9,9.5,20.5,0.0,72,EGLL
2026-09-06T23:00,19.5,8.5,18.0,0.0,72,EGLL
2026-09-07T00:00,18.7,8.0,16.2,0.0,65,EGLL
2026-09-07T01:00,18.5,7.3,15.1,0.0,61,EGLL
2026-09-07T02:00,18.2,7.4,13.7,0.0,41,EGLL
2026-09-07T03:00,17.8,7.5,14.0,0.0,49,EGLL
2026-09-07T04:00,17.5,8.4,15.5,0.0,2,EGLL
2026-09-07T05:00,17.0,10.2,19.8,0.0,1,EGLL
2026-09-07T06:00,16.8,8.8,19.4,0.0,13,EGLL
2026-09-07T07:00,18.6,10.3,23.4,0.0,82,EGLL
2026-09-07T08:00,20.1,14.2,30.6,0.0,99,EGLL
2026-09-07T09:00,21.7,14.9,35.6,0.0,98,EGLL
2026-09-07T10:00,22.6,15.7,37.1,0.0,100,EGLL
2026-09-07T11:00,23.0,16.9,38.5,0.0,100,EGLL
2026-09-07T12:00,23.1,16.5,41.4,0.0,100,EGLL
2026-09-07T13:00,22.9,18.0,41.0,0.0,100,EGLL
2026-09-07T14:00,23.6,18.1,41.4,0.0,100,EGLL
2026-09-07T15:00,23.8,16.7,42.5,0.0,100,EGLL
2026-09-07T16:00,23.1,16.5,38.5,0.0,99,EGLL
2026-09-07T17:00,22.3,15.6,36.7,0.0,88,EGLL
2026-09-07T18:00,20.9,13.5,34.9,0.0,98,EGLL
2026-09-07T19:00,19.5,14.6,31.7,0.0,95,EGLL
2026-09-07T20:00,18.7,13.5,31.3,0.0,98,EGLL
2026-09-07T21:00,18.0,11.9,31.3,0.0,100,EGLL
2026-09-07T22:00,17.8,8.9,24.8,0.0,100,EGLL
2026-09-07T23:00,17.7,10.5,22.0,0.0,100,EGLL
2026-09-08T00:00,17.1,9.8,26.6,0.0,100,EGLL
2026-09-08T01:00,16.7,11.2,23.4,0.2,100,EGLL
2026-09-08T02:00,16.3,11.5,24.8,0.0,100,EGLL
2026-09-08T03:00,15.6,12.8,24.8,0.6,100,EGLL
2026-09-08T04:00,15.1,11.4,24.8,1.1,100,EGLL
2026-09-08T05:00,14.9,12.3,23.4,1.4,100,EGLL
2026-09-08T06:00,14.6,11.0,23.4,1.5,100,EGLL
2026-09-08T07:00,14.7,9.4,20.2,2.0,100,EGLL
2026-09-08T08:00,14.8,10.4,19.8,2.1,100,EGLL
2026-09-08T09:00,14.9,8.9,20.2,1.6,100,EGLL
2026-09-08T10:00,15.1,6.0,18.0,1.8,100,EGLL
2026-09-08T11:00,15.2,6.7,16.6,1.8,100,EGLL
2026-09-08T12:00,15.4,8.3,19.1,1.9,100,EGLL
2026-09-08T13:00,14.4,13.4,26.6,1.9,100,EGLL
2026-09-08T14:00,14.3,11.8,25.6,1.1,100,EGLL
2026-09-08T15:00,15.4,8.3,24.1,0.3,2,EGLL
2026-09-08T16:00,17.1,15.6,33.5,0.2,7,EGLL
2026-09-08T17:00,17.4,14.9,38.9,0.0,34,EGLL
2026-09-08T18:00,16.5,15.5,33.5,0.0,9,EGLL
2026-09-08T19:00,15.6,14.3,31.7,0.0,3,EGLL
2026-09-08T20:00,14.9,14.2,29.5,0.0,2,EGLL
2026-09-08T21:00,14.3,14.8,30.2,0.0,2,EGLL
2026-09-08T22:00,13.7,14.4,30.2,0.0,2,EGLL
2026-09-08T23:00,13.3,13.3,29.5,0.0,2,EGLL
2026-09-09T00:00,12.8,13.2,27.0,0.0,0,EGLL
2026-09-09T01:00,12.6,12.5,26.3,0.0,1,EGLL
2026-09-09T02:00,12.3,12.3,25.2,0.0,3,EGLL
2026-09-09T03:00,11.9,12.5,25.2,0.0,1,EGLL
2026-09-09T04:00,11.7,12.8,26.3,0.0,1,EGLL
2026-09-09T05:00,11.5,13.0,27.0,0.0,2,EGLL
2026-09-09T06:00,11.8,13.4,26.6,0.0,5,EGLL
2026-09-09T07:00,12.9,13.5,31.3,0.0,8,EGLL
2026-09-09T08:00,14.2,13.3,29.5,0.0,5,EGLL
2026-09-09T09:00,15.5,16.0,37.4,0.0,50,EGLL
2026-09-09T10:00,16.5,13.5,36.4,0.0,100,EGLL
2026-09-09T11:00,17.2,12.8,31.3,0.0,97,EGLL
2026-09-09T12:00,18.0,13.0,30.2,0.0,88,EGLL
2026-09-09T13:00,18.2,11.5,29.9,0.0,73,EGLL
2026-09-09T14:00,18.6,9.3,27.0,0.0,82,EGLL
2026-09-09T15:00,18.6,9.2,23.0,0.0,96,EGLL
2026-09-09T16:00,18.4,7.8,22.3,0.0,91,EGLL
2026-09-09T17:00,18.0,6.2,18.7,0.0,49,EGLL
2026-09-09T18:00,16.9,3.6,13.7,0.0,16,EGLL
2026-09-09T19:00,15.5,4.3,7.6,0.0,5,EGLL
2026-09-09T20:00,14.9,4.2,7.2,0.0,2,EGLL
2026-09-09T21:00,13.9,5.1,9.4,0.0,2,EGLL
2026-09-09T22:00,13.2,5.2,9.4,0.0,22,EGLL
2026-09-09T23:00,12.9,5.1,11.2,0.0,85,EGLL
2026-09-10T00:00,13.1,2.4,10.1,0.0,82,EGLL
2026-09-10T01:00,12.6,2.6,5.0,0.0,100,EGLL
2026-09-10T02:00,12.8,2.7,5.8,0.0,100,EGLL
2026-09-10T03:00,12.7,3.6,7.2,0.0,96,EGLL
2026-09-10T04:00,11.4,3.3,7.6,0.0,100,EGLL
2026-09-10T05:00,11.4,3.2,6.5,0.0,100,EGLL
2026-09-10T06:00,11.2,3.2,7.6,0.0,98,EGLL
2026-09-10T07:00,12.1,2.2,7.6,0.0,92,EGLL
2026-09-10T08:00,13.8,3.3,11.5,0.0,100,EGLL
2026-09-10T09:00,15.6,5.8,15.8,0.0,100,EGLL
2026-09-10T10:00,16.9,10.4,25.9,0.0,44,EGLL
2026-09-10T11:00,18.0,11.9,29.5,0.0,0,EGLL
2026-09-10T12:00,19.3,15.0,35.3,0.0,100,EGLL
2026-09-10T13:00,18.8,15.7,35.3,0.0,100,EGLL
2026-09-10T14:00,18.8,16.9,37.1,0.0,100,EGLL
2026-09-10T15:00,19.1,16.7,39.6,0.0,95,EGLL
2026-09-10T16:00,18.7,17.2,38.2,0.0,98,EGLL
2026-09-10T17:00,18.1,17.1,37.4,0.0,100,EGLL
2026-09-10T18:00,17.3,15.6,36.0,0.0,100,EGLL
2026-09-10T19:00,16.4,12.4,31.7,0.2,100,EGLL
2026-09-10T20:00,16.2,13.0,27.0,0.1,100,EGLL
2026-09-10T21:00,16.2,15.0,30.2,0.2,99,EGLL
2026-09-10T22:00,16.3,15.6,32.0,0.0,98,EGLL
2026-09-10T23:00,16.3,14.5,32.0,0.5,100,EGLL
2026-09-11T00:00,15.6,12.7,28.4,0.3,99,EGLL
2026-09-11T01:00,15.9,14.3,26.3,0.1,94,EGLL
2026-09-11T02:00,15.8,13.4,27.0,0.0,88,EGLL
2026-09-11T03:00,16.0,11.1,25.2,0.0,100,EGLL
2026-09-11T04:00,15.9,9.9,20.9,0.0,100,EGLL
2026-09-11T05:00,15.9,8.9,18.7,0.0,87,EGLL
2026-09-11T06:00,15.6,9.6,17.6,0.0,99,EGLL
2026-09-11T07:00,15.9,10.2,21.6,0.0,100,EGLL
2026-09-11T08:00,16.8,11.5,25.6,0.0,40,EGLL
2026-09-11T09:00,18.1,10.4,27.0,0.0,27,EGLL
2026-09-11T10:00,19.2,9.3,25.2,0.0,25,EGLL
2026-09-11T11:00,20.0,8.9,24.1,0.0,45,EGLL
2026-09-11T12:00,20.7,9.5,23.8,0.0,60,EGLL
2026-09-11T13:00,20.5,9.9,25.2,0.0,99,EGLL
2026-09-11T14:00,20.5,6.3,24.5,0.0,96,EGLL
2026-09-11T15:00,21.1,7.3,18.7,0.0,50,EGLL
2026-09-11T16:00,20.7,6.7,19.1,0.0,45,EGLL
2026-09-11T17:00,20.4,3.9,16.6,0.0,28,EGLL
2026-09-11T18:00,19.7,0.4,8.6,0.0,12,EGLL
2026-09-11T19:00,18.2,1.3,2.2,0.0,13,EGLL
2026-09-11T20:00,17.2,3.2,4.7,0.0,34,EGLL
2026-09-11T21:00,16.6,4.7,8.6,0.0,97,EGLL
2026-09-11T22:00,16.4,6.6,13.0,0.0,95,EGLL
2026-09-11T23:00,15.6,5.0,13.0,0.0,95,EGLL
2026-09-12T00:00,14.3,7.9,14.0,0.0,18,EGLL
2026-09-12T01:00,13.6,7.9,15.8,0.0,0,EGLL
2026-09-12T02:00,12.9,7.7,15.8,0.0,0,EGLL
2026-09-12T03:00,12.6,8.2,15.8,0.0,0,EGLL
2026-09-12T04:00,12.2,7.9,16.2,0.0,2,EGLL
2026-09-12T05:00,11.8,8.2,15.8,0.0,16,EGLL
2026-09-12T06:00,11.8,9.2,16.6,0.0,67,EGLL
2026-09-12T07:00,13.2,9.4,19.8,0.0,9,EGLL
2026-09-12T08:00,15.0,10.9,24.8,0.0,45,EGLL
2026-09-12T09:00,16.7,14.4,32.4,0.0,79,EGLL
2026-09-12T10:00,17.6,15.5,34.9,0.0,6,EGLL
2026-09-12T11:00,20.0,18.4,42.5,0.0,9,EGLL
2026-09-12T12:00,20.7,19.2,41.4,0.0,100,EGLL
2026-09-12T13:00,22.3,19.8,44.3,0.0,85,EGLL
2026-09-12T14:00,23.2,20.5,46.1,0.0,84,EGLL
2026-09-12T15:00,22.9,19.2,45.0,0.0,74,EGLL
2026-09-12T16:00,22.4,18.4,45.0,0.0,100,EGLL
2026-09-12T17:00,21.5,16.2,43.6,0.0,47,EGLL
2026-09-12T18:00,20.5,13.0,34.2,0.0,9,EGLL
2026-09-12T19:00,19.4,12.7,26.6,0.0,64,EGLL
2026-09-12T20:00,18.8,12.6,26.3,0.0,99,EGLL
2026-09-12T21:00,18.4,12.1,25.9,0.0,100,EGLL
2026-09-12T22:00,18.2,12.3,25.2,0.0,96,EGLL
2026-09-12T23:00,18.1,12.4,25.2,0.0,99,EGLL
2026-09-13T00:00,18.3,13.0,25.9,0.0,97,EGLL
2026-09-13T01:00,17.5,12.2,27.0,1.7,100,EGLL
2026-09-13T02:00,17.6,13.2,23.8,0.4,100,EGLL
2026-09-13T03:00,17.7,12.0,24.5,0.0,100,EGLL
2026-09-13T04:00,17.6,11.8,22.3,0.0,100,EGLL
2026-09-13T05:00,17.8,12.5,24.1,0.0,100,EGLL
2026-09-13T06:00,18.0,10.2,24.1,0.4,100,EGLL
2026-09-13T07:00,18.2,11.3,22.0,0.1,100,EGLL
2026-09-13T08:00,18.7,11.4,23.4,0.1,100,EGLL
2026-09-13T09:00,19.7,11.8,24.5,0.0,100,EGLL
2026-09-13T10:00,21.0,13.5,30.2,0.1,55,EGLL
2026-09-13T11:00,22.3,13.6,31.3,0.1,78,EGLL
2026-09-13T12:00,22.2,13.7,35.3,0.0,68,EGLL
2026-09-13T13:00,22.9,13.8,35.3,0.0,80,EGLL
2026-09-13T14:00,22.3,14.3,31.7,0.0,100,EGLL
2026-09-13T15:00,21.6,12.2,31.3,0.0,100,EGLL
2026-09-13T16:00,21.6,11.9,27.0,0.0,68,EGLL
2026-09-13T17:00,21.5,12.6,30.2,0.1,79,EGLL
2026-09-13T18:00,20.3,7.3,26.3,0.0,100,EGLL
2026-09-13T19:00,20.3,6.3,13.7,0.1,100,EGLL
2026-09-13T20:00,19.9,7.5,14.0,0.1,98,EGLL
2026-09-13T21:00,19.1,8.5,15.8,0.0,91,EGLL
2026-09-13T22:00,18.8,7.8,15.8,0.0,95,EGLL
2026-09-13T23:00,18.5,6.0,14.4,0.0,82,EGLL
2026-09-14T00:00,18.1,4.8,11.2,0.0,76,EGLL
2026-09-14T01:00,17.5,6.6,11.9,0.0,63,EGLL
2026-09-14T02:00,17.4,7.7,14.4,0.0,84,EGLL
2026-09-14T03:00,17.6,7.2,15.1,0.0,85,EGLL
2026-09-14T04:00,17.8,5.0,13.3,0.0,100,EGLL
2026-09-14T05:00,18.0,6.5,12.2,0.0,100,EGLL
2026-09-14T06:00,18.0,7.7,13.7,0.0,100,EGLL
2026-09-14T07:00,18.2,8.3,15.8,0.0,97,EGLL
2026-09-14T08:00,19.5,11.2,24.1,0.0,90,EGLL
2026-09-14T09:00,20.5,12.6,28.8,0.0,100,EGLL
2026-09-14T10:00,20.3,10.1,28.4,0.1,97,EGLL
2026-09-14T11:00,21.6,12.9,29.2,0.0,100,EGLL
2026-09-14T12:00,22.0,14.0,29.9,0.0,97,EGLL
2026-09-14T13:00,22.9,13.8,32.0,0.0,100,EGLL
2026-09-14T14:00,23.0,12.9,31.3,0.1,41,EGLL
2026-09-14T15:00,23.9,13.0,31.0,0.0,35,EGLL
2026-09-14T16:00,23.9,14.1,30.2,0.0,24,EGLL
2026-09-14T17:00,23.1,13.5,31.7,0.0,6,EGLL
2026-09-14T18:00,21.5,12.7,28.4,0.0,2,EGLL
2026-09-14T19:00,20.0,11.5,25.6,0.0,2,EGLL
2026-09-14T20:00,19.0,11.2,23.0,0.0,5,EGLL
2026-09-14T21:00,18.3,11.3,22.7,0.0,46,EGLL
2026-09-14T22:00,18.0,10.6,22.7,0.0,100,EGLL
2026-09-14T23:00,18.2,9.8,21.6,0.0,100,EGLL
2026-09-15T00:00,18.3,10.3,21.6,0.0,100,EGLL
2026-09-15T01:00,18.1,11.6,24.8,0.0,100,EGLL
2026-09-15T02:00,17.8,11.6,25.2,0.0,100,EGLL
2026-09-15T03:00,17.4,12.5,26.3,0.0,100,EGLL
2026-09-15T04:00,17.2,14.8,30.6,0.0,100,EGLL
2026-09-15T05:00,16.8,14.7,32.0,0.0,100,EGLL
2026-09-15T06:00,16.5,15.2,31.0,0.0,99,EGLL
2026-09-15T07:00,16.6,14.7,31.7,0.0,97,EGLL
2026-09-15T08:00,17.8,14.9,33.8,0.0,98,EGLL
2026-09-15T09:00,18.8,16.3,36.0,0.0,100,EGLL
2026-09-15T10:00,19.6,16.2,36.4,0.1,100,EGLL
2026-09-15T11:00,20.2,14.6,35.3,0.0,98,EGLL
2026-09-15T12:00,20.9,13.7,33.8,0.0,100,EGLL
2026-09-15T13:00,21.4,13.9,31.3,0.0,22,EGLL
2026-09-15T14:00,22.1,15.4,34.9,0.0,16,EGLL
2026-09-15T15:00,21.4,17.3,41.8,0.0,18,EGLL
2026-09-15T16:00,20.7,15.7,42.1,0.0,13,EGLL
2026-09-15T17:00,20.0,11.4,34.9,0.0,33,EGLL
2026-09-15T18:00,18.8,15.3,29.2,0.0,41,EGLL
2026-09-15T19:00,17.3,12.2,31.3,0.0,2,EGLL
2026-09-15T20:00,16.2,9.8,24.8,0.0,3,EGLL
2026-09-15T21:00,15.6,11.3,22.7,0.0,5,EGLL
2026-09-15T22:00,15.1,11.7,23.8,0.0,10,EGLL
2026-09-15T23:00,14.6,11.7,23.8,0.0,6,EGLL
2026-09-16T00:00,13.9,12.0,23.8,0.0,15,EGLL
2026-09-16T01:00,13.6,10.7,23.8,0.0,22,EGLL
2026-09-16T02:00,13.3,10.3,21.6,0.0,19,EGLL
2026-09-16T03:00,12.8,10.0,20.5,0.0,6,EGLL
2026-09-16T04:00,12.4,9.6,19.8,0.0,0,EGLL
2026-09-16T05:00,12.0,9.4,19.4,0.0,1,EGLL
2026-09-16T06:00,12.1,9.0,18.7,0.0,2,EGLL
2026-09-16T07:00,13.1,9.5,21.6,0.0,3,EGLL
2026-09-16T08:00,14.5,8.8,21.2,0.0,3,EGLL
2026-09-16T09:00,16.1,13.2,32.4,0.0,36,EGLL
2026-09-16T10:00,16.8,12.4,32.0,0.1,19,EGLL
2026-09-16T11:00,17.8,13.4,32.0,0.1,17,EGLL
2026-09-16T12:00,18.6,13.5,34.6,0.1,31,EGLL
2026-09-16T13:00,19.1,14.7,34.6,0.0,29,EGLL
2026-09-16T14:00,19.2,14.1,34.6,0.0,96,EGLL
2026-09-16T15:00,18.9,13.0,32.4,0.0,34,EGLL
2026-09-16T16:00,19.0,12.5,31.3,0.0,30,EGLL
2026-09-16T17:00,18.5,8.6,30.6,0.0,55,EGLL
2026-09-16T18:00,17.1,6.0,18.0,0.0,80,EGLL
2026-09-16T19:00,16.9,11.0,20.9,0.0,99,EGLL
2026-09-16T20:00,15.9,14.0,28.8,0.0,99,EGLL
2026-09-16T21:00,15.0,14.5,30.6,0.0,100,EGLL
2026-09-16T22:00,14.5,11.1,29.9,0.0,100,EGLL
2026-09-16T23:00,14.3,11.3,24.1,0.0,98,EGLL
2026-09-17T00:00,14.2,12.3,25.9,0.0,95,EGLL
2026-09-17T01:00,13.6,12.9,26.3,0.0,5,EGLL
2026-09-17T02:00,13.2,13.6,27.7,0.0,5,EGLL
2026-09-17T03:00,13.0,13.7,28.1,0.0,98,EGLL
2026-09-17T04:00,13.5,14.3,29.5,0.0,99,EGLL
2026-09-17T05:00,13.8,14.5,29.9,0.0,100,EGLL
2026-09-17T06:00,13.8,16.2,31.7,0.9,100,EGLL
2026-09-17T07:00,14.0,16.1,32.4,0.1,100,EGLL
2026-09-17T08:00,14.9,16.2,32.4,1.1,100,EGLL
2026-09-17T09:00,16.5,17.8,38.5,0.1,50,EGLL
2026-09-17T10:00,18.6,18.5,44.6,0.1,13,EGLL
2026-09-17T11:00,19.3,18.2,41.0,0.2,23,EGLL
2026-09-17T12:00,19.8,17.1,41.4,0.1,11,EGLL
2026-09-17T13:00,20.5,18.2,41.4,0.0,47,EGLL
2026-09-17T14:00,20.6,18.4,41.4,0.0,94,EGLL
2026-09-17T15:00,19.5,19.8,47.9,0.0,71,EGLL
2026-09-17T16:00,19.0,17.8,47.9,0.0,16,EGLL
2026-09-17T17:00,18.3,15.5,42.5,0.0,10,EGLL
2026-09-17T18:00,17.1,14.4,33.1,0.0,19,EGLL
2026-09-17T19:00,16.2,13.0,29.2,0.0,16,EGLL
2026-09-17T20:00,15.4,13.8,28.4,0.0,8,EGLL
2026-09-17T21:00,14.5,12.8,28.4,0.0,1,EGLL
2026-09-17T22:00,13.8,12.4,26.3,0.0,5,EGLL
2026-09-17T23:00,13.2,10.3,25.6,0.0,5,EGLL
